CustomerID,CustomerName,Phone,Email,Address
2,Quý cô Kim Phạm,0346502745,unguyen@example.com,"590 Đường Lê Hồng Phong, Phường 14, Hai Bà Trưng, Hà Nội"
3,Bảo Tấn Phạm,0292159661,john31@example.com,"896 Hẻm Giải Phóng, Phường 5, Thanh Khê, Đà Nẵng"
4,Khoa Lê,0445381348,janemai@example.org,"106 Phố Nguyễn Chí Thanh, Phường 13, Quận 3, TP. Hồ Chí Minh"
5,Linh Bùi,0083017018,uduong@example.org,"153 Ngõ Trần Hưng Đạo, Phường 9, Ngô Quyền, Hải Phòng"
6,Quý cô Chi Phạm,0671504660,vujane@example.net,"925 Hẻm Ngô Quyền, Phường 13, Hải Châu, Đà Nẵng"
7,Vân Đặng,0465992297,kpham@example.org,"627 Đường Lê Duẩn, Phường 8, Thanh Khê, Đà Nẵng"
8,Thành Tấn Hoàng,0382749330,john86@example.org,"434 Ngõ Bà Triệu, Phường 11, Thanh Xuân, Hà Nội"
9,Bác Trung Phạm,0763387525,wbui@example.net,"628 Ngách Láng Hạ, Phường 11, Hải Châu, Đà Nẵng"
11,Quang Hải Phạm,0435294216,john72@example.com,"696 Ngách Cách Mạng Tháng 8, Phường 17, Ngô Quyền, Hải Phòng"
13,Bà Dương Mai,0990082198,tranjohn@example.org,"272 Ngách Láng Hạ, Phường 14, Cầu Giấy, Hà Nội"
14,Chị Hải Dương,0156098542,john77@example.org,"752 Ngõ Lê Duẩn, Phường 9, Quận 1, TP. Hồ Chí Minh"
15,Hoàng Hoàng,0955281265,janenguyen@example.org,"240 Ngách Ngô Quyền, Xã 7, Củ Chi, TP. Hồ Chí Minh"
19,Tùng Hải Lê,0037194759,tranjane@example.org,"35 Phố Ngô Quyền, Phường 13, Bình Thạnh, TP. Hồ Chí Minh"
20,Trung Phú Bùi,0332585248,john38@example.com,"818 Phố Ngô Quyền, Xã 18, Củ Chi, TP. Hồ Chí Minh"
21,Châu Đặng,0558877790,tranjohn@example.org,"732 Đường Bà Triệu, Phường 13, Ngô Quyền, Hải Phòng"
23,Bác Thành Dương,0537358417,zhoang@example.org,"890 Đường Phan Chu Trinh, Phường 4, Quận 7, TP. Hồ Chí Minh"
24,Châu Mai Đặng,0784935064,hoangjohn@example.org,"517 Hẻm Lê Hồng Phong, Phường 12, Tân Bình, TP. Hồ Chí Minh"
30,Thành Trần,0849611545,janetran@example.net,"464 Ngõ Hoàng Diệu, Phường 9, Hải Châu, Đà Nẵng"
31,Bác Thành Nguyễn,0272818871,janemai@example.com,"929 Ngách Giải Phóng, Phường 20, Tân Bình, TP. Hồ Chí Minh"
32,Thảo Vũ,0909777516,vujohn@example.org,"318 Ngõ Nguyễn Chí Thanh, Phường 19, Cầu Giấy, Hà Nội"
33,Quang Trí Bùi,0761059103,john32@example.net,"471 Phố Điện Biên Phủ, Phường 11, Ngô Quyền, Hải Phòng"
34,Phúc Hoàng,0649319146,johnnguyen@example.net,"850 Phố Trường Chinh, Phường 6, Lê Chân, Hải Phòng"
35,Khoa Trần,0581684715,johnduong@example.org,"485 Ngõ Phan Chu Trinh, Phường 14, Ninh Kiều, Cần Thơ"
36,Cô Nhật Trần,0207871253,buijane@example.org,"110 Hẻm Pasteur, Phường 4, Cầu Giấy, Hà Nội"
38,Lan Vũ,0277234288,jane15@example.com,"592 Hẻm Nguyễn Huệ, Phường 3, Quận 3, TP. Hồ Chí Minh"
41,Phương Đức Mai,0561361872,janeduong@example.com,"802 Phố Trường Chinh, Phường 15, Cầu Giấy, Hà Nội"
42,Anh Bảo Nguyễn,0228049240,dangjohn@example.com,"592 Ngách Trần Phú, Phường 7, Hai Bà Trưng, Hà Nội"
43,An Hoàng Phạm,0974701061,jane46@example.com,"186 Ngách Láng Hạ, Phường 11, Hoàn Kiếm, Hà Nội"
44,An Hoàng,0435807564,johnnguyen@example.com,"583 Phố Điện Biên Phủ, Phường 9, Hải Châu, Đà Nẵng"
46,Hương Dương,0527384381,mdang@example.org,"711 Ngách Đinh Tiên Hoàng, Phường 18, Hải Châu, Đà Nẵng"
47,Tú Dương,0500595313,buijohn@example.net,"900 Ngõ Phan Chu Trinh, Phường 10, Quận 7, TP. Hồ Chí Minh"
49,Trọng Hoàng,0366812117,tranjane@example.org,"545 Ngõ Nam Kỳ Khởi Nghĩa, Phường 15, Hai Bà Trưng, Hà Nội"
51,Hải Hải Phạm,0917155442,upham@example.com,"370 Ngách Lê Lợi, Phường 8, Tân Bình, TP. Hồ Chí Minh"
52,Kim Quang Phạm,0788736583,tmai@example.net,"756 Ngách Nam Kỳ Khởi Nghĩa, Phường 1, Bình Thạnh, TP. Hồ Chí Minh"
54,Quý cô Hạnh Phạm,0944137688,nguyenjane@example.org,"276 Đường Võ Thị Sáu, Phường 16, Ngô Quyền, Hải Phòng"
57,Hoàng Hoàng,0764450007,johnbui@example.com,"347 Hẻm Trần Hưng Đạo, Phường 8, Quận 1, TP. Hồ Chí Minh"
58,Nhiên Nguyễn,0566669595,ile@example.com,"791 Ngõ Hoàng Diệu, Phường 16, Thanh Khê, Đà Nẵng"
60,Cô Linh Hoàng,0448410542,johnmai@example.net,"797 Hẻm Kim Mã, Phường 19, Tân Bình, TP. Hồ Chí Minh"
61,Chị Linh Phạm,0330722626,john33@example.org,"380 Đường Trường Chinh, Phường 18, Ngô Quyền, Hải Phòng"
62,Thành Mai,0578134778,johntran@example.com,"351 Phố Nguyễn Huệ, Phường 12, Hải Châu, Đà Nẵng"
64,Khoa Đức Vũ,0068362877,tranjane@example.org,"645 Hẻm Pasteur, Phường 3, Ngô Quyền, Hải Phòng"
71,Tú Hữu Nguyễn,0563638864,john01@example.net,"526 Phố Láng Hạ, Phường 16, Lê Chân, Hải Phòng"
72,Hạnh Đặng,0007747854,john39@example.org,"914 Phố Lê Hồng Phong, Phường 1, Lê Chân, Hải Phòng"
73,Nhật Quang Nguyễn,0969288540,hoangjohn@example.net,"791 Ngõ Giải Phóng, Phường 3, Hoàn Kiếm, Hà Nội"
77,Nam Lê,0704171558,jane45@example.net,"129 Ngõ Hai Bà Trưng, Phường 3, Bình Thạnh, TP. Hồ Chí Minh"
78,Nhật Mai Bảo Phạm,0114718618,mdang@example.org,"935 Hẻm Hùng Vương, Phường 5, Thanh Xuân, Hà Nội"
80,Chị Yến Đặng,0349893639,john86@example.net,"222 Ngõ Nguyễn Trãi, Phường 2, Quận 3, TP. Hồ Chí Minh"
81,Kim Hoàng,0339764780,otran@example.com,"388 Hẻm Trần Hưng Đạo, Phường 11, Quận 3, TP. Hồ Chí Minh"
82,Bác Quang Đặng,0798561349,jane24@example.com,"443 Ngõ Nguyễn Trãi, Phường 5, Ninh Kiều, Cần Thơ"
83,Châu Mai Dương,0023535622,ivu@example.net,"222 Phố Giải Phóng, Phường 13, Ngô Quyền, Hải Phòng"
86,Bác Quang Bùi,0338643305,john12@example.com,"985 Ngách Láng Hạ, Phường 11, Ngô Quyền, Hải Phòng"
87,Anh Hoàng Hoàng,0928971192,lhoang@example.com,"384 Ngõ Lê Duẩn, Xã 13, Củ Chi, TP. Hồ Chí Minh"
89,Nhật Hải Trần,0394859596,nguyenjohn@example.com,"964 Ngõ Hai Bà Trưng, Phường 12, Ninh Kiều, Cần Thơ"
92,Bảo Hoàng Bùi,0334871653,lduong@example.net,"167 Hẻm Nguyễn Huệ, Phường 3, Quận 3, TP. Hồ Chí Minh"
94,Kim Lê,0155113409,pnguyen@example.com,"473 Đường Võ Thị Sáu, Phường 3, Lê Chân, Hải Phòng"
95,Nhật Vũ,0076884484,janebui@example.org,"94 Hẻm Nguyễn Chí Thanh, Xã 17, Hóc Môn, TP. Hồ Chí Minh"
96,Bà Bảo Bùi,0547122753,john00@example.org,"839 Ngõ Lý Thường Kiệt, Phường 15, Hoàn Kiếm, Hà Nội"
97,Hương Lê,0488914720,johnmai@example.net,"344 Ngõ Nguyễn Trãi, Phường 5, Ngô Quyền, Hải Phòng"
98,Cô Nhật Nguyễn,0548719299,uhoang@example.org,"733 Phố Pasteur, Phường 6, Cầu Giấy, Hà Nội"
100,Nhiên Phạm,0983240940,vujohn@example.com,"937 Ngách Hai Bà Trưng, Phường 11, Hải Châu, Đà Nẵng"
102,Hưng Nguyễn,0210900254,john97@example.com,"10 Ngách Trần Hưng Đạo, Phường 8, Quận 3, TP. Hồ Chí Minh"
104,Tùng Dương,0886032735,phamjohn@example.com,"914 Ngõ Hoàng Diệu, Phường 16, Ngô Quyền, Hải Phòng"
106,Nhật Nguyễn,0859256518,john39@example.net,"522 Hẻm Nguyễn Chí Thanh, Phường 5, Hoàn Kiếm, Hà Nội"
109,An Hữu Đặng,0243557544,lejohn@example.net,"246 Ngõ Hai Bà Trưng, Phường 19, Ninh Kiều, Cần Thơ"
110,Dũng Đức Bùi,0957450936,duongjohn@example.com,"383 Ngõ Lê Hồng Phong, Phường 1, Hai Bà Trưng, Hà Nội"
111,Duyên Bùi,0326698565,lejohn@example.net,"974 Ngách Nguyễn Chí Thanh, Phường 1, Quận 3, TP. Hồ Chí Minh"
112,Nhật Trần,0114623236,maijane@example.net,"655 Ngách Pasteur, Phường 15, Tân Bình, TP. Hồ Chí Minh"
113,Chị Hà Đặng,0515268478,janedang@example.org,"316 Đường Điện Biên Phủ, Phường 2, Thanh Xuân, Hà Nội"
116,Anh Bảo Bùi,0218877100,johnnguyen@example.net,"119 Đường Trường Chinh, Phường 4, Lê Chân, Hải Phòng"
117,Bác Phúc Mai,0817225279,jane31@example.org,"472 Đường Võ Thị Sáu, Phường 11, Ninh Kiều, Cần Thơ"
118,Tùng Mai Mai,0788922472,jane86@example.net,"386 Đường Hùng Vương, Phường 1, Hải Châu, Đà Nẵng"
119,Thành Bảo Trần,0599338603,john68@example.org,"317 Hẻm Nam Kỳ Khởi Nghĩa, Phường 8, Quận 7, TP. Hồ Chí Minh"
124,Huy Bảo Mai,0276481477,john43@example.net,"674 Đường Giải Phóng, Xã 4, Hóc Môn, TP. Hồ Chí Minh"
125,Chị Linh Đặng,0599442668,john53@example.com,"488 Phố Cách Mạng Tháng 8, Phường 3, Đống Đa, Hà Nội"
126,Quý cô Khoa Vũ,0836034021,duongjohn@example.org,"567 Ngõ Pasteur, Phường 12, Hai Bà Trưng, Hà Nội"
127,Mai Bùi,0805955128,jane34@example.org,"932 Ngách Ngô Quyền, Phường 7, Hai Bà Trưng, Hà Nội"
128,Cô Yến Bùi,0225460580,abui@example.net,"998 Ngách Nguyễn Huệ, Phường 16, Hải Châu, Đà Nẵng"
129,Trọng Đức Bùi,0380025764,jane39@example.org,"523 Đường Hoàng Diệu, Phường 1, Bình Thạnh, TP. Hồ Chí Minh"
130,Anh Tấn Bùi,0808112216,maijohn@example.org,"555 Hẻm Đinh Tiên Hoàng, Xã 17, Hóc Môn, TP. Hồ Chí Minh"
131,Chị Lan Dương,0965890355,jane75@example.org,"381 Ngõ Trần Phú, Phường 15, Quận 7, TP. Hồ Chí Minh"
132,Tú Đặng,0801924494,tranjane@example.com,"143 Đường Pasteur, Phường 17, Đống Đa, Hà Nội"
133,Thành Dương,0756242821,john07@example.com,"919 Đường Trường Chinh, Xã 18, Hóc Môn, TP. Hồ Chí Minh"
135,Hạnh Lê,0924275158,duongjane@example.net,"158 Phố Đinh Tiên Hoàng, Phường 4, Đống Đa, Hà Nội"
136,Bà Linh Mai,0132826929,rvu@example.com,"111 Đường Pasteur, Phường 8, Bình Thạnh, TP. Hồ Chí Minh"
137,Quý cô Linh Lê,0287878228,john30@example.net,"283 Hẻm Pasteur, Xã 14, Hóc Môn, TP. Hồ Chí Minh"
138,Dương Hoàng,0062993123,jane33@example.com,"196 Phố Nguyễn Trãi, Phường 2, Đống Đa, Hà Nội"
139,Cô Hạnh Hoàng,0634761207,tpham@example.net,"878 Hẻm Phan Chu Trinh, Phường 19, Đống Đa, Hà Nội"
142,Chị Khoa Nguyễn,0978059866,john86@example.com,"530 Hẻm Nguyễn Huệ, Phường 13, Thanh Khê, Đà Nẵng"
147,Hà Hải Dương,0067537686,john38@example.com,"85 Ngách Láng Hạ, Phường 10, Hoàn Kiếm, Hà Nội"
149,Tùng Mai,0235781045,phamjohn@example.com,"754 Phố Giải Phóng, Phường 9, Hải Châu, Đà Nẵng"
152,Lâm Thế Hoàng,0304392067,janepham@example.org,"313 Phố Hoàng Diệu, Phường 8, Quận 3, TP. Hồ Chí Minh"
153,Bảo Hoàng,0644024158,jane06@example.org,"495 Ngách Ngô Quyền, Phường 16, Hải Châu, Đà Nẵng"
156,Bảo Văn Bùi,0147678265,svu@example.com,"419 Hẻm Lê Lợi, Xã 15, Củ Chi, TP. Hồ Chí Minh"
157,Vũ Hoàng,0900447536,john86@example.org,"229 Phố Trường Chinh, Phường 2, Lê Chân, Hải Phòng"
158,Cô Linh Bùi,0726398258,vujohn@example.net,"474 Ngách Trần Phú, Phường 11, Đống Đa, Hà Nội"
161,Bảo Dương,0488066724,buijohn@example.com,"652 Ngách Trần Phú, Phường 18, Bình Thạnh, TP. Hồ Chí Minh"
162,Dũng Mai,0531229720,dangjane@example.com,"548 Hẻm Nam Kỳ Khởi Nghĩa, Phường 15, Bình Thạnh, TP. Hồ Chí Minh"
165,Phúc Đặng,0716791826,kbui@example.org,"169 Phố Nguyễn Trãi, Phường 15, Hải Châu, Đà Nẵng"
166,Khoa Phú Hoàng,0556530277,jane21@example.com,"313 Phố Nguyễn Trãi, Phường 10, Hoàn Kiếm, Hà Nội"
167,Hải Đặng,0315013455,john25@example.com,"770 Ngách Trần Phú, Phường 14, Quận 3, TP. Hồ Chí Minh"
168,Bác Hưng Lê,0464332823,jane05@example.net,"985 Đường Pasteur, Phường 14, Đống Đa, Hà Nội"
169,Cô An Vũ,0261562086,janehoang@example.net,"226 Đường Trường Chinh, Phường 10, Hoàn Kiếm, Hà Nội"
170,Quý cô Vân Phạm,0113272352,johnpham@example.net,"225 Phố Pasteur, Phường 4, Bình Thạnh, TP. Hồ Chí Minh"
171,Thảo Hoàng,0274981847,dbui@example.net,"410 Hẻm Cách Mạng Tháng 8, Phường 17, Hai Bà Trưng, Hà Nội"
172,Trung Bảo Vũ,0680147170,johnmai@example.net,"417 Phố Lê Duẩn, Phường 2, Hai Bà Trưng, Hà Nội"
173,Quý ông Vũ Lê,0801879930,jane29@example.net,"106 Đường Cách Mạng Tháng 8, Phường 13, Thanh Khê, Đà Nẵng"
174,Trung Hữu Bùi,0610757601,johnvu@example.org,"427 Đường Nguyễn Huệ, Phường 19, Thanh Khê, Đà Nẵng"
175,Anh Phúc Lê,0371776242,hpham@example.com,"26 Phố Nam Kỳ Khởi Nghĩa, Xã 19, Củ Chi, TP. Hồ Chí Minh"
177,Châu Bùi,0095790510,tmai@example.org,"319 Ngõ Phan Chu Trinh, Phường 7, Ninh Kiều, Cần Thơ"
179,Chị Nhật Lê,0981837051,jane28@example.com,"940 Phố Phan Chu Trinh, Xã 1, Hóc Môn, TP. Hồ Chí Minh"
182,Chi Vũ,0755297238,johnhoang@example.com,"739 Hẻm Cách Mạng Tháng 8, Phường 5, Tân Bình, TP. Hồ Chí Minh"
184,Linh Vũ,0079974008,john41@example.com,"946 Ngách Trần Hưng Đạo, Xã 17, Hóc Môn, TP. Hồ Chí Minh"
186,Quý ông Anh Nguyễn,0873820629,john42@example.net,"907 Hẻm Hùng Vương, Xã 17, Hóc Môn, TP. Hồ Chí Minh"
187,Minh Bùi,0486694515,johnvu@example.net,"738 Ngõ Đinh Tiên Hoàng, Xã 7, Hóc Môn, TP. Hồ Chí Minh"
188,Hạnh Hữu Mai,0474062495,jane22@example.com,"274 Hẻm Trần Phú, Phường 13, Cầu Giấy, Hà Nội"
191,Hải Hữu Phạm,0919541562,lejane@example.net,"737 Đường Láng Hạ, Phường 20, Cầu Giấy, Hà Nội"
193,Nhật Phạm,0556564963,john09@example.com,"913 Ngách Hoàng Diệu, Phường 7, Hoàn Kiếm, Hà Nội"
194,An Văn Hoàng,0989592825,nguyenjane@example.net,"3 Phố Phan Chu Trinh, Phường 15, Thanh Khê, Đà Nẵng"
198,Hà Hoàng Mai,0154346584,dpham@example.com,"740 Ngõ Võ Thị Sáu, Xã 11, Củ Chi, TP. Hồ Chí Minh"
200,Vi Hoàng,0059763318,janebui@example.net,"840 Hẻm Nguyễn Huệ, Xã 9, Củ Chi, TP. Hồ Chí Minh"
204,Huy Bùi,0414094935,cnguyen@example.com,"278 Ngách Cách Mạng Tháng 8, Phường 4, Lê Chân, Hải Phòng"
206,Quang Bùi,0396020966,umai@example.net,"308 Ngách Lê Duẩn, Phường 13, Hải Châu, Đà Nẵng"
208,Ngọc Bùi,0801158638,john08@example.com,"534 Ngõ Phan Chu Trinh, Xã 15, Hóc Môn, TP. Hồ Chí Minh"
209,Hải Phú Hoàng,0784523750,john83@example.net,"564 Đường Nam Kỳ Khởi Nghĩa, Xã 2, Hóc Môn, TP. Hồ Chí Minh"
210,Trung Nguyễn,0498735181,ymai@example.org,"960 Ngõ Lý Thường Kiệt, Phường 7, Thanh Xuân, Hà Nội"
211,Quý cô Dương Vũ,0145746699,hoangjane@example.org,"897 Ngách Hai Bà Trưng, Phường 20, Hai Bà Trưng, Hà Nội"
212,An Hải Mai,0322487164,jane89@example.com,"177 Ngách Trần Phú, Phường 9, Hoàn Kiếm, Hà Nội"
217,Châu Lê,0441082930,johndang@example.com,"417 Ngõ Lê Lợi, Phường 2, Quận 3, TP. Hồ Chí Minh"
218,Yến Vũ,0512814004,nguyenjohn@example.org,"112 Ngách Nguyễn Huệ, Phường 3, Cầu Giấy, Hà Nội"
220,Cô Khoa Nguyễn,0313206611,jane26@example.org,"775 Hẻm Hai Bà Trưng, Phường 19, Ngô Quyền, Hải Phòng"
222,Bác Hưng Nguyễn,0214107452,janehoang@example.com,"695 Phố Nam Kỳ Khởi Nghĩa, Phường 3, Ngô Quyền, Hải Phòng"
223,Lâm Trần,0491024245,johnhoang@example.org,"250 Ngách Trần Phú, Phường 10, Hải Châu, Đà Nẵng"
227,Thành Thị Bùi,0966391471,john33@example.org,"196 Ngách Nguyễn Huệ, Phường 17, Đống Đa, Hà Nội"
228,Anh Hải Nguyễn,0336070844,dangjohn@example.org,"636 Hẻm Nguyễn Trãi, Phường 10, Hoàn Kiếm, Hà Nội"
230,Cô Hà Đặng,0580402913,johnbui@example.net,"484 Hẻm Đinh Tiên Hoàng, Phường 20, Ninh Kiều, Cần Thơ"
231,Hạnh Phạm,0859538637,phamjane@example.net,"414 Hẻm Lê Lợi, Phường 18, Thanh Khê, Đà Nẵng"
232,Phương Dương,0162559187,janenguyen@example.org,"554 Hẻm Hai Bà Trưng, Phường 5, Lê Chân, Hải Phòng"
233,Lâm Trần,0895076988,tranjohn@example.net,"671 Phố Lý Thường Kiệt, Phường 2, Lê Chân, Hải Phòng"
234,Chị Xuân Đặng,0651095595,udang@example.com,"704 Ngõ Nguyễn Huệ, Phường 4, Đống Đa, Hà Nội"
238,Trọng Văn Nguyễn,0374542113,jane94@example.org,"979 Ngách Trường Chinh, Phường 13, Thanh Xuân, Hà Nội"
239,Quý ông Quang Lê,0411974925,john64@example.net,"576 Đường Trần Hưng Đạo, Phường 3, Hai Bà Trưng, Hà Nội"
240,Phúc Trí Dương,0960835920,xhoang@example.com,"394 Ngõ Trần Hưng Đạo, Phường 12, Ngô Quyền, Hải Phòng"
241,Vân Vũ,0009539152,johnhoang@example.org,"13 Phố Lê Lợi, Phường 3, Quận 1, TP. Hồ Chí Minh"
243,Bà Vân Phạm,0362671965,john71@example.com,"514 Ngách Phan Chu Trinh, Phường 15, Lê Chân, Hải Phòng"
244,Hương Bùi,0625509239,jduong@example.org,"862 Ngõ Lê Lợi, Phường 14, Cầu Giấy, Hà Nội"
245,An Xuân Lê,0508741517,xhoang@example.org,"365 Hẻm Lý Thường Kiệt, Phường 16, Thanh Xuân, Hà Nội"
247,Nhật Phạm,0098878546,jane11@example.org,"440 Ngõ Hoàng Diệu, Xã 17, Củ Chi, TP. Hồ Chí Minh"
248,Bảo Mai Bùi,0700874105,wpham@example.org,"242 Hẻm Lê Hồng Phong, Phường 1, Đống Đa, Hà Nội"
249,Bà Yến Trần,0843806379,janele@example.com,"758 Đường Phan Chu Trinh, Phường 17, Hoàn Kiếm, Hà Nội"
250,Quý ông Nam Nguyễn,0998655490,dangjohn@example.net,"114 Đường Ngô Quyền, Phường 3, Bình Thạnh, TP. Hồ Chí Minh"
251,Bà An Phạm,0743750730,rnguyen@example.net,"469 Ngõ Trường Chinh, Phường 6, Thanh Khê, Đà Nẵng"
253,Bác Hưng Hoàng,0428396445,johnmai@example.com,"848 Hẻm Cách Mạng Tháng 8, Xã 16, Hóc Môn, TP. Hồ Chí Minh"
255,Minh Đức Trần,0248103710,gnguyen@example.org,"119 Ngách Nguyễn Trãi, Phường 2, Bình Thạnh, TP. Hồ Chí Minh"
256,Lâm Hoàng Bùi,0483701432,tranjane@example.org,"229 Ngách Nguyễn Trãi, Phường 1, Bình Thạnh, TP. Hồ Chí Minh"
261,Chị Thảo Đặng,0043010041,hoangjane@example.com,"192 Phố Võ Thị Sáu, Xã 16, Củ Chi, TP. Hồ Chí Minh"
264,Nhật Đức Mai,0366566306,johntran@example.com,"508 Phố Trần Hưng Đạo, Phường 13, Ninh Kiều, Cần Thơ"
266,Cô Ánh Trần,0897725386,dangjane@example.com,"564 Ngách Giải Phóng, Phường 3, Hai Bà Trưng, Hà Nội"
268,Khoa Bùi,0215592883,jane60@example.net,"158 Phố Trần Phú, Phường 12, Đống Đa, Hà Nội"
269,Quang Quang Lê,0104747992,duongjane@example.org,"577 Hẻm Ngô Quyền, Phường 19, Ngô Quyền, Hải Phòng"
271,Hạnh Phú Vũ,0333279043,idang@example.net,"275 Hẻm Kim Mã, Phường 17, Thanh Khê, Đà Nẵng"
275,Bác Minh Nguyễn,0029694696,jane48@example.org,"157 Phố Hai Bà Trưng, Phường 13, Hải Châu, Đà Nẵng"
276,Thành Hữu Đặng,0928359360,xhoang@example.com,"461 Hẻm Nguyễn Trãi, Phường 2, Quận 7, TP. Hồ Chí Minh"
277,Dũng Vũ,0641477338,phamjohn@example.com,"421 Ngõ Pasteur, Phường 1, Quận 1, TP. Hồ Chí Minh"
279,Kim Phú Bùi,0652353175,janebui@example.org,"368 Phố Hai Bà Trưng, Phường 7, Bình Thạnh, TP. Hồ Chí Minh"
280,Quý cô Ánh Hoàng,0456180445,john36@example.org,"411 Ngách Lê Duẩn, Xã 19, Củ Chi, TP. Hồ Chí Minh"
282,Quý cô Chi Dương,0179221215,johnpham@example.com,"198 Ngách Hai Bà Trưng, Phường 12, Hai Bà Trưng, Hà Nội"
283,Quý ông Quang Trần,0726000064,hmai@example.net,"9 Hẻm Ngô Quyền, Phường 10, Tân Bình, TP. Hồ Chí Minh"
286,Bác Tùng Nguyễn,0472261155,janetran@example.org,"502 Đường Kim Mã, Phường 15, Đống Đa, Hà Nội"
287,Quý cô Khoa Bùi,0956965340,janele@example.net,"560 Đường Lê Lợi, Phường 15, Thanh Xuân, Hà Nội"
288,Hải Đức Phạm,0742776403,hoangjohn@example.net,"568 Hẻm Nam Kỳ Khởi Nghĩa, Phường 8, Tân Bình, TP. Hồ Chí Minh"
293,Lâm Nguyễn,0970821443,hoangjane@example.org,"105 Phố Pasteur, Phường 10, Thanh Khê, Đà Nẵng"
294,Thành Thị Bùi,0994934393,dangjane@example.org,"686 Ngách Phan Chu Trinh, Phường 20, Quận 7, TP. Hồ Chí Minh"
296,Trọng Văn Hoàng,0607535507,jane87@example.com,"220 Đường Lý Thường Kiệt, Phường 8, Tân Bình, TP. Hồ Chí Minh"
298,Hưng Vũ,0609687589,john24@example.org,"871 Ngõ Lý Thường Kiệt, Xã 12, Củ Chi, TP. Hồ Chí Minh"
302,Tú Mai,0482159250,vujane@example.net,"999 Ngõ Nguyễn Chí Thanh, Phường 8, Ninh Kiều, Cần Thơ"
303,Khoa Phú Hoàng,0285414979,jane18@example.org,"799 Đường Lê Duẩn, Phường 3, Thanh Xuân, Hà Nội"
305,Hải Văn Bùi,0529376638,john58@example.com,"782 Ngách Trần Hưng Đạo, Phường 8, Đống Đa, Hà Nội"
307,Chi Đặng,0362692238,jane06@example.net,"323 Đường Đinh Tiên Hoàng, Phường 20, Thanh Khê, Đà Nẵng"
308,Nhật Văn Hoàng,0971707857,johnnguyen@example.com,"962 Ngách Cách Mạng Tháng 8, Phường 16, Hoàn Kiếm, Hà Nội"
309,Cô Hạnh Nguyễn,0074274783,maijane@example.com,"184 Phố Hoàng Diệu, Phường 10, Thanh Khê, Đà Nẵng"
310,Nhật Hoàng,0630394973,vmai@example.net,"661 Phố Lê Duẩn, Xã 4, Củ Chi, TP. Hồ Chí Minh"
317,Ông Quang Hoàng,0174227481,tle@example.net,"696 Ngõ Lê Duẩn, Phường 1, Tân Bình, TP. Hồ Chí Minh"
318,Lâm Mai Bảo Đặng,0939478830,tduong@example.net,"447 Đường Nguyễn Trãi, Phường 11, Hải Châu, Đà Nẵng"
320,Hương Dương,0382407395,knguyen@example.org,"280 Ngách Cách Mạng Tháng 8, Phường 20, Hoàn Kiếm, Hà Nội"
322,Cô Mai Mai,0973725173,buijane@example.net,"88 Ngõ Đinh Tiên Hoàng, Phường 17, Ngô Quyền, Hải Phòng"
323,Thành Bảo Bùi,0871651532,johnnguyen@example.org,"302 Ngõ Láng Hạ, Phường 3, Lê Chân, Hải Phòng"
324,Khoa Nguyễn,0006301381,zle@example.org,"328 Ngõ Trường Chinh, Phường 2, Bình Thạnh, TP. Hồ Chí Minh"
325,Phúc Vũ,0349061831,kduong@example.com,"11 Phố Nguyễn Huệ, Phường 11, Thanh Xuân, Hà Nội"
327,Hạnh Thị Nguyễn,0497475797,jane82@example.net,"572 Ngách Bà Triệu, Xã 1, Củ Chi, TP. Hồ Chí Minh"
328,Hoàng Nguyễn,0782438943,lejohn@example.com,"769 Ngách Cách Mạng Tháng 8, Phường 1, Quận 7, TP. Hồ Chí Minh"
329,Khoa Thế Dương,0653416126,john49@example.com,"99 Hẻm Bà Triệu, Phường 11, Ninh Kiều, Cần Thơ"
330,Lâm Xuân Trần,0515832066,john85@example.com,"24 Đường Cách Mạng Tháng 8, Phường 16, Thanh Khê, Đà Nẵng"
334,Quý cô Linh Trần,0503675200,john38@example.net,"476 Hẻm Bà Triệu, Phường 4, Lê Chân, Hải Phòng"
335,Quý cô Dương Phạm,0778145704,fvu@example.com,"908 Phố Kim Mã, Phường 4, Thanh Xuân, Hà Nội"
339,Cô Hà Đặng,0257619125,janenguyen@example.org,"543 Phố Lê Duẩn, Phường 1, Thanh Xuân, Hà Nội"
341,Bác Dũng Bùi,0088198857,uvu@example.com,"678 Hẻm Hoàng Diệu, Phường 1, Tân Bình, TP. Hồ Chí Minh"
344,Kim Đức Hoàng,0711967570,john65@example.com,"833 Phố Kim Mã, Xã 16, Hóc Môn, TP. Hồ Chí Minh"
345,Bác Trung Mai,0012246374,maijohn@example.org,"186 Ngõ Điện Biên Phủ, Phường 16, Bình Thạnh, TP. Hồ Chí Minh"
346,Phương Hoàng,0864380797,johnbui@example.com,"652 Đường Giải Phóng, Phường 1, Hoàn Kiếm, Hà Nội"
348,Bà Hà Nguyễn,0716105856,yduong@example.org,"229 Ngách Láng Hạ, Phường 1, Tân Bình, TP. Hồ Chí Minh"
349,Phúc Lê,0410583594,buijane@example.com,"120 Hẻm Pasteur, Phường 5, Quận 7, TP. Hồ Chí Minh"
352,Nhật Đặng,0233985973,tranjane@example.com,"113 Hẻm Nguyễn Huệ, Phường 5, Quận 3, TP. Hồ Chí Minh"
354,Phương Hoàng,0516763195,johnnguyen@example.org,"688 Phố Bà Triệu, Phường 9, Quận 3, TP. Hồ Chí Minh"
355,Cô Bảo Đặng,0328558447,maijane@example.org,"982 Hẻm Pasteur, Phường 8, Bình Thạnh, TP. Hồ Chí Minh"
356,Thảo Bùi,0537014998,lejohn@example.org,"665 Đường Đinh Tiên Hoàng, Phường 14, Hoàn Kiếm, Hà Nội"
360,Chị Nhật Bùi,0334612580,buijohn@example.net,"328 Phố Nguyễn Trãi, Phường 11, Thanh Khê, Đà Nẵng"
362,Cô Ánh Lê,0601673751,johnhoang@example.org,"801 Hẻm Nam Kỳ Khởi Nghĩa, Phường 13, Thanh Xuân, Hà Nội"
363,Bác Trung Hoàng,0722776019,phamjane@example.net,"207 Phố Hoàng Diệu, Phường 14, Hải Châu, Đà Nẵng"
364,Bà Duyên Trần,0065874787,johnhoang@example.net,"665 Phố Hùng Vương, Xã 16, Củ Chi, TP. Hồ Chí Minh"
368,Thảo Trần,0413803699,phamjane@example.net,"31 Đường Lê Duẩn, Phường 19, Cầu Giấy, Hà Nội"
369,Trung Đức Đặng,0569464930,bdang@example.org,"582 Ngách Nguyễn Trãi, Phường 20, Quận 7, TP. Hồ Chí Minh"
370,Chị Thành Nguyễn,0468390346,jane17@example.com,"728 Hẻm Giải Phóng, Phường 16, Hải Châu, Đà Nẵng"
371,Lâm Thị Vũ,0020104929,janebui@example.com,"975 Phố Nam Kỳ Khởi Nghĩa, Phường 17, Lê Chân, Hải Phòng"
372,Hải Vũ,0634974865,lejohn@example.com,"763 Phố Cách Mạng Tháng 8, Phường 14, Thanh Xuân, Hà Nội"
373,Quý cô An Hoàng,0645586701,john38@example.org,"429 Đường Hoàng Diệu, Xã 7, Củ Chi, TP. Hồ Chí Minh"
375,Quý cô Kim Dương,0413186004,johnbui@example.org,"946 Hẻm Nguyễn Huệ, Phường 9, Ninh Kiều, Cần Thơ"
376,Xuân Phạm,0141015946,john57@example.org,"551 Ngách Hùng Vương, Phường 2, Bình Thạnh, TP. Hồ Chí Minh"
377,Bà Ánh Nguyễn,0651466386,janemai@example.com,"650 Phố Trần Phú, Phường 9, Hai Bà Trưng, Hà Nội"
379,Cô Lâm Dương,0662352022,wbui@example.org,"191 Hẻm Điện Biên Phủ, Phường 14, Lê Chân, Hải Phòng"
381,Hà Đức Bùi,0187524513,johnbui@example.net,"125 Đường Lê Duẩn, Phường 6, Quận 3, TP. Hồ Chí Minh"
383,Ngọc Mai,0900510004,sle@example.net,"635 Ngách Pasteur, Phường 20, Tân Bình, TP. Hồ Chí Minh"
385,Hà Mai,0600667162,jane90@example.com,"394 Đường Võ Thị Sáu, Phường 15, Hải Châu, Đà Nẵng"
386,Quý ông Tú Phạm,0731876534,jane01@example.com,"768 Ngõ Giải Phóng, Phường 10, Quận 1, TP. Hồ Chí Minh"
387,Anh Mai,0841299586,jane13@example.net,"434 Phố Giải Phóng, Phường 20, Thanh Xuân, Hà Nội"
388,Kim Mai Đặng,0968964996,john27@example.com,"682 Hẻm Trần Phú, Phường 4, Quận 3, TP. Hồ Chí Minh"
389,Ông Dũng Trần,0083374367,tranjane@example.org,"833 Phố Trần Hưng Đạo, Phường 11, Quận 1, TP. Hồ Chí Minh"
390,Khoa Hoàng,0079810416,ghoang@example.org,"425 Phố Đinh Tiên Hoàng, Phường 5, Thanh Khê, Đà Nẵng"
392,Hải Hải Vũ,0081546709,tranjohn@example.com,"621 Phố Võ Thị Sáu, Phường 6, Thanh Xuân, Hà Nội"
393,Nhật Nguyễn,0040845506,janenguyen@example.org,"778 Ngách Kim Mã, Phường 14, Thanh Khê, Đà Nẵng"
394,Ông Tú Lê,0886931989,janedang@example.org,"675 Hẻm Giải Phóng, Phường 1, Hai Bà Trưng, Hà Nội"
395,Yến Phạm,0889020684,johnpham@example.net,"564 Phố Giải Phóng, Phường 12, Quận 7, TP. Hồ Chí Minh"
396,Phúc Đức Trần,0132113374,jane81@example.org,"549 Đường Lê Duẩn, Phường 15, Hoàn Kiếm, Hà Nội"
397,Thành Mai Hoàng,0545669941,janepham@example.org,"169 Ngách Nguyễn Trãi, Phường 18, Lê Chân, Hải Phòng"
398,Ông Quang Vũ,0180095373,vujane@example.org,"389 Ngách Nam Kỳ Khởi Nghĩa, Xã 12, Củ Chi, TP. Hồ Chí Minh"
399,Phúc Phạm,0637508900,bnguyen@example.org,"364 Hẻm Bà Triệu, Phường 3, Quận 7, TP. Hồ Chí Minh"
400,Bác Trung Bùi,0886131019,janetran@example.net,"229 Đường Kim Mã, Phường 13, Quận 1, TP. Hồ Chí Minh"
401,Quý cô Lan Phạm,0645371442,janevu@example.net,"115 Hẻm Hai Bà Trưng, Xã 16, Hóc Môn, TP. Hồ Chí Minh"
404,Ngọc Mai,0647006291,jane24@example.net,"114 Ngõ Nguyễn Chí Thanh, Xã 6, Củ Chi, TP. Hồ Chí Minh"
406,Quý cô Thảo Nguyễn,0117644710,jane65@example.com,"910 Ngách Trần Hưng Đạo, Phường 11, Cầu Giấy, Hà Nội"
409,Cô Hương Nguyễn,0966843643,john20@example.net,"954 Ngõ Hai Bà Trưng, Phường 18, Tân Bình, TP. Hồ Chí Minh"
410,Quý cô Thành Bùi,0369352588,john64@example.com,"996 Ngõ Bà Triệu, Phường 15, Tân Bình, TP. Hồ Chí Minh"
412,Cô Lâm Vũ,0616078639,john31@example.org,"199 Đường Lê Duẩn, Phường 11, Quận 7, TP. Hồ Chí Minh"
413,Hưng Bảo Lê,0467382193,janetran@example.net,"704 Đường Láng Hạ, Phường 15, Hai Bà Trưng, Hà Nội"
421,Khoa Phạm,0596807491,janemai@example.org,"795 Hẻm Hoàng Diệu, Phường 3, Tân Bình, TP. Hồ Chí Minh"
422,Ông Nam Mai,0921317899,pduong@example.net,"120 Hẻm Láng Hạ, Xã 16, Củ Chi, TP. Hồ Chí Minh"
423,Chị Nhật Trần,0732390066,hoangjohn@example.org,"118 Hẻm Bà Triệu, Phường 10, Lê Chân, Hải Phòng"
424,Nhiên Xuân Đặng,0281400457,johnduong@example.org,"598 Đường Lý Thường Kiệt, Phường 10, Thanh Khê, Đà Nẵng"
425,Linh Bùi,0141078254,jane43@example.org,"450 Phố Giải Phóng, Phường 8, Ninh Kiều, Cần Thơ"
429,Hạnh Bùi,0211391704,johnmai@example.net,"871 Phố Trần Phú, Phường 9, Quận 3, TP. Hồ Chí Minh"
430,Phương Văn Nguyễn,0728319244,jane03@example.com,"82 Hẻm Hai Bà Trưng, Phường 5, Hoàn Kiếm, Hà Nội"
431,Nam Thế Lê,0372876497,ctran@example.net,"817 Ngõ Phan Chu Trinh, Xã 10, Củ Chi, TP. Hồ Chí Minh"
432,Trọng Mai Bảo Trần,0081422827,phamjohn@example.com,"923 Đường Cách Mạng Tháng 8, Phường 6, Hoàn Kiếm, Hà Nội"
433,Cô Mai Trần,0184301955,dangjane@example.com,"459 Hẻm Lê Lợi, Phường 15, Ninh Kiều, Cần Thơ"
435,Khoa Mai,0731584340,janepham@example.org,"458 Ngách Hùng Vương, Phường 19, Lê Chân, Hải Phòng"
437,Trung Hoàng,0514836467,maijane@example.net,"700 Phố Láng Hạ, Phường 19, Cầu Giấy, Hà Nội"
438,Hải Đặng,0956099342,buijane@example.net,"26 Phố Bà Triệu, Phường 6, Quận 3, TP. Hồ Chí Minh"
440,Chị Hạnh Dương,0694260429,janebui@example.com,"480 Đường Hai Bà Trưng, Phường 11, Quận 3, TP. Hồ Chí Minh"
441,Chị Xuân Mai,0170390285,johnduong@example.net,"441 Ngách Trường Chinh, Xã 1, Hóc Môn, TP. Hồ Chí Minh"
442,Hạnh Phú Dương,0776544167,john28@example.net,"539 Hẻm Bà Triệu, Phường 6, Hoàn Kiếm, Hà Nội"
444,Hà Mai Dương,0632474766,vujane@example.net,"949 Hẻm Lê Lợi, Phường 2, Quận 1, TP. Hồ Chí Minh"
445,Ánh Lê,0834459181,john35@example.net,"304 Ngõ Hoàng Diệu, Xã 17, Hóc Môn, TP. Hồ Chí Minh"
447,Chị Linh Hoàng,0308291583,janebui@example.net,"116 Phố Pasteur, Phường 5, Ninh Kiều, Cần Thơ"
452,Bà Nhật Đặng,0462287897,jane46@example.org,"109 Ngách Nguyễn Huệ, Phường 15, Thanh Khê, Đà Nẵng"
453,Kim Dương,0056286855,tranjohn@example.net,"334 Hẻm Láng Hạ, Phường 1, Ngô Quyền, Hải Phòng"
455,Hoàng Hữu Trần,0158129268,kbui@example.com,"724 Ngõ Đinh Tiên Hoàng, Phường 19, Bình Thạnh, TP. Hồ Chí Minh"
456,Anh Dương,0720927088,ule@example.com,"77 Ngách Lý Thường Kiệt, Phường 2, Quận 1, TP. Hồ Chí Minh"
459,Khoa Thế Phạm,0825392715,janepham@example.org,"199 Ngõ Hai Bà Trưng, Phường 9, Đống Đa, Hà Nội"
461,Khoa Vũ,0688181539,iduong@example.com,"44 Hẻm Trần Hưng Đạo, Phường 5, Thanh Xuân, Hà Nội"
464,Hạnh Phạm,0687027918,jane99@example.com,"264 Phố Hùng Vương, Phường 13, Ninh Kiều, Cần Thơ"
466,An Nguyễn,0148740334,duongjohn@example.org,"613 Đường Ngô Quyền, Phường 2, Hải Châu, Đà Nẵng"
467,Quang Dương,0951102916,jane49@example.com,"294 Ngõ Võ Thị Sáu, Xã 1, Hóc Môn, TP. Hồ Chí Minh"
468,Dũng Vũ,0356350763,john35@example.com,"603 Ngõ Láng Hạ, Phường 4, Ninh Kiều, Cần Thơ"
469,Bác Thành Vũ,0408780506,johnnguyen@example.net,"144 Hẻm Hai Bà Trưng, Phường 7, Hải Châu, Đà Nẵng"
473,Nhật Phú Trần,0231849208,jane73@example.com,"1 Đường Nguyễn Huệ, Phường 5, Quận 7, TP. Hồ Chí Minh"
474,Quang Đức Đặng,0019132513,lvu@example.com,"581 Hẻm Trần Phú, Phường 16, Quận 1, TP. Hồ Chí Minh"
476,Chị Phương Hoàng,0919121607,jane51@example.org,"605 Hẻm Láng Hạ, Phường 18, Hai Bà Trưng, Hà Nội"
479,Anh Dũng Dương,0888929504,bdang@example.org,"586 Ngõ Nguyễn Trãi, Phường 14, Bình Thạnh, TP. Hồ Chí Minh"
480,Châu Tấn Mai,0090919160,dangjane@example.com,"534 Ngõ Hoàng Diệu, Phường 6, Hai Bà Trưng, Hà Nội"
481,Hải Mai Lê,0083028347,janeduong@example.org,"864 Ngách Lý Thường Kiệt, Phường 12, Ninh Kiều, Cần Thơ"
482,Bảo Đức Phạm,0096987843,ptran@example.net,"768 Hẻm Lê Lợi, Phường 1, Hai Bà Trưng, Hà Nội"
483,Anh Tùng Đặng,0486345785,ktran@example.com,"619 Hẻm Đinh Tiên Hoàng, Phường 2, Ninh Kiều, Cần Thơ"
484,Hương Hoàng,0827620706,zdang@example.net,"222 Ngách Giải Phóng, Phường 2, Hoàn Kiếm, Hà Nội"
486,Ông Hưng Mai,0139814343,tranjane@example.com,"159 Ngõ Lê Hồng Phong, Phường 4, Cầu Giấy, Hà Nội"
488,Thành Mai,0584495783,vujohn@example.com,"108 Hẻm Đinh Tiên Hoàng, Phường 2, Hoàn Kiếm, Hà Nội"
490,Chị An Phạm,0237988465,nbui@example.net,"177 Ngách Trường Chinh, Phường 18, Hải Châu, Đà Nẵng"
492,Ông Nam Mai,0185188573,maijane@example.org,"590 Ngõ Trần Phú, Phường 17, Bình Thạnh, TP. Hồ Chí Minh"
493,Châu Bùi,0600140063,john87@example.net,"182 Đường Lê Hồng Phong, Xã 18, Hóc Môn, TP. Hồ Chí Minh"
494,Chi Nguyễn,0485792600,johnbui@example.net,"618 Ngách Bà Triệu, Xã 17, Hóc Môn, TP. Hồ Chí Minh"
497,Chị Hồng Trần,0312652775,phamjohn@example.org,"47 Ngách Láng Hạ, Phường 14, Cầu Giấy, Hà Nội"
500,Phương Dương,0803337232,buijohn@example.com,"592 Ngõ Phan Chu Trinh, Phường 18, Thanh Khê, Đà Nẵng"
