OrderID,CustomerID,OrderDate,TotalAmount,OrderYear,OrderMonth,OrderQuarter,OrderWeekday
1,244,2023-07-21,23850038.0,2023,7,3,Friday
2,487,2024-12-03,17374300.0,2024,12,4,Tuesday
3,491,2023-01-20,74747402.0,2023,1,1,Friday
4,249,2024-08-25,58173270.0,2024,8,3,Sunday
5,413,2024-10-17,52741857.0,2024,10,4,Thursday
6,188,2024-05-18,25111412.0,2024,5,2,Saturday
7,70,2023-06-20,38067608.0,2023,6,2,Tuesday
8,5,2024-09-09,37195682.0,2024,9,3,Monday
9,313,2024-07-20,21537541.0,2024,7,3,Saturday
10,263,2024-08-16,18071590.0,2024,8,3,Friday
11,287,2024-12-14,54537357.0,2024,12,4,Saturday
12,439,2023-10-17,54753644.0,2023,10,4,Tuesday
13,221,2023-07-23,123896635.0,2023,7,3,Sunday
14,468,2023-08-22,0.0,2023,8,3,Tuesday
15,392,2023-10-17,38067608.0,2023,10,4,Tuesday
16,244,2023-07-07,39572154.0,2023,7,3,Friday
17,321,2023-12-22,16732858.0,2023,12,4,Friday
18,10,2023-02-07,18881374.0,2023,2,1,Tuesday
19,67,2024-08-04,69358550.0,2024,8,3,Sunday
20,156,2024-04-30,21446758.0,2024,4,2,Tuesday
21,2,2023-06-25,30826807.0,2023,6,2,Sunday
22,449,2023-12-10,43376626.0,2023,12,4,Sunday
23,321,2024-08-25,159081260.0,2024,8,3,Sunday
24,316,2024-05-05,0.0,2024,5,2,Sunday
25,89,2023-10-09,102328156.0,2023,10,4,Monday
26,264,2023-07-25,133673918.0,2023,7,3,Tuesday
27,49,2024-07-01,23757586.0,2024,7,3,Monday
28,13,2024-04-08,75346038.0,2024,4,2,Monday
29,77,2024-04-17,0.0,2024,4,2,Wednesday
30,385,2023-01-24,44271672.0,2023,1,1,Tuesday
31,271,2023-12-21,26844531.0,2023,12,4,Thursday
32,136,2024-09-27,12650852.0,2024,9,3,Friday
33,38,2024-09-27,88455912.0,2024,9,3,Friday
34,496,2024-03-19,56295506.0,2024,3,1,Tuesday
35,274,2024-08-09,77419006.0,2024,8,3,Friday
36,32,2024-10-02,9533816.0,2024,10,4,Wednesday
37,199,2023-03-24,4813985.0,2023,3,1,Friday
38,410,2023-10-12,187500037.0,2023,10,4,Thursday
39,495,2023-07-30,43560448.0,2023,7,3,Sunday
40,390,2023-09-18,132851456.0,2023,9,3,Monday
41,384,2024-09-15,55213553.0,2024,9,3,Sunday
42,359,2023-05-07,112441310.0,2023,5,2,Sunday
43,444,2023-10-01,145104642.0,2023,10,4,Sunday
44,174,2023-10-12,16595454.0,2023,10,4,Thursday
45,428,2023-05-25,26307988.0,2023,5,2,Thursday
46,375,2024-03-24,109478598.0,2024,3,1,Sunday
47,79,2023-12-07,62525888.0,2023,12,4,Thursday
48,129,2023-08-04,1727257.0,2023,8,3,Friday
49,69,2023-03-29,69379080.0,2023,3,1,Wednesday
50,177,2023-06-01,52833984.0,2023,6,2,Thursday
51,416,2024-07-11,56070520.0,2024,7,3,Thursday
52,115,2023-06-21,36749208.0,2023,6,2,Wednesday
53,238,2024-06-07,69869104.0,2024,6,2,Friday
54,21,2023-01-04,102680890.0,2023,1,1,Wednesday
55,194,2024-10-14,12977971.0,2024,10,4,Monday
56,128,2023-04-06,138646429.0,2023,4,2,Thursday
57,21,2023-08-18,113507927.0,2023,8,3,Friday
58,25,2023-08-16,30149712.0,2023,8,3,Wednesday
59,16,2023-12-22,16387998.0,2023,12,4,Friday
60,68,2023-01-15,80697374.0,2023,1,1,Sunday
61,261,2024-09-10,79388856.0,2024,9,3,Tuesday
62,392,2023-01-22,87550194.0,2023,1,1,Sunday
63,332,2023-08-12,31767390.0,2023,8,3,Saturday
64,108,2023-03-19,113684278.0,2023,3,1,Sunday
65,445,2023-12-18,53873862.0,2023,12,4,Monday
66,178,2024-04-01,129932720.0,2024,4,2,Monday
67,212,2024-07-21,16308174.0,2024,7,3,Sunday
68,227,2024-03-11,0.0,2024,3,1,Monday
69,57,2024-02-06,38938384.0,2024,2,1,Tuesday
70,310,2024-08-12,22931205.0,2024,8,3,Monday
71,184,2024-06-14,31224511.0,2024,6,2,Friday
72,158,2024-01-04,105946950.0,2024,1,1,Thursday
73,225,2023-03-02,104101748.0,2023,3,1,Thursday
74,430,2024-05-07,76976872.0,2024,5,2,Tuesday
75,134,2024-02-07,32308687.0,2024,2,1,Wednesday
76,365,2024-06-24,40464496.0,2024,6,2,Monday
77,286,2024-06-24,16027718.0,2024,6,2,Monday
78,25,2024-12-20,75152222.0,2024,12,4,Friday
79,138,2024-08-11,101085725.0,2024,8,3,Sunday
80,494,2023-02-27,13631922.0,2023,2,1,Monday
81,429,2023-11-27,84129214.0,2023,11,4,Monday
82,31,2024-06-09,19165355.0,2024,6,2,Sunday
83,385,2024-06-01,13268280.0,2024,6,2,Saturday
84,433,2023-08-14,47438415.0,2023,8,3,Monday
85,104,2024-11-28,18272763.0,2024,11,4,Thursday
86,393,2023-05-11,47797058.0,2023,5,2,Thursday
87,45,2023-07-07,121984273.0,2023,7,3,Friday
88,357,2024-09-07,0.0,2024,9,3,Saturday
89,453,2023-03-26,19918747.0,2023,3,1,Sunday
90,445,2024-02-29,55572430.0,2024,2,1,Thursday
91,481,2024-06-16,48545748.0,2024,6,2,Sunday
92,146,2024-09-24,387490.0,2024,9,3,Tuesday
93,6,2023-11-27,0.0,2023,11,4,Monday
94,414,2023-10-27,59876940.0,2023,10,4,Friday
95,143,2024-03-24,85397698.0,2024,3,1,Sunday
96,325,2024-11-02,69444513.0,2024,11,4,Saturday
97,229,2024-02-22,97631522.0,2024,2,1,Thursday
98,381,2024-02-11,21473712.0,2024,2,1,Sunday
99,213,2023-02-08,6462924.0,2023,2,1,Wednesday
100,392,2023-09-21,22902500.0,2023,9,3,Thursday
101,462,2023-08-01,26126255.0,2023,8,3,Tuesday
102,162,2024-11-23,80236123.0,2024,11,4,Saturday
103,390,2024-07-15,21343007.0,2024,7,3,Monday
104,43,2024-03-21,127412611.0,2024,3,1,Thursday
105,412,2024-04-16,0.0,2024,4,2,Tuesday
106,386,2024-11-11,54312168.0,2024,11,4,Monday
107,167,2024-05-13,217445976.0,2024,5,2,Monday
108,287,2024-02-11,137054801.0,2024,2,1,Sunday
109,163,2023-04-25,6807364.0,2023,4,2,Tuesday
110,323,2023-10-05,4659828.0,2023,10,4,Thursday
111,255,2023-01-11,61182928.0,2023,1,1,Wednesday
112,195,2024-09-17,66362132.0,2024,9,3,Tuesday
113,122,2023-01-11,0.0,2023,1,1,Wednesday
114,169,2023-12-08,33255070.0,2023,12,4,Friday
115,229,2023-08-20,53072898.0,2023,8,3,Sunday
116,449,2024-05-25,71927495.0,2024,5,2,Saturday
117,428,2023-04-05,110044687.0,2023,4,2,Wednesday
118,19,2023-07-28,39699125.0,2023,7,3,Friday
119,49,2024-06-13,93807390.0,2024,6,2,Thursday
120,84,2024-05-17,34842200.0,2024,5,2,Friday
121,500,2023-05-11,51927282.0,2023,5,2,Thursday
122,337,2023-12-17,0.0,2023,12,4,Sunday
123,455,2023-10-27,104154694.0,2023,10,4,Friday
124,432,2023-07-08,0.0,2023,7,3,Saturday
125,214,2023-12-10,142433666.0,2023,12,4,Sunday
126,250,2024-05-08,0.0,2024,5,2,Wednesday
127,294,2024-04-20,74317602.0,2024,4,2,Saturday
128,208,2023-10-14,119800213.0,2023,10,4,Saturday
129,399,2024-11-21,18208701.0,2024,11,4,Thursday
130,426,2024-02-02,0.0,2024,2,1,Friday
131,282,2024-03-05,69816860.0,2024,3,1,Tuesday
132,296,2024-09-16,256981302.0,2024,9,3,Monday
133,39,2024-09-10,14756358.0,2024,9,3,Tuesday
134,22,2024-03-23,0.0,2024,3,1,Saturday
135,40,2023-06-27,38725424.0,2023,6,2,Tuesday
136,319,2023-04-26,3596544.0,2023,4,2,Wednesday
137,46,2024-03-07,51337307.0,2024,3,1,Thursday
138,112,2024-09-11,155462013.0,2024,9,3,Wednesday
139,25,2023-06-03,0.0,2023,6,2,Saturday
140,444,2023-04-17,4449882.0,2023,4,2,Monday
141,444,2023-12-26,137800510.0,2023,12,4,Tuesday
142,476,2023-10-05,0.0,2023,10,4,Thursday
143,3,2024-12-09,61097088.0,2024,12,4,Monday
144,59,2023-06-24,76273052.0,2023,6,2,Saturday
145,67,2024-05-28,51902951.0,2024,5,2,Tuesday
146,127,2023-11-03,33620376.0,2023,11,4,Friday
147,357,2024-03-28,30712381.0,2024,3,1,Thursday
148,52,2023-03-24,47020139.0,2023,3,1,Friday
149,15,2024-04-02,182759980.0,2024,4,2,Tuesday
150,418,2024-04-09,48121728.0,2024,4,2,Tuesday
151,138,2024-03-03,161296770.0,2024,3,1,Sunday
152,151,2024-07-27,142387162.0,2024,7,3,Saturday
153,444,2023-09-18,164091295.0,2023,9,3,Monday
154,182,2024-05-08,8576280.0,2024,5,2,Wednesday
155,436,2023-06-13,195168760.0,2023,6,2,Tuesday
156,19,2023-02-09,0.0,2023,2,1,Thursday
157,86,2024-03-09,84829974.0,2024,3,1,Saturday
158,149,2024-04-28,26337654.0,2024,4,2,Sunday
159,252,2023-03-01,38469279.0,2023,3,1,Wednesday
160,28,2023-03-27,6423800.0,2023,3,1,Monday
161,325,2024-02-24,14177748.0,2024,2,1,Saturday
162,437,2023-06-14,56568074.0,2023,6,2,Wednesday
163,393,2023-12-23,35250510.0,2023,12,4,Saturday
164,239,2023-12-26,58129990.0,2023,12,4,Tuesday
165,410,2023-09-06,63709440.0,2023,9,3,Wednesday
166,46,2024-05-14,97162738.0,2024,5,2,Tuesday
167,88,2024-12-19,120158372.0,2024,12,4,Thursday
168,493,2023-03-07,31860582.0,2023,3,1,Tuesday
169,325,2024-10-24,117235472.0,2024,10,4,Thursday
170,36,2024-12-19,195119015.0,2024,12,4,Thursday
171,384,2024-11-29,26842140.0,2024,11,4,Friday
172,263,2024-10-28,93365751.0,2024,10,4,Monday
173,363,2024-11-28,117296418.0,2024,11,4,Thursday
174,242,2024-12-23,0.0,2024,12,4,Monday
175,180,2024-10-20,62167072.0,2024,10,4,Sunday
176,278,2024-12-22,59414539.0,2024,12,4,Sunday
177,346,2024-05-29,13837326.0,2024,5,2,Wednesday
178,199,2023-12-10,2395520.0,2023,12,4,Sunday
179,284,2023-07-14,13015399.0,2023,7,3,Friday
180,391,2024-09-19,68567038.0,2024,9,3,Thursday
181,388,2023-09-27,23991286.0,2023,9,3,Wednesday
182,442,2024-06-25,0.0,2024,6,2,Tuesday
183,49,2024-05-02,312335522.0,2024,5,2,Thursday
184,365,2023-07-09,100331289.0,2023,7,3,Sunday
185,16,2023-01-10,101813261.0,2023,1,1,Tuesday
186,338,2024-04-13,44298774.0,2024,4,2,Saturday
187,194,2023-08-16,41434539.0,2023,8,3,Wednesday
188,134,2024-02-09,196374242.0,2024,2,1,Friday
189,259,2023-01-11,4238860.0,2023,1,1,Wednesday
190,101,2023-05-03,52058610.0,2023,5,2,Wednesday
191,133,2023-05-10,6474702.0,2023,5,2,Wednesday
192,192,2023-11-27,90063541.0,2023,11,4,Monday
193,184,2023-03-17,102551905.0,2023,3,1,Friday
194,148,2024-08-06,79299269.0,2024,8,3,Tuesday
195,480,2024-10-07,62486938.0,2024,10,4,Monday
196,396,2024-03-16,77176674.0,2024,3,1,Saturday
197,428,2023-10-01,100042588.0,2023,10,4,Sunday
198,396,2024-06-12,0.0,2024,6,2,Wednesday
199,157,2023-03-12,2144070.0,2023,3,1,Sunday
200,335,2023-07-20,58785567.0,2023,7,3,Thursday
201,167,2024-04-11,64870330.0,2024,4,2,Thursday
202,389,2024-07-02,206488873.0,2024,7,3,Tuesday
203,370,2023-11-25,52528806.0,2023,11,4,Saturday
204,482,2024-05-05,69069078.0,2024,5,2,Sunday
205,488,2024-04-18,39500766.0,2024,4,2,Thursday
206,6,2024-05-12,34271908.0,2024,5,2,Sunday
207,67,2024-07-20,75104200.0,2024,7,3,Saturday
208,122,2023-06-06,44207487.0,2023,6,2,Tuesday
209,171,2023-08-09,94098927.0,2023,8,3,Wednesday
210,83,2023-03-12,133463944.0,2023,3,1,Sunday
211,42,2024-08-20,44353691.0,2024,8,3,Tuesday
212,426,2024-12-29,100929544.0,2024,12,4,Sunday
213,22,2024-02-09,42528665.0,2024,2,1,Friday
214,55,2023-03-05,13483602.0,2023,3,1,Sunday
215,92,2024-07-04,121054002.0,2024,7,3,Thursday
216,350,2023-06-04,58176224.0,2023,6,2,Sunday
217,343,2024-08-06,71078106.0,2024,8,3,Tuesday
218,404,2023-09-27,59290611.0,2023,9,3,Wednesday
219,176,2024-04-09,46111642.0,2024,4,2,Tuesday
220,140,2024-02-16,66942245.0,2024,2,1,Friday
221,156,2024-01-14,176764544.0,2024,1,1,Sunday
222,306,2024-05-07,16942360.0,2024,5,2,Tuesday
223,82,2024-02-28,24171405.0,2024,2,1,Wednesday
224,146,2024-04-08,147199580.0,2024,4,2,Monday
225,384,2024-01-27,115920433.0,2024,1,1,Saturday
226,76,2023-05-24,18743248.0,2023,5,2,Wednesday
227,478,2024-08-27,54398328.0,2024,8,3,Tuesday
228,338,2023-05-27,50673551.0,2023,5,2,Saturday
229,44,2023-07-26,69713030.0,2023,7,3,Wednesday
230,91,2024-12-02,0.0,2024,12,4,Monday
231,163,2024-04-11,54029571.0,2024,4,2,Thursday
232,10,2024-05-14,13284674.0,2024,5,2,Tuesday
233,171,2023-11-29,23106708.0,2023,11,4,Wednesday
234,273,2024-03-01,175253165.0,2024,3,1,Friday
235,137,2023-02-26,42655496.0,2023,2,1,Sunday
236,253,2023-04-12,36956602.0,2023,4,2,Wednesday
237,454,2023-12-24,28956360.0,2023,12,4,Sunday
238,299,2023-03-08,70289198.0,2023,3,1,Wednesday
239,188,2023-02-23,4848004.0,2023,2,1,Thursday
240,76,2024-08-08,13166664.0,2024,8,3,Thursday
241,40,2024-03-08,232338465.0,2024,3,1,Friday
242,249,2023-04-11,42240776.0,2023,4,2,Tuesday
243,410,2023-09-14,140630646.0,2023,9,3,Thursday
244,272,2023-09-01,52857591.0,2023,9,3,Friday
245,433,2024-08-26,5798732.0,2024,8,3,Monday
246,297,2024-03-06,69260532.0,2024,3,1,Wednesday
247,123,2024-06-01,29646730.0,2024,6,2,Saturday
248,459,2024-08-23,94307162.0,2024,8,3,Friday
249,195,2024-12-06,0.0,2024,12,4,Friday
250,146,2024-05-01,35560823.0,2024,5,2,Wednesday
251,497,2023-06-18,57785279.0,2023,6,2,Sunday
252,419,2024-10-18,43587880.0,2024,10,4,Friday
253,233,2023-11-14,29705096.0,2023,11,4,Tuesday
254,37,2023-08-03,77156520.0,2023,8,3,Thursday
255,353,2023-11-28,30724488.0,2023,11,4,Tuesday
256,221,2023-06-04,97408611.0,2023,6,2,Sunday
257,411,2024-10-07,115641800.0,2024,10,4,Monday
258,306,2024-09-13,2635385.0,2024,9,3,Friday
259,153,2023-03-05,105062994.0,2023,3,1,Sunday
260,169,2024-07-06,26505317.0,2024,7,3,Saturday
261,143,2023-09-25,92899344.0,2023,9,3,Monday
262,87,2024-10-23,68133774.0,2024,10,4,Wednesday
263,220,2024-10-07,160861715.0,2024,10,4,Monday
264,284,2023-10-05,67346868.0,2023,10,4,Thursday
265,10,2024-06-15,89585637.0,2024,6,2,Saturday
266,90,2024-10-08,96254840.0,2024,10,4,Tuesday
267,144,2023-07-13,91074372.0,2023,7,3,Thursday
268,470,2023-08-15,64380964.0,2023,8,3,Tuesday
269,194,2023-01-27,3899030.0,2023,1,1,Friday
270,352,2023-11-19,0.0,2023,11,4,Sunday
271,92,2023-04-06,25357530.0,2023,4,2,Thursday
272,349,2023-02-13,31380558.0,2023,2,1,Monday
273,259,2023-12-06,0.0,2023,12,4,Wednesday
274,157,2024-09-10,23473928.0,2024,9,3,Tuesday
275,415,2024-02-11,151317214.0,2024,2,1,Sunday
276,303,2023-09-06,56348165.0,2023,9,3,Wednesday
277,143,2023-03-03,48223158.0,2023,3,1,Friday
278,184,2024-10-09,52227600.0,2024,10,4,Wednesday
279,398,2023-03-04,95278068.0,2023,3,1,Saturday
280,28,2023-10-17,185556355.0,2023,10,4,Tuesday
281,61,2023-11-17,98403364.0,2023,11,4,Friday
282,459,2023-02-07,25150055.0,2023,2,1,Tuesday
283,71,2024-05-08,68514303.0,2024,5,2,Wednesday
284,122,2023-04-25,129951210.0,2023,4,2,Tuesday
285,134,2023-06-07,0.0,2023,6,2,Wednesday
286,352,2023-06-20,7582924.0,2023,6,2,Tuesday
287,290,2023-09-12,6056772.0,2023,9,3,Tuesday
288,438,2023-01-05,30991586.0,2023,1,1,Thursday
289,367,2024-12-11,11227500.0,2024,12,4,Wednesday
290,445,2024-07-04,67765150.0,2024,7,3,Thursday
291,226,2023-02-13,249258882.0,2023,2,1,Monday
292,190,2024-03-10,122126892.0,2024,3,1,Sunday
293,321,2023-04-11,255437546.0,2023,4,2,Tuesday
294,89,2024-12-21,0.0,2024,12,4,Saturday
295,307,2023-02-28,9441324.0,2023,2,1,Tuesday
296,183,2024-06-24,71532991.0,2024,6,2,Monday
297,82,2024-05-09,146590669.0,2024,5,2,Thursday
298,27,2023-08-14,72077020.0,2023,8,3,Monday
299,417,2023-10-05,99681503.0,2023,10,4,Thursday
300,170,2023-03-15,162401452.0,2023,3,1,Wednesday
301,500,2024-08-29,100141375.0,2024,8,3,Thursday
302,210,2023-01-05,27464088.0,2023,1,1,Thursday
303,102,2023-10-29,14735388.0,2023,10,4,Sunday
304,435,2023-11-19,67422020.0,2023,11,4,Sunday
305,275,2024-09-25,96495184.0,2024,9,3,Wednesday
306,138,2024-07-24,83999089.0,2024,7,3,Wednesday
307,294,2023-08-13,8727901.0,2023,8,3,Sunday
308,364,2024-05-12,5517117.0,2024,5,2,Sunday
309,252,2023-03-07,0.0,2023,3,1,Tuesday
310,21,2024-06-06,133599027.0,2024,6,2,Thursday
311,290,2024-01-07,16262778.0,2024,1,1,Sunday
312,292,2023-04-12,31670925.0,2023,4,2,Wednesday
313,89,2024-03-18,144240374.0,2024,3,1,Monday
314,424,2024-08-15,15264504.0,2024,8,3,Thursday
315,33,2024-09-30,8214876.0,2024,9,3,Monday
316,22,2024-06-19,37209141.0,2024,6,2,Wednesday
317,242,2024-08-31,9479740.0,2024,8,3,Saturday
318,250,2023-01-07,10387320.0,2023,1,1,Saturday
319,2,2023-04-22,60080384.0,2023,4,2,Saturday
320,37,2024-07-11,20626890.0,2024,7,3,Thursday
321,64,2023-05-19,0.0,2023,5,2,Friday
322,437,2023-05-17,48802002.0,2023,5,2,Wednesday
323,263,2024-01-30,81603110.0,2024,1,1,Tuesday
324,249,2023-07-10,6348470.0,2023,7,3,Monday
325,36,2023-05-01,17555552.0,2023,5,2,Monday
326,24,2023-09-05,79141922.0,2023,9,3,Tuesday
327,463,2023-02-21,46906215.0,2023,2,1,Tuesday
328,166,2023-10-22,178493476.0,2023,10,4,Sunday
329,33,2024-10-11,28217464.0,2024,10,4,Friday
330,463,2024-08-29,21371748.0,2024,8,3,Thursday
331,358,2023-01-06,119398647.0,2023,1,1,Friday
332,249,2023-02-28,96388917.0,2023,2,1,Tuesday
333,338,2024-01-16,7963680.0,2024,1,1,Tuesday
334,397,2024-05-08,0.0,2024,5,2,Wednesday
335,499,2023-12-30,7677245.0,2023,12,4,Saturday
336,266,2023-01-16,162650484.0,2023,1,1,Monday
337,406,2024-03-22,41842829.0,2024,3,1,Friday
338,344,2024-07-24,0.0,2024,7,3,Wednesday
339,126,2024-03-17,158328128.0,2024,3,1,Sunday
340,162,2024-03-08,126468786.0,2024,3,1,Friday
341,108,2023-01-05,75393636.0,2023,1,1,Thursday
342,32,2023-11-25,7143550.0,2023,11,4,Saturday
343,314,2023-07-18,127415901.0,2023,7,3,Tuesday
344,202,2023-11-22,76056324.0,2023,11,4,Wednesday
345,324,2024-03-26,0.0,2024,3,1,Tuesday
346,111,2023-08-27,97245602.0,2023,8,3,Sunday
347,249,2023-07-11,23178671.0,2023,7,3,Tuesday
348,483,2024-05-13,228909944.0,2024,5,2,Monday
349,382,2023-01-27,11526150.0,2023,1,1,Friday
350,202,2023-08-31,45026829.0,2023,8,3,Thursday
351,169,2023-01-28,36176774.0,2023,1,1,Saturday
352,59,2024-08-12,29562888.0,2024,8,3,Monday
353,461,2024-03-29,0.0,2024,3,1,Friday
354,450,2023-09-16,54368649.0,2023,9,3,Saturday
355,475,2023-12-22,54862798.0,2023,12,4,Friday
356,245,2024-05-31,78132800.0,2024,5,2,Friday
357,381,2023-10-24,6199840.0,2023,10,4,Tuesday
358,117,2024-07-29,31188033.0,2024,7,3,Monday
359,468,2023-08-01,59668590.0,2023,8,3,Tuesday
360,232,2023-08-14,17547836.0,2023,8,3,Monday
361,354,2023-04-02,121123032.0,2023,4,2,Sunday
362,280,2024-02-16,29550400.0,2024,2,1,Friday
363,462,2024-03-10,9516902.0,2024,3,1,Sunday
364,222,2023-09-29,65201839.0,2023,9,3,Friday
365,142,2024-04-15,123822920.0,2024,4,2,Monday
366,1,2023-12-03,104109455.0,2023,12,4,Sunday
367,210,2024-11-28,52039672.0,2024,11,4,Thursday
368,304,2023-11-03,20105757.0,2023,11,4,Friday
369,129,2023-10-04,76355040.0,2023,10,4,Wednesday
370,243,2024-08-08,68254115.0,2024,8,3,Thursday
371,252,2024-01-18,22100082.0,2024,1,1,Thursday
372,26,2023-04-11,70396769.0,2023,4,2,Tuesday
373,141,2024-06-19,149340947.0,2024,6,2,Wednesday
374,465,2024-11-09,207819402.0,2024,11,4,Saturday
375,250,2023-09-04,46263263.0,2023,9,3,Monday
376,348,2023-11-19,56674996.0,2023,11,4,Sunday
377,423,2024-06-09,41844945.0,2024,6,2,Sunday
378,318,2023-02-12,57159778.0,2023,2,1,Sunday
379,379,2024-03-01,41243322.0,2024,3,1,Friday
380,463,2023-11-10,11792274.0,2023,11,4,Friday
381,99,2024-11-30,43869590.0,2024,11,4,Saturday
382,497,2023-03-10,90102952.0,2023,3,1,Friday
383,207,2023-01-27,42827373.0,2023,1,1,Friday
384,418,2024-10-22,30516390.0,2024,10,4,Tuesday
385,414,2024-02-20,50419464.0,2024,2,1,Tuesday
386,283,2023-02-17,43176132.0,2023,2,1,Friday
387,212,2024-11-11,14287842.0,2024,11,4,Monday
388,93,2023-02-24,30461427.0,2023,2,1,Friday
389,164,2023-09-27,64477255.0,2023,9,3,Wednesday
390,73,2023-08-01,65407406.0,2023,8,3,Tuesday
391,101,2024-06-09,28438394.0,2024,6,2,Sunday
392,360,2023-06-17,30068024.0,2023,6,2,Saturday
393,243,2024-03-13,77051361.0,2024,3,1,Wednesday
394,404,2024-08-15,65068640.0,2024,8,3,Thursday
395,52,2023-01-14,9382144.0,2023,1,1,Saturday
396,259,2023-04-05,44843988.0,2023,4,2,Wednesday
397,54,2023-04-28,10115287.0,2023,4,2,Friday
398,187,2023-06-05,41763316.0,2023,6,2,Monday
399,159,2024-02-24,78297791.0,2024,2,1,Saturday
400,47,2023-01-27,38415520.0,2023,1,1,Friday
401,290,2023-04-23,46404440.0,2023,4,2,Sunday
402,336,2024-01-16,50816159.0,2024,1,1,Tuesday
403,173,2023-01-19,51931725.0,2023,1,1,Thursday
404,305,2023-03-04,84981016.0,2023,3,1,Saturday
405,385,2024-11-19,54253366.0,2024,11,4,Tuesday
406,363,2024-08-17,60638438.0,2024,8,3,Saturday
407,44,2024-09-11,23465107.0,2024,9,3,Wednesday
408,279,2024-12-29,25901550.0,2024,12,4,Sunday
409,55,2024-08-27,61395537.0,2024,8,3,Tuesday
410,321,2023-01-11,0.0,2023,1,1,Wednesday
411,249,2024-03-29,0.0,2024,3,1,Friday
412,35,2023-06-20,101057523.0,2023,6,2,Tuesday
413,372,2024-02-06,48155239.0,2024,2,1,Tuesday
414,467,2024-04-28,74165080.0,2024,4,2,Sunday
415,496,2023-12-24,141160223.0,2023,12,4,Sunday
416,163,2024-10-29,20307039.0,2024,10,4,Tuesday
417,45,2024-11-02,9220308.0,2024,11,4,Saturday
418,276,2023-02-22,112098417.0,2023,2,1,Wednesday
419,245,2023-04-06,118152322.0,2023,4,2,Thursday
420,289,2023-01-16,90828872.0,2023,1,1,Monday
421,123,2023-02-04,145207831.0,2023,2,1,Saturday
422,310,2023-06-30,66904953.0,2023,6,2,Friday
423,189,2023-04-17,122544339.0,2023,4,2,Monday
424,67,2023-12-16,48204296.0,2023,12,4,Saturday
425,498,2024-09-29,127116700.0,2024,9,3,Sunday
426,400,2023-08-11,168018559.0,2023,8,3,Friday
427,67,2024-07-22,110118135.0,2024,7,3,Monday
428,155,2024-05-22,75857230.0,2024,5,2,Wednesday
429,341,2023-03-20,8896808.0,2023,3,1,Monday
430,386,2023-02-03,20986245.0,2023,2,1,Friday
431,222,2023-03-08,106525558.0,2023,3,1,Wednesday
432,307,2024-04-14,0.0,2024,4,2,Sunday
433,432,2024-09-19,25800896.0,2024,9,3,Thursday
434,314,2023-05-12,39898472.0,2023,5,2,Friday
435,188,2023-02-19,128941231.0,2023,2,1,Sunday
436,378,2024-10-10,54942705.0,2024,10,4,Thursday
437,493,2024-09-11,179305332.0,2024,9,3,Wednesday
438,391,2023-04-28,166072587.0,2023,4,2,Friday
439,419,2023-11-04,23279204.0,2023,11,4,Saturday
440,423,2023-09-03,89415160.0,2023,9,3,Sunday
441,371,2024-03-13,62714120.0,2024,3,1,Wednesday
442,138,2023-12-25,57202896.0,2023,12,4,Monday
443,164,2023-08-08,182343206.0,2023,8,3,Tuesday
444,487,2023-09-20,78483406.0,2023,9,3,Wednesday
445,269,2023-11-26,74883625.0,2023,11,4,Sunday
446,195,2023-04-07,133020136.0,2023,4,2,Friday
447,56,2024-06-12,72158990.0,2024,6,2,Wednesday
448,120,2023-11-13,6988572.0,2023,11,4,Monday
449,279,2023-02-12,14796960.0,2023,2,1,Sunday
450,275,2024-11-17,43969468.0,2024,11,4,Sunday
451,347,2024-11-10,7777120.0,2024,11,4,Sunday
452,428,2024-03-24,0.0,2024,3,1,Sunday
453,327,2024-02-16,53146722.0,2024,2,1,Friday
454,246,2023-05-10,69295778.0,2023,5,2,Wednesday
455,439,2023-05-13,27775472.0,2023,5,2,Saturday
456,56,2023-03-31,28140658.0,2023,3,1,Friday
457,231,2024-11-14,141434106.0,2024,11,4,Thursday
458,462,2023-11-15,197039184.0,2023,11,4,Wednesday
459,106,2024-08-20,18387633.0,2024,8,3,Tuesday
460,320,2024-06-19,55226615.0,2024,6,2,Wednesday
461,415,2024-09-03,37151184.0,2024,9,3,Tuesday
462,233,2023-05-19,81406169.0,2023,5,2,Friday
463,254,2024-10-06,13335145.0,2024,10,4,Sunday
464,279,2023-09-06,8338436.0,2023,9,3,Wednesday
465,20,2024-09-10,71604208.0,2024,9,3,Tuesday
466,94,2024-01-20,27147020.0,2024,1,1,Saturday
467,84,2023-09-28,217550880.0,2023,9,3,Thursday
468,173,2023-07-21,94201269.0,2023,7,3,Friday
469,369,2024-08-15,30548544.0,2024,8,3,Thursday
470,479,2023-03-02,63934561.0,2023,3,1,Thursday
471,40,2023-01-07,63127442.0,2023,1,1,Saturday
472,225,2023-12-24,228944621.0,2023,12,4,Sunday
473,425,2023-09-11,24899936.0,2023,9,3,Monday
474,139,2024-04-04,140339499.0,2024,4,2,Thursday
475,390,2023-12-22,23798333.0,2023,12,4,Friday
476,74,2023-08-16,5713623.0,2023,8,3,Wednesday
477,209,2023-02-11,150293951.0,2023,2,1,Saturday
478,35,2023-12-13,20731390.0,2023,12,4,Wednesday
479,137,2024-07-20,124966629.0,2024,7,3,Saturday
480,166,2024-06-12,12607999.0,2024,6,2,Wednesday
481,61,2024-03-25,36953973.0,2024,3,1,Monday
482,376,2024-12-16,180300967.0,2024,12,4,Monday
483,214,2023-04-09,0.0,2023,4,2,Sunday
484,171,2024-01-08,29939844.0,2024,1,1,Monday
485,439,2024-06-05,96901389.0,2024,6,2,Wednesday
486,48,2024-12-08,133821694.0,2024,12,4,Sunday
487,320,2024-12-19,117518179.0,2024,12,4,Thursday
488,326,2024-07-07,104646125.0,2024,7,3,Sunday
489,224,2023-07-22,29948492.0,2023,7,3,Saturday
490,293,2024-01-02,16764475.0,2024,1,1,Tuesday
491,283,2024-12-26,40401231.0,2024,12,4,Thursday
492,396,2023-11-20,18706535.0,2023,11,4,Monday
493,4,2024-01-25,83333766.0,2024,1,1,Thursday
494,155,2023-12-18,30864228.0,2023,12,4,Monday
495,234,2024-10-28,61544892.0,2024,10,4,Monday
496,466,2023-02-25,111952495.0,2023,2,1,Saturday
497,472,2024-06-10,0.0,2024,6,2,Monday
498,349,2023-01-08,131155438.0,2023,1,1,Sunday
499,14,2024-01-08,25455872.0,2024,1,1,Monday
500,191,2024-09-04,8693698.0,2024,9,3,Wednesday
501,240,2023-08-01,40617456.0,2023,8,3,Tuesday
502,38,2023-12-03,100643505.0,2023,12,4,Sunday
503,397,2024-01-05,35495268.0,2024,1,1,Friday
504,462,2023-05-09,167379156.0,2023,5,2,Tuesday
505,292,2023-07-27,114791155.0,2023,7,3,Thursday
506,358,2024-02-07,115971484.0,2024,2,1,Wednesday
507,441,2024-07-03,27097120.0,2024,7,3,Wednesday
508,70,2023-01-09,44082984.0,2023,1,1,Monday
509,260,2023-03-01,36128408.0,2023,3,1,Wednesday
510,88,2023-04-22,4579348.0,2023,4,2,Saturday
511,195,2023-05-09,20288217.0,2023,5,2,Tuesday
512,281,2024-08-27,127460927.0,2024,8,3,Tuesday
513,439,2024-04-18,3888560.0,2024,4,2,Thursday
514,159,2024-01-21,141071991.0,2024,1,1,Sunday
515,466,2024-01-31,23630660.0,2024,1,1,Wednesday
516,178,2023-09-01,21008478.0,2023,9,3,Friday
517,230,2023-08-02,70255024.0,2023,8,3,Wednesday
518,205,2023-07-06,65114830.0,2023,7,3,Thursday
519,390,2023-10-03,64901784.0,2023,10,4,Tuesday
520,333,2024-05-18,103015650.0,2024,5,2,Saturday
521,197,2023-12-06,456245.0,2023,12,4,Wednesday
522,248,2024-01-06,92354990.0,2024,1,1,Saturday
523,251,2024-04-14,92018628.0,2024,4,2,Sunday
524,440,2024-11-19,0.0,2024,11,4,Tuesday
525,221,2023-06-03,0.0,2023,6,2,Saturday
526,340,2023-03-04,191113595.0,2023,3,1,Saturday
527,328,2023-12-26,23269125.0,2023,12,4,Tuesday
528,468,2023-05-20,28418863.0,2023,5,2,Saturday
529,426,2024-10-19,114325775.0,2024,10,4,Saturday
530,57,2023-05-05,71986642.0,2023,5,2,Friday
531,411,2023-09-21,64833273.0,2023,9,3,Thursday
532,241,2024-10-08,144122395.0,2024,10,4,Tuesday
533,201,2024-12-08,9328428.0,2024,12,4,Sunday
534,14,2024-01-30,521264.0,2024,1,1,Tuesday
535,151,2024-05-20,17274180.0,2024,5,2,Monday
536,482,2023-04-04,48039070.0,2023,4,2,Tuesday
537,480,2024-04-11,111047406.0,2024,4,2,Thursday
538,304,2024-04-01,96846316.0,2024,4,2,Monday
539,402,2023-10-09,62341152.0,2023,10,4,Monday
540,41,2023-12-09,61980403.0,2023,12,4,Saturday
541,275,2023-02-14,0.0,2023,2,1,Tuesday
542,111,2023-01-13,80927502.0,2023,1,1,Friday
543,181,2023-08-27,0.0,2023,8,3,Sunday
544,15,2024-10-30,4229014.0,2024,10,4,Wednesday
545,490,2024-08-03,43566102.0,2024,8,3,Saturday
546,40,2023-11-25,49492377.0,2023,11,4,Saturday
547,411,2023-04-10,70301721.0,2023,4,2,Monday
548,209,2023-07-01,123861538.0,2023,7,3,Saturday
549,172,2023-03-25,18608192.0,2023,3,1,Saturday
550,138,2023-06-21,94271283.0,2023,6,2,Wednesday
551,396,2024-03-22,47196021.0,2024,3,1,Friday
552,294,2024-06-26,24229020.0,2024,6,2,Wednesday
553,236,2024-10-03,54514375.0,2024,10,4,Thursday
554,312,2023-10-07,27771396.0,2023,10,4,Saturday
555,330,2024-12-27,78003690.0,2024,12,4,Friday
556,344,2024-04-01,131242522.0,2024,4,2,Monday
557,274,2023-11-24,24232180.0,2023,11,4,Friday
558,496,2024-11-20,62206637.0,2024,11,4,Wednesday
559,445,2024-05-18,8475528.0,2024,5,2,Saturday
560,119,2023-09-01,31838029.0,2023,9,3,Friday
561,398,2024-05-10,85116076.0,2024,5,2,Friday
562,105,2023-05-20,11996556.0,2023,5,2,Saturday
563,484,2024-04-18,0.0,2024,4,2,Thursday
564,36,2024-11-20,5508772.0,2024,11,4,Wednesday
565,165,2023-10-19,65953590.0,2023,10,4,Thursday
566,462,2024-09-25,166637586.0,2024,9,3,Wednesday
567,114,2023-05-24,227073940.0,2023,5,2,Wednesday
568,293,2023-02-02,14006525.0,2023,2,1,Thursday
569,20,2023-10-22,115627640.0,2023,10,4,Sunday
570,81,2023-11-21,172319700.0,2023,11,4,Tuesday
571,21,2024-11-28,130786762.0,2024,11,4,Thursday
572,66,2024-01-30,103935925.0,2024,1,1,Tuesday
573,454,2023-09-05,86394619.0,2023,9,3,Tuesday
574,76,2023-12-31,32653993.0,2023,12,4,Sunday
575,338,2023-07-12,0.0,2023,7,3,Wednesday
576,115,2024-05-08,5143006.0,2024,5,2,Wednesday
577,417,2023-11-15,108340164.0,2023,11,4,Wednesday
578,85,2023-12-28,74426075.0,2023,12,4,Thursday
579,486,2023-10-29,139838352.0,2023,10,4,Sunday
580,315,2023-01-20,60834472.0,2023,1,1,Friday
581,431,2023-01-27,138166551.0,2023,1,1,Friday
582,268,2024-03-22,0.0,2024,3,1,Friday
583,202,2023-12-05,8710550.0,2023,12,4,Tuesday
584,49,2023-06-16,8790417.0,2023,6,2,Friday
585,211,2023-11-23,16485462.0,2023,11,4,Thursday
586,367,2024-03-16,0.0,2024,3,1,Saturday
587,459,2023-10-20,110404062.0,2023,10,4,Friday
588,228,2024-09-13,0.0,2024,9,3,Friday
589,181,2024-08-02,44792222.0,2024,8,3,Friday
590,300,2023-01-12,148325480.0,2023,1,1,Thursday
591,400,2023-07-28,4977634.0,2023,7,3,Friday
592,479,2024-08-08,53199853.0,2024,8,3,Thursday
593,76,2024-05-26,76419000.0,2024,5,2,Sunday
594,497,2024-07-09,0.0,2024,7,3,Tuesday
595,54,2023-03-03,3934695.0,2023,3,1,Friday
596,265,2023-05-02,20415533.0,2023,5,2,Tuesday
597,392,2023-04-04,98048435.0,2023,4,2,Tuesday
598,349,2024-02-13,268010915.0,2024,2,1,Tuesday
599,77,2023-03-08,9235330.0,2023,3,1,Wednesday
600,84,2023-12-09,52371132.0,2023,12,4,Saturday
601,135,2023-11-26,32585955.0,2023,11,4,Sunday
602,440,2023-10-26,89096178.0,2023,10,4,Thursday
603,266,2023-07-06,50801525.0,2023,7,3,Thursday
604,354,2024-08-11,62496840.0,2024,8,3,Sunday
605,416,2023-11-10,11412344.0,2023,11,4,Friday
606,362,2024-10-12,24417357.0,2024,10,4,Saturday
607,189,2024-03-29,122215264.0,2024,3,1,Friday
608,352,2024-03-13,73299269.0,2024,3,1,Wednesday
609,242,2024-06-08,43622881.0,2024,6,2,Saturday
610,221,2023-12-08,47866160.0,2023,12,4,Friday
611,54,2024-10-03,69041733.0,2024,10,4,Thursday
612,195,2023-02-11,50067504.0,2023,2,1,Saturday
613,373,2023-11-05,0.0,2023,11,4,Sunday
614,245,2024-07-08,129218204.0,2024,7,3,Monday
615,70,2024-01-30,69283842.0,2024,1,1,Tuesday
616,456,2023-06-21,0.0,2023,6,2,Wednesday
617,319,2023-05-08,122450912.0,2023,5,2,Monday
618,447,2024-01-05,108159468.0,2024,1,1,Friday
619,55,2024-05-10,0.0,2024,5,2,Friday
620,201,2023-02-05,0.0,2023,2,1,Sunday
621,84,2023-12-30,44342518.0,2023,12,4,Saturday
622,136,2023-06-05,27540754.0,2023,6,2,Monday
623,325,2023-02-27,88833580.0,2023,2,1,Monday
624,308,2023-07-01,17954621.0,2023,7,3,Saturday
625,351,2024-02-12,62203740.0,2024,2,1,Monday
626,158,2023-06-04,67778056.0,2023,6,2,Sunday
627,101,2024-12-11,170028766.0,2024,12,4,Wednesday
628,446,2023-07-19,109589511.0,2023,7,3,Wednesday
629,58,2024-05-16,290938509.0,2024,5,2,Thursday
630,202,2024-12-02,0.0,2024,12,4,Monday
631,478,2024-03-19,55076490.0,2024,3,1,Tuesday
632,311,2023-08-25,65006019.0,2023,8,3,Friday
633,189,2024-08-30,74403451.0,2024,8,3,Friday
634,240,2023-05-18,48256549.0,2023,5,2,Thursday
635,429,2023-01-01,0.0,2023,1,1,Sunday
636,152,2023-09-27,15635405.0,2023,9,3,Wednesday
637,12,2023-01-07,76235671.0,2023,1,1,Saturday
638,223,2024-10-24,54791754.0,2024,10,4,Thursday
639,53,2023-08-23,144811206.0,2023,8,3,Wednesday
640,168,2023-12-12,56119316.0,2023,12,4,Tuesday
641,138,2024-08-15,29627504.0,2024,8,3,Thursday
642,271,2023-01-22,43169659.0,2023,1,1,Sunday
643,150,2024-04-28,34739831.0,2024,4,2,Sunday
644,416,2023-02-19,22893199.0,2023,2,1,Sunday
645,202,2023-05-15,42325272.0,2023,5,2,Monday
646,172,2024-04-09,0.0,2024,4,2,Tuesday
647,147,2024-12-04,59568213.0,2024,12,4,Wednesday
648,71,2024-01-10,78246587.0,2024,1,1,Wednesday
649,329,2023-07-03,9731557.0,2023,7,3,Monday
650,21,2024-06-04,0.0,2024,6,2,Tuesday
651,366,2024-12-14,40772100.0,2024,12,4,Saturday
652,421,2024-11-14,66229644.0,2024,11,4,Thursday
653,172,2024-08-09,82476656.0,2024,8,3,Friday
654,69,2024-03-08,94383007.0,2024,3,1,Friday
655,156,2023-10-25,41176308.0,2023,10,4,Wednesday
656,328,2023-06-27,96940576.0,2023,6,2,Tuesday
657,432,2024-11-24,15465264.0,2024,11,4,Sunday
658,361,2023-12-01,94912257.0,2023,12,4,Friday
659,11,2023-03-07,0.0,2023,3,1,Tuesday
660,60,2023-04-13,56208948.0,2023,4,2,Thursday
661,107,2023-02-27,148240765.0,2023,2,1,Monday
662,173,2024-02-02,20443478.0,2024,2,1,Friday
663,228,2023-07-10,56258949.0,2023,7,3,Monday
664,170,2023-12-01,156515407.0,2023,12,4,Friday
665,393,2024-07-19,0.0,2024,7,3,Friday
666,185,2024-09-29,100707348.0,2024,9,3,Sunday
667,493,2024-05-13,89007348.0,2024,5,2,Monday
668,374,2024-10-02,93574102.0,2024,10,4,Wednesday
669,279,2023-10-05,44718467.0,2023,10,4,Thursday
670,163,2023-12-29,42744392.0,2023,12,4,Friday
671,118,2023-08-07,9856125.0,2023,8,3,Monday
672,103,2024-01-01,45059450.0,2024,1,1,Monday
673,41,2023-06-30,116109932.0,2023,6,2,Friday
674,51,2023-07-14,67780728.0,2023,7,3,Friday
675,280,2024-01-10,171523922.0,2024,1,1,Wednesday
676,426,2023-07-21,68301665.0,2023,7,3,Friday
677,439,2023-12-29,66625185.0,2023,12,4,Friday
678,23,2023-01-12,37469904.0,2023,1,1,Thursday
679,292,2023-08-16,134156546.0,2023,8,3,Wednesday
680,229,2024-03-04,40241590.0,2024,3,1,Monday
681,491,2023-02-07,145929555.0,2023,2,1,Tuesday
682,120,2023-01-10,95430045.0,2023,1,1,Tuesday
683,363,2024-09-13,46938220.0,2024,9,3,Friday
684,478,2024-01-22,0.0,2024,1,1,Monday
685,418,2024-04-04,13883090.0,2024,4,2,Thursday
686,354,2023-05-03,195253155.0,2023,5,2,Wednesday
687,253,2024-09-03,29707006.0,2024,9,3,Tuesday
688,391,2024-06-10,7677245.0,2024,6,2,Monday
689,19,2023-12-03,24690281.0,2023,12,4,Sunday
690,101,2024-05-13,0.0,2024,5,2,Monday
691,317,2024-12-28,121210813.0,2024,12,4,Saturday
692,461,2024-12-15,156944674.0,2024,12,4,Sunday
693,199,2023-11-25,54360580.0,2023,11,4,Saturday
694,88,2024-09-14,126245655.0,2024,9,3,Saturday
695,416,2023-03-05,36465631.0,2023,3,1,Sunday
696,279,2023-06-17,32021295.0,2023,6,2,Saturday
697,402,2023-06-13,0.0,2023,6,2,Tuesday
698,113,2024-02-23,34803330.0,2024,2,1,Friday
699,44,2023-11-02,6988572.0,2023,11,4,Thursday
700,478,2024-10-29,72715851.0,2024,10,4,Tuesday
701,150,2024-07-08,5851383.0,2024,7,3,Monday
702,190,2023-10-01,49110558.0,2023,10,4,Sunday
703,201,2023-08-05,19487000.0,2023,8,3,Saturday
704,275,2023-09-15,1554738.0,2023,9,3,Friday
705,340,2023-04-26,24644479.0,2023,4,2,Wednesday
706,374,2023-03-04,64321297.0,2023,3,1,Saturday
707,265,2023-05-05,162933811.0,2023,5,2,Friday
708,232,2023-06-29,94325070.0,2023,6,2,Thursday
709,403,2024-10-20,142864749.0,2024,10,4,Sunday
710,368,2024-08-14,33237792.0,2024,8,3,Wednesday
711,461,2024-03-18,81443178.0,2024,3,1,Monday
712,280,2024-04-04,116859303.0,2024,4,2,Thursday
713,319,2023-07-13,122858256.0,2023,7,3,Thursday
714,401,2023-11-29,0.0,2023,11,4,Wednesday
715,298,2024-05-23,118390362.0,2024,5,2,Thursday
716,127,2024-03-26,26988146.0,2024,3,1,Tuesday
717,351,2023-05-20,34920498.0,2023,5,2,Saturday
718,68,2024-06-09,56861240.0,2024,6,2,Sunday
719,224,2024-12-16,3961357.0,2024,12,4,Monday
720,275,2023-01-26,0.0,2023,1,1,Thursday
721,175,2023-06-08,142603348.0,2023,6,2,Thursday
722,98,2023-11-21,133676652.0,2023,11,4,Tuesday
723,471,2023-08-07,167610951.0,2023,8,3,Monday
724,156,2023-01-29,5205140.0,2023,1,1,Sunday
725,265,2024-08-21,9525228.0,2024,8,3,Wednesday
726,409,2023-03-09,62541620.0,2023,3,1,Thursday
727,216,2023-05-03,106961446.0,2023,5,2,Wednesday
728,318,2024-09-29,37053684.0,2024,9,3,Sunday
729,363,2023-03-27,60850638.0,2023,3,1,Monday
730,331,2023-04-28,64585488.0,2023,4,2,Friday
731,121,2023-01-02,25678500.0,2023,1,1,Monday
732,381,2023-08-22,94861137.0,2023,8,3,Tuesday
733,230,2023-06-08,82332490.0,2023,6,2,Thursday
734,304,2024-11-30,127244094.0,2024,11,4,Saturday
735,273,2024-07-05,65239562.0,2024,7,3,Friday
736,124,2024-12-07,105006242.0,2024,12,4,Saturday
737,438,2024-04-28,85733199.0,2024,4,2,Sunday
738,36,2024-12-02,47954355.0,2024,12,4,Monday
739,391,2023-12-24,209813717.0,2023,12,4,Sunday
740,404,2024-12-19,90056434.0,2024,12,4,Thursday
741,186,2023-09-17,0.0,2023,9,3,Sunday
742,230,2023-08-17,118809860.0,2023,8,3,Thursday
743,425,2023-01-18,180908867.0,2023,1,1,Wednesday
744,330,2023-12-29,128449616.0,2023,12,4,Friday
745,180,2023-09-30,43547898.0,2023,9,3,Saturday
746,418,2024-03-12,21631287.0,2024,3,1,Tuesday
747,90,2023-12-30,104208956.0,2023,12,4,Saturday
748,439,2023-04-28,172326269.0,2023,4,2,Friday
749,485,2024-05-05,106079328.0,2024,5,2,Sunday
750,332,2023-08-21,22677708.0,2023,8,3,Monday
751,169,2024-07-05,94531376.0,2024,7,3,Friday
752,92,2024-02-04,150926634.0,2024,2,1,Sunday
753,31,2024-12-19,52524674.0,2024,12,4,Thursday
754,402,2024-05-21,59062907.0,2024,5,2,Tuesday
755,124,2023-08-29,105657694.0,2023,8,3,Tuesday
756,454,2024-05-29,53795977.0,2024,5,2,Wednesday
757,312,2024-04-17,47333928.0,2024,4,2,Wednesday
758,480,2023-12-30,23194928.0,2023,12,4,Saturday
759,33,2023-04-29,46332464.0,2023,4,2,Saturday
760,119,2024-12-11,22117392.0,2024,12,4,Wednesday
761,163,2024-12-19,11440896.0,2024,12,4,Thursday
762,257,2023-12-08,15502726.0,2023,12,4,Friday
763,41,2024-03-16,4124568.0,2024,3,1,Saturday
764,97,2024-01-03,77047624.0,2024,1,1,Wednesday
765,485,2023-04-17,132914182.0,2023,4,2,Monday
766,62,2024-12-14,0.0,2024,12,4,Saturday
767,273,2024-09-21,97753068.0,2024,9,3,Saturday
768,328,2023-01-31,104410290.0,2023,1,1,Tuesday
769,105,2024-09-02,7869390.0,2024,9,3,Monday
770,438,2024-10-31,9721400.0,2024,10,4,Thursday
771,391,2024-07-11,39235716.0,2024,7,3,Thursday
772,205,2023-01-06,0.0,2023,1,1,Friday
773,285,2023-08-21,0.0,2023,8,3,Monday
774,336,2023-09-06,8986384.0,2023,9,3,Wednesday
775,38,2023-11-13,51217570.0,2023,11,4,Monday
776,253,2024-09-29,143013941.0,2024,9,3,Sunday
777,3,2024-06-03,59005977.0,2024,6,2,Monday
778,98,2024-09-21,80665220.0,2024,9,3,Saturday
779,488,2023-11-13,177061371.0,2023,11,4,Monday
780,3,2023-11-04,11911266.0,2023,11,4,Saturday
781,327,2023-02-27,118298318.0,2023,2,1,Monday
782,332,2023-01-06,43204024.0,2023,1,1,Friday
783,385,2023-10-21,46259458.0,2023,10,4,Saturday
784,343,2024-11-21,130625251.0,2024,11,4,Thursday
785,189,2024-06-26,44986946.0,2024,6,2,Wednesday
786,443,2024-06-03,121635751.0,2024,6,2,Monday
787,82,2023-10-02,170200054.0,2023,10,4,Monday
788,402,2023-03-16,32388250.0,2023,3,1,Thursday
789,21,2023-06-20,43395453.0,2023,6,2,Tuesday
790,293,2023-07-08,13256702.0,2023,7,3,Saturday
791,105,2023-06-12,54199834.0,2023,6,2,Monday
792,135,2023-07-17,109905683.0,2023,7,3,Monday
793,386,2023-08-23,1590992.0,2023,8,3,Wednesday
794,276,2024-05-12,11046990.0,2024,5,2,Sunday
795,236,2023-11-09,200689416.0,2023,11,4,Thursday
796,53,2023-02-07,81518930.0,2023,2,1,Tuesday
797,125,2024-02-13,0.0,2024,2,1,Tuesday
798,16,2024-12-18,11820160.0,2024,12,4,Wednesday
799,37,2023-08-02,92949291.0,2023,8,3,Wednesday
800,342,2023-12-18,53537046.0,2023,12,4,Monday
801,443,2023-12-01,63121011.0,2023,12,4,Friday
802,261,2024-02-23,31819840.0,2024,2,1,Friday
803,265,2023-07-19,14480985.0,2023,7,3,Wednesday
804,169,2024-10-25,80708532.0,2024,10,4,Friday
805,370,2024-06-18,51151312.0,2024,6,2,Tuesday
806,431,2023-09-13,96371965.0,2023,9,3,Wednesday
807,82,2024-11-27,100112392.0,2024,11,4,Wednesday
808,276,2023-04-28,128445925.0,2023,4,2,Friday
809,460,2024-09-28,23864880.0,2024,9,3,Saturday
810,422,2024-05-24,25072318.0,2024,5,2,Friday
811,447,2024-07-30,32959366.0,2024,7,3,Tuesday
812,106,2023-01-01,132284898.0,2023,1,1,Sunday
813,167,2023-09-20,88671561.0,2023,9,3,Wednesday
814,422,2024-07-31,29063088.0,2024,7,3,Wednesday
815,204,2023-10-02,12660840.0,2023,10,4,Monday
816,83,2023-04-02,30209964.0,2023,4,2,Sunday
817,408,2024-11-28,70262401.0,2024,11,4,Thursday
818,203,2023-04-13,25679648.0,2023,4,2,Thursday
819,397,2023-02-01,38362615.0,2023,2,1,Wednesday
820,382,2024-08-24,8373603.0,2024,8,3,Saturday
821,202,2023-08-26,134166079.0,2023,8,3,Saturday
822,381,2024-06-22,80794158.0,2024,6,2,Saturday
823,89,2023-11-04,53019224.0,2023,11,4,Saturday
824,261,2024-10-16,109080128.0,2024,10,4,Wednesday
825,266,2023-07-01,45563494.0,2023,7,3,Saturday
826,266,2023-12-10,18171765.0,2023,12,4,Sunday
827,211,2024-12-03,52074972.0,2024,12,4,Tuesday
828,39,2023-02-13,45370963.0,2023,2,1,Monday
829,79,2023-09-12,173653877.0,2023,9,3,Tuesday
830,150,2024-07-18,169125592.0,2024,7,3,Thursday
831,255,2024-11-02,11804085.0,2024,11,4,Saturday
832,405,2024-05-06,47960978.0,2024,5,2,Monday
833,151,2024-08-16,121354319.0,2024,8,3,Friday
834,397,2023-03-12,38916768.0,2023,3,1,Sunday
835,302,2023-03-18,116887584.0,2023,3,1,Saturday
836,338,2023-05-11,136178406.0,2023,5,2,Thursday
837,126,2024-04-17,35438976.0,2024,4,2,Wednesday
838,403,2023-12-16,113026688.0,2023,12,4,Saturday
839,266,2024-12-28,50846296.0,2024,12,4,Saturday
840,385,2024-04-19,5824920.0,2024,4,2,Friday
841,122,2024-10-23,267870700.0,2024,10,4,Wednesday
842,431,2023-03-08,106614856.0,2023,3,1,Wednesday
843,240,2023-08-16,60672177.0,2023,8,3,Wednesday
844,236,2023-10-28,80257588.0,2023,10,4,Saturday
845,82,2024-08-19,48744534.0,2024,8,3,Monday
846,91,2024-12-24,145619781.0,2024,12,4,Tuesday
847,113,2024-07-24,26936314.0,2024,7,3,Wednesday
848,188,2024-05-16,46938220.0,2024,5,2,Thursday
849,153,2023-11-11,22039615.0,2023,11,4,Saturday
850,213,2023-02-25,26176115.0,2023,2,1,Saturday
851,17,2023-08-17,103132426.0,2023,8,3,Thursday
852,449,2023-11-27,91873788.0,2023,11,4,Monday
853,268,2024-08-21,77481834.0,2024,8,3,Wednesday
854,433,2024-01-24,108491457.0,2024,1,1,Wednesday
855,47,2023-10-25,113070740.0,2023,10,4,Wednesday
856,306,2024-12-23,31223391.0,2024,12,4,Monday
857,190,2024-03-21,0.0,2024,3,1,Thursday
858,127,2023-10-26,0.0,2023,10,4,Thursday
859,23,2024-10-03,16759595.0,2024,10,4,Thursday
860,274,2023-12-13,108326589.0,2023,12,4,Wednesday
861,8,2024-04-18,1615719.0,2024,4,2,Thursday
862,124,2023-01-25,13771930.0,2023,1,1,Wednesday
863,95,2024-05-30,13936880.0,2024,5,2,Thursday
864,212,2023-09-20,76170427.0,2023,9,3,Wednesday
865,208,2023-09-10,87559041.0,2023,9,3,Sunday
866,159,2023-02-17,64495628.0,2023,2,1,Friday
867,52,2023-03-19,108538110.0,2023,3,1,Sunday
868,175,2024-05-08,31671321.0,2024,5,2,Wednesday
869,117,2023-04-01,166225324.0,2023,4,2,Saturday
870,405,2023-08-10,66033949.0,2023,8,3,Thursday
871,122,2024-05-24,0.0,2024,5,2,Friday
872,289,2023-06-13,34330185.0,2023,6,2,Tuesday
873,39,2024-01-29,25197883.0,2024,1,1,Monday
874,292,2023-08-31,74250706.0,2023,8,3,Thursday
875,41,2024-03-16,53812261.0,2024,3,1,Saturday
876,109,2023-01-29,103730010.0,2023,1,1,Sunday
877,253,2024-12-19,105823689.0,2024,12,4,Thursday
878,490,2023-05-22,100018116.0,2023,5,2,Monday
879,331,2023-07-30,30296658.0,2023,7,3,Sunday
880,23,2023-01-26,65289666.0,2023,1,1,Thursday
881,268,2023-09-22,29622607.0,2023,9,3,Friday
882,166,2023-04-26,94986064.0,2023,4,2,Wednesday
883,310,2023-07-12,7911300.0,2023,7,3,Wednesday
884,267,2023-02-12,4164927.0,2023,2,1,Sunday
885,241,2024-10-12,76962588.0,2024,10,4,Saturday
886,39,2023-05-03,67470669.0,2023,5,2,Wednesday
887,272,2023-09-24,119240970.0,2023,9,3,Sunday
888,43,2024-07-20,49600627.0,2024,7,3,Saturday
889,299,2023-07-31,142939584.0,2023,7,3,Monday
890,139,2024-12-28,685021.0,2024,12,4,Saturday
891,383,2023-11-04,137225896.0,2023,11,4,Saturday
892,44,2023-04-25,5135700.0,2023,4,2,Tuesday
893,48,2023-07-23,165763175.0,2023,7,3,Sunday
894,358,2024-09-07,83752330.0,2024,9,3,Saturday
895,26,2023-08-24,97172960.0,2023,8,3,Thursday
896,425,2023-06-17,141860519.0,2023,6,2,Saturday
897,471,2024-02-21,5897425.0,2024,2,1,Wednesday
898,181,2023-05-13,112013387.0,2023,5,2,Saturday
899,95,2023-12-27,179132398.0,2023,12,4,Wednesday
900,249,2023-11-11,90506462.0,2023,11,4,Saturday
901,22,2023-07-30,4919481.0,2023,7,3,Sunday
902,387,2024-07-13,139781952.0,2024,7,3,Saturday
903,477,2024-05-01,211251902.0,2024,5,2,Wednesday
904,99,2023-05-13,55506436.0,2023,5,2,Saturday
905,423,2023-09-22,8334179.0,2023,9,3,Friday
906,156,2024-10-08,73299784.0,2024,10,4,Tuesday
907,410,2023-07-12,156592894.0,2023,7,3,Wednesday
908,296,2023-02-03,66326017.0,2023,2,1,Friday
909,419,2024-05-12,69660971.0,2024,5,2,Sunday
910,291,2023-01-10,28675890.0,2023,1,1,Tuesday
911,140,2024-06-13,81988946.0,2024,6,2,Thursday
912,271,2023-02-23,30825622.0,2023,2,1,Thursday
913,22,2024-05-17,10138887.0,2024,5,2,Friday
914,423,2024-10-29,19332107.0,2024,10,4,Tuesday
915,150,2023-02-10,0.0,2023,2,1,Friday
916,73,2023-01-05,124653489.0,2023,1,1,Thursday
917,55,2024-10-27,26832471.0,2024,10,4,Sunday
918,474,2023-11-17,134737549.0,2023,11,4,Friday
919,184,2024-04-28,96953960.0,2024,4,2,Sunday
920,227,2023-04-04,103264832.0,2023,4,2,Tuesday
921,58,2024-02-12,112422045.0,2024,2,1,Monday
922,303,2024-04-28,52106099.0,2024,4,2,Sunday
923,285,2024-02-24,0.0,2024,2,1,Saturday
924,298,2024-04-09,17808086.0,2024,4,2,Tuesday
925,387,2023-12-17,91433342.0,2023,12,4,Sunday
926,170,2023-05-21,18896659.0,2023,5,2,Sunday
927,166,2024-10-22,0.0,2024,10,4,Tuesday
928,447,2024-05-12,50128104.0,2024,5,2,Sunday
929,240,2024-08-30,10005660.0,2024,8,3,Friday
930,187,2023-05-27,80443698.0,2023,5,2,Saturday
931,74,2024-09-23,0.0,2024,9,3,Monday
932,135,2023-07-03,70931880.0,2023,7,3,Monday
933,371,2024-09-05,35337600.0,2024,9,3,Thursday
934,38,2024-03-04,97105064.0,2024,3,1,Monday
935,315,2023-10-18,31645200.0,2023,10,4,Wednesday
936,365,2024-04-19,62956340.0,2024,4,2,Friday
937,413,2024-09-04,79558120.0,2024,9,3,Wednesday
938,352,2024-10-26,100112146.0,2024,10,4,Saturday
939,288,2024-08-10,8652360.0,2024,8,3,Saturday
940,433,2023-05-21,76322974.0,2023,5,2,Sunday
941,130,2024-04-20,21841480.0,2024,4,2,Saturday
942,131,2023-06-16,81068025.0,2023,6,2,Friday
943,193,2024-05-19,40166778.0,2024,5,2,Sunday
944,253,2023-06-23,79636800.0,2023,6,2,Friday
945,245,2023-12-19,86503070.0,2023,12,4,Tuesday
946,142,2024-12-03,56663996.0,2024,12,4,Tuesday
947,388,2023-10-19,76793884.0,2023,10,4,Thursday
948,381,2024-01-20,0.0,2024,1,1,Saturday
949,69,2024-08-20,90302447.0,2024,8,3,Tuesday
950,270,2023-04-30,8163882.0,2023,4,2,Sunday
951,376,2023-12-18,22307670.0,2023,12,4,Monday
952,176,2024-12-03,38955813.0,2024,12,4,Tuesday
953,42,2023-11-16,0.0,2023,11,4,Thursday
954,181,2023-04-11,0.0,2023,4,2,Tuesday
955,385,2023-01-08,73917954.0,2023,1,1,Sunday
956,447,2024-10-18,39754959.0,2024,10,4,Friday
957,473,2023-01-16,32410097.0,2023,1,1,Monday
958,244,2023-01-30,122600727.0,2023,1,1,Monday
959,488,2024-11-01,105224626.0,2024,11,4,Friday
960,376,2023-01-08,132319326.0,2023,1,1,Sunday
961,353,2023-09-04,82169760.0,2023,9,3,Monday
962,377,2024-07-31,28500475.0,2024,7,3,Wednesday
963,305,2024-08-16,6995415.0,2024,8,3,Friday
964,254,2023-08-09,0.0,2023,8,3,Wednesday
965,475,2023-10-27,0.0,2023,10,4,Friday
966,178,2024-06-27,0.0,2024,6,2,Thursday
967,196,2024-07-24,62154151.0,2024,7,3,Wednesday
968,178,2024-01-30,12570768.0,2024,1,1,Tuesday
969,271,2024-07-09,0.0,2024,7,3,Tuesday
970,381,2023-06-05,0.0,2023,6,2,Monday
971,127,2024-09-07,120819650.0,2024,9,3,Saturday
972,18,2023-03-23,179077232.0,2023,3,1,Thursday
973,188,2023-05-12,51993837.0,2023,5,2,Friday
974,82,2024-06-07,3960552.0,2024,6,2,Friday
975,186,2024-09-07,84137424.0,2024,9,3,Saturday
976,66,2024-11-16,56448515.0,2024,11,4,Saturday
977,132,2024-03-23,47949568.0,2024,3,1,Saturday
978,382,2023-10-02,7398480.0,2023,10,4,Monday
979,405,2024-03-04,141691110.0,2024,3,1,Monday
980,220,2023-09-26,36282170.0,2023,9,3,Tuesday
981,487,2023-01-23,85664086.0,2023,1,1,Monday
982,397,2024-08-27,36307245.0,2024,8,3,Tuesday
983,214,2024-09-30,52713196.0,2024,9,3,Monday
984,276,2023-01-27,244797490.0,2023,1,1,Friday
985,236,2023-01-13,176789562.0,2023,1,1,Friday
986,424,2024-05-18,165634457.0,2024,5,2,Saturday
987,167,2024-04-18,35893715.0,2024,4,2,Thursday
988,490,2023-10-24,0.0,2023,10,4,Tuesday
989,477,2023-12-09,36059931.0,2023,12,4,Saturday
990,271,2024-03-03,29530610.0,2024,3,1,Sunday
991,493,2023-12-08,40469420.0,2023,12,4,Friday
992,126,2023-06-04,0.0,2023,6,2,Sunday
993,208,2023-08-18,16558516.0,2023,8,3,Friday
994,108,2023-11-15,40424625.0,2023,11,4,Wednesday
995,87,2023-01-18,114936672.0,2023,1,1,Wednesday
996,193,2023-02-14,0.0,2023,2,1,Tuesday
997,92,2024-12-06,38944039.0,2024,12,4,Friday
998,284,2024-01-27,1108700.0,2024,1,1,Saturday
999,498,2023-07-22,201264046.0,2023,7,3,Saturday
1000,123,2024-08-05,0.0,2024,8,3,Monday
1001,357,2023-01-05,34260005.0,2023,1,1,Thursday
1002,146,2023-07-30,100554445.0,2023,7,3,Sunday
1003,57,2023-12-18,90290378.0,2023,12,4,Monday
1004,232,2024-03-09,26266828.0,2024,3,1,Saturday
1005,15,2023-08-11,0.0,2023,8,3,Friday
1006,436,2023-04-13,5287744.0,2023,4,2,Thursday
1007,163,2023-10-11,55408970.0,2023,10,4,Wednesday
1008,32,2023-04-03,6285384.0,2023,4,2,Monday
1009,254,2023-12-21,10946306.0,2023,12,4,Thursday
1010,102,2024-08-27,35323968.0,2024,8,3,Tuesday
1011,158,2024-04-21,34044668.0,2024,4,2,Sunday
1012,268,2024-04-07,0.0,2024,4,2,Sunday
1013,184,2023-04-05,1433476.0,2023,4,2,Wednesday
1014,117,2023-02-17,118976069.0,2023,2,1,Friday
1015,344,2024-01-01,2523655.0,2024,1,1,Monday
1016,399,2023-09-24,77157009.0,2023,9,3,Sunday
1017,281,2023-03-11,63703436.0,2023,3,1,Saturday
1018,339,2024-02-24,72555866.0,2024,2,1,Saturday
1019,395,2023-02-23,49278924.0,2023,2,1,Thursday
1020,258,2024-04-22,47301492.0,2024,4,2,Monday
1021,453,2023-03-30,24112287.0,2023,3,1,Thursday
1022,216,2024-12-09,9901380.0,2024,12,4,Monday
1023,376,2024-06-10,42862293.0,2024,6,2,Monday
1024,79,2024-06-13,41723455.0,2024,6,2,Thursday
1025,419,2024-04-14,89749882.0,2024,4,2,Sunday
1026,92,2023-12-26,57541771.0,2023,12,4,Tuesday
1027,389,2024-01-21,28068944.0,2024,1,1,Sunday
1028,448,2023-02-07,92141801.0,2023,2,1,Tuesday
1029,262,2024-06-19,0.0,2024,6,2,Wednesday
1030,384,2024-11-28,27321944.0,2024,11,4,Thursday
1031,126,2024-04-15,30475478.0,2024,4,2,Monday
1032,193,2023-11-01,82011798.0,2023,11,4,Wednesday
1033,270,2023-06-13,159515624.0,2023,6,2,Tuesday
1034,311,2023-04-23,31080726.0,2023,4,2,Sunday
1035,262,2024-12-07,43303579.0,2024,12,4,Saturday
1036,211,2024-06-24,168054371.0,2024,6,2,Monday
1037,193,2023-09-11,26645074.0,2023,9,3,Monday
1038,4,2024-08-28,39936945.0,2024,8,3,Wednesday
1039,16,2024-01-10,130223806.0,2024,1,1,Wednesday
1040,494,2023-09-04,10556975.0,2023,9,3,Monday
1041,238,2024-04-01,56034832.0,2024,4,2,Monday
1042,221,2024-06-12,24698304.0,2024,6,2,Wednesday
1043,284,2024-03-16,41214132.0,2024,3,1,Saturday
1044,118,2023-09-19,184737944.0,2023,9,3,Tuesday
1045,437,2024-05-05,117731061.0,2024,5,2,Sunday
1046,48,2024-06-07,71272897.0,2024,6,2,Friday
1047,21,2023-11-17,40891831.0,2023,11,4,Friday
1048,490,2024-02-10,23362244.0,2024,2,1,Saturday
1049,94,2023-01-09,25840896.0,2023,1,1,Monday
1050,140,2024-11-30,195058706.0,2024,11,4,Saturday
1051,302,2023-08-12,29022217.0,2023,8,3,Saturday
1052,131,2023-10-31,68908928.0,2023,10,4,Tuesday
1053,273,2023-05-19,48876968.0,2023,5,2,Friday
1054,54,2023-11-19,89365524.0,2023,11,4,Sunday
1055,466,2024-05-10,0.0,2024,5,2,Friday
1056,401,2023-01-16,136325300.0,2023,1,1,Monday
1057,247,2024-10-20,217134265.0,2024,10,4,Sunday
1058,491,2023-01-02,98663264.0,2023,1,1,Monday
1059,492,2024-06-19,0.0,2024,6,2,Wednesday
1060,396,2024-07-31,67486347.0,2024,7,3,Wednesday
1061,309,2024-10-28,91444244.0,2024,10,4,Monday
1062,498,2023-10-25,23603276.0,2023,10,4,Wednesday
1063,37,2024-03-26,63579421.0,2024,3,1,Tuesday
1064,471,2024-03-31,77281528.0,2024,3,1,Sunday
1065,35,2024-03-05,49440028.0,2024,3,1,Tuesday
1066,294,2023-06-10,19975285.0,2023,6,2,Saturday
1067,298,2024-10-16,71266464.0,2024,10,4,Wednesday
1068,296,2024-04-02,19960837.0,2024,4,2,Tuesday
1069,428,2023-09-23,181245706.0,2023,9,3,Saturday
1070,45,2024-09-06,25859969.0,2024,9,3,Friday
1071,417,2023-12-17,33907636.0,2023,12,4,Sunday
1072,329,2023-12-23,192606044.0,2023,12,4,Saturday
1073,170,2023-09-22,47049996.0,2023,9,3,Friday
1074,24,2023-07-18,26532935.0,2023,7,3,Tuesday
1075,31,2023-12-05,33984036.0,2023,12,4,Tuesday
1076,320,2023-04-21,50954190.0,2023,4,2,Friday
1077,313,2023-11-02,39280246.0,2023,11,4,Thursday
1078,190,2023-03-06,150313367.0,2023,3,1,Monday
1079,344,2024-09-04,128567181.0,2024,9,3,Wednesday
1080,184,2023-03-30,76819117.0,2023,3,1,Thursday
1081,497,2023-08-12,0.0,2023,8,3,Saturday
1082,107,2024-08-30,31058757.0,2024,8,3,Friday
1083,50,2024-10-04,2602570.0,2024,10,4,Friday
1084,344,2023-03-07,35145766.0,2023,3,1,Tuesday
1085,240,2024-01-14,166370900.0,2024,1,1,Sunday
1086,162,2023-02-04,91612035.0,2023,2,1,Saturday
1087,206,2023-01-20,118949971.0,2023,1,1,Friday
1088,361,2024-03-29,73413742.0,2024,3,1,Friday
1089,34,2023-11-05,181686149.0,2023,11,4,Sunday
1090,118,2024-08-31,62074872.0,2024,8,3,Saturday
1091,376,2024-05-05,55339590.0,2024,5,2,Sunday
1092,193,2024-05-09,23029921.0,2024,5,2,Thursday
1093,489,2023-06-03,131293706.0,2023,6,2,Saturday
1094,186,2024-10-30,13934710.0,2024,10,4,Wednesday
1095,344,2023-02-06,127965506.0,2023,2,1,Monday
1096,196,2023-06-14,53033061.0,2023,6,2,Wednesday
1097,77,2024-08-11,0.0,2024,8,3,Sunday
1098,293,2023-09-21,153882091.0,2023,9,3,Thursday
1099,106,2023-01-29,23267230.0,2023,1,1,Sunday
1100,473,2023-05-19,44922382.0,2023,5,2,Friday
1101,418,2024-11-08,19962316.0,2024,11,4,Friday
1102,410,2023-07-27,66197794.0,2023,7,3,Thursday
1103,493,2023-09-27,143516818.0,2023,9,3,Wednesday
1104,309,2023-06-17,49987351.0,2023,6,2,Saturday
1105,82,2023-09-24,70371250.0,2023,9,3,Sunday
1106,24,2024-08-13,40622728.0,2024,8,3,Tuesday
1107,92,2024-03-03,5334058.0,2024,3,1,Sunday
1108,390,2023-02-08,119145173.0,2023,2,1,Wednesday
1109,432,2024-11-09,136630187.0,2024,11,4,Saturday
1110,288,2023-12-31,69450533.0,2023,12,4,Sunday
1111,255,2024-10-04,87527340.0,2024,10,4,Friday
1112,118,2024-08-07,34175076.0,2024,8,3,Wednesday
1113,258,2023-10-17,126321226.0,2023,10,4,Tuesday
1114,59,2024-05-22,96749122.0,2024,5,2,Wednesday
1115,481,2023-09-23,103080990.0,2023,9,3,Saturday
1116,473,2023-01-30,8666672.0,2023,1,1,Monday
1117,343,2023-12-10,27766180.0,2023,12,4,Sunday
1118,201,2023-10-23,116213226.0,2023,10,4,Monday
1119,360,2024-04-14,83123968.0,2024,4,2,Sunday
1120,494,2023-02-05,114940397.0,2023,2,1,Sunday
1121,210,2023-01-15,69511490.0,2023,1,1,Sunday
1122,243,2023-01-12,89687648.0,2023,1,1,Thursday
1123,150,2023-02-24,119598707.0,2023,2,1,Friday
1124,20,2023-04-13,122586548.0,2023,4,2,Thursday
1125,478,2024-09-26,65606924.0,2024,9,3,Thursday
1126,29,2024-01-08,110249988.0,2024,1,1,Monday
1127,82,2024-04-12,62270460.0,2024,4,2,Friday
1128,126,2023-03-19,3082740.0,2023,3,1,Sunday
1129,111,2023-06-28,18180015.0,2023,6,2,Wednesday
1130,166,2023-12-11,65413505.0,2023,12,4,Monday
1131,270,2024-09-03,123894519.0,2024,9,3,Tuesday
1132,115,2023-07-26,58895610.0,2023,7,3,Wednesday
1133,170,2023-04-06,69591277.0,2023,4,2,Thursday
1134,26,2023-09-11,56204856.0,2023,9,3,Monday
1135,135,2024-02-01,97655688.0,2024,2,1,Thursday
1136,426,2024-01-27,40652053.0,2024,1,1,Saturday
1137,277,2024-02-04,100316036.0,2024,2,1,Sunday
1138,288,2023-09-17,2805039.0,2023,9,3,Sunday
1139,250,2024-01-27,156359830.0,2024,1,1,Saturday
1140,468,2023-11-07,95687581.0,2023,11,4,Tuesday
1141,372,2024-10-21,6903997.0,2024,10,4,Monday
1142,398,2023-08-23,89901796.0,2023,8,3,Wednesday
1143,186,2024-04-03,140739601.0,2024,4,2,Wednesday
1144,394,2024-12-19,63434541.0,2024,12,4,Thursday
1145,435,2023-01-06,110840594.0,2023,1,1,Friday
1146,452,2023-09-20,71529765.0,2023,9,3,Wednesday
1147,257,2023-07-01,83106428.0,2023,7,3,Saturday
1148,268,2024-12-05,60753216.0,2024,12,4,Thursday
1149,163,2023-12-03,45039186.0,2023,12,4,Sunday
1150,10,2023-07-07,40344175.0,2023,7,3,Friday
1151,137,2023-06-26,127284414.0,2023,6,2,Monday
1152,122,2024-06-30,38886847.0,2024,6,2,Sunday
1153,239,2024-03-29,181760099.0,2024,3,1,Friday
1154,340,2023-06-09,0.0,2023,6,2,Friday
1155,247,2023-06-27,43738744.0,2023,6,2,Tuesday
1156,229,2023-03-17,84047317.0,2023,3,1,Friday
1157,18,2024-01-12,73635868.0,2024,1,1,Friday
1158,154,2023-07-13,189691754.0,2023,7,3,Thursday
1159,254,2024-11-28,120339296.0,2024,11,4,Thursday
1160,428,2023-06-05,145833566.0,2023,6,2,Monday
1161,2,2023-04-01,37965205.0,2023,4,2,Saturday
1162,232,2023-04-20,73141871.0,2023,4,2,Thursday
1163,474,2023-04-29,83372361.0,2023,4,2,Saturday
1164,114,2024-04-07,0.0,2024,4,2,Sunday
1165,488,2024-10-20,59846597.0,2024,10,4,Sunday
1166,277,2024-09-15,74314545.0,2024,9,3,Sunday
1167,391,2023-10-15,9286942.0,2023,10,4,Sunday
1168,348,2024-11-18,37054635.0,2024,11,4,Monday
1169,154,2024-02-15,284824461.0,2024,2,1,Thursday
1170,346,2023-03-28,26563768.0,2023,3,1,Tuesday
1171,220,2024-09-08,82810050.0,2024,9,3,Sunday
1172,387,2023-12-08,53613573.0,2023,12,4,Friday
1173,450,2023-06-10,18746780.0,2023,6,2,Saturday
1174,2,2024-07-05,99054832.0,2024,7,3,Friday
1175,378,2024-06-10,135622923.0,2024,6,2,Monday
1176,279,2024-03-15,88550553.0,2024,3,1,Friday
1177,58,2024-10-23,20430486.0,2024,10,4,Wednesday
1178,364,2023-05-02,69223944.0,2023,5,2,Tuesday
1179,230,2024-07-26,37589150.0,2024,7,3,Friday
1180,220,2023-09-28,125582868.0,2023,9,3,Thursday
1181,291,2024-05-08,43515747.0,2024,5,2,Wednesday
1182,102,2023-05-20,94382907.0,2023,5,2,Saturday
1183,466,2023-09-24,0.0,2023,9,3,Sunday
1184,356,2023-09-08,103882608.0,2023,9,3,Friday
1185,291,2023-11-04,28842462.0,2023,11,4,Saturday
1186,192,2024-06-21,30232480.0,2024,6,2,Friday
1187,449,2023-09-07,770112.0,2023,9,3,Thursday
1188,352,2024-03-26,104291418.0,2024,3,1,Tuesday
1189,56,2023-12-28,11478789.0,2023,12,4,Thursday
1190,467,2024-07-26,16754503.0,2024,7,3,Friday
1191,150,2023-01-03,116162202.0,2023,1,1,Tuesday
1192,96,2023-11-03,6925285.0,2023,11,4,Friday
1193,205,2023-08-21,34044952.0,2023,8,3,Monday
1194,483,2024-02-02,179900612.0,2024,2,1,Friday
1195,486,2024-10-25,0.0,2024,10,4,Friday
1196,141,2023-04-25,25620810.0,2023,4,2,Tuesday
1197,227,2024-05-25,120170970.0,2024,5,2,Saturday
1198,259,2024-02-10,7193088.0,2024,2,1,Saturday
1199,112,2023-08-13,80624496.0,2023,8,3,Sunday
1200,84,2023-12-09,205426513.0,2023,12,4,Saturday
1201,162,2023-12-06,83418252.0,2023,12,4,Wednesday
1202,131,2023-05-11,74206529.0,2023,5,2,Thursday
1203,350,2023-07-02,59795616.0,2023,7,3,Sunday
1204,23,2023-09-03,129131332.0,2023,9,3,Sunday
1205,194,2023-12-19,15155455.0,2023,12,4,Tuesday
1206,55,2023-05-13,38077289.0,2023,5,2,Saturday
1207,231,2023-02-12,77274301.0,2023,2,1,Sunday
1208,50,2023-11-16,74908265.0,2023,11,4,Thursday
1209,6,2024-05-10,25679648.0,2024,5,2,Friday
1210,287,2024-04-21,208056153.0,2024,4,2,Sunday
1211,154,2023-12-31,67636560.0,2023,12,4,Sunday
1212,184,2024-09-22,49083678.0,2024,9,3,Sunday
1213,83,2023-08-05,101329325.0,2023,8,3,Saturday
1214,351,2023-09-01,201418951.0,2023,9,3,Friday
1215,11,2023-03-04,59891791.0,2023,3,1,Saturday
1216,284,2023-03-20,21937415.0,2023,3,1,Monday
1217,124,2024-06-06,71142497.0,2024,6,2,Thursday
1218,265,2023-06-22,10899966.0,2023,6,2,Thursday
1219,488,2023-02-16,31056599.0,2023,2,1,Thursday
1220,294,2024-08-14,42074051.0,2024,8,3,Wednesday
1221,108,2023-09-17,72765704.0,2023,9,3,Sunday
1222,300,2023-01-22,71091534.0,2023,1,1,Sunday
1223,454,2023-03-17,81573339.0,2023,3,1,Friday
1224,238,2024-03-15,20210278.0,2024,3,1,Friday
1225,487,2024-12-31,31721310.0,2024,12,4,Tuesday
1226,294,2023-04-15,43969083.0,2023,4,2,Saturday
1227,196,2023-03-07,49789367.0,2023,3,1,Tuesday
1228,291,2024-11-23,0.0,2024,11,4,Saturday
1229,14,2023-05-23,49442449.0,2023,5,2,Tuesday
1230,116,2023-07-05,57278520.0,2023,7,3,Wednesday
1231,258,2023-05-20,58100782.0,2023,5,2,Saturday
1232,497,2023-11-10,7731378.0,2023,11,4,Friday
1233,277,2024-02-10,63450520.0,2024,2,1,Saturday
1234,442,2023-08-18,126860667.0,2023,8,3,Friday
1235,205,2023-05-27,30712381.0,2023,5,2,Saturday
1236,55,2023-05-10,33845581.0,2023,5,2,Wednesday
1237,142,2024-05-27,34212239.0,2024,5,2,Monday
1238,237,2023-12-30,117120708.0,2023,12,4,Saturday
1239,373,2023-06-15,23515170.0,2023,6,2,Thursday
1240,182,2024-01-08,49959872.0,2024,1,1,Monday
1241,122,2023-02-06,96748582.0,2023,2,1,Monday
1242,460,2024-02-06,134858976.0,2024,2,1,Tuesday
1243,270,2024-12-01,83690329.0,2024,12,4,Sunday
1244,310,2023-02-05,77013969.0,2023,2,1,Sunday
1245,490,2024-05-04,0.0,2024,5,2,Saturday
1246,367,2023-10-31,28550706.0,2023,10,4,Tuesday
1247,143,2024-09-03,128008958.0,2024,9,3,Tuesday
1248,256,2023-02-21,14816314.0,2023,2,1,Tuesday
1249,420,2024-01-15,0.0,2024,1,1,Monday
1250,35,2023-09-12,48278714.0,2023,9,3,Tuesday
1251,336,2023-07-16,82387661.0,2023,7,3,Sunday
1252,114,2024-08-10,106011958.0,2024,8,3,Saturday
1253,11,2024-11-29,8241714.0,2024,11,4,Friday
1254,345,2023-12-26,61320150.0,2023,12,4,Tuesday
1255,85,2024-04-30,21028484.0,2024,4,2,Tuesday
1256,399,2024-07-07,83110449.0,2024,7,3,Sunday
1257,197,2023-01-22,9412486.0,2023,1,1,Sunday
1258,9,2024-10-14,49225944.0,2024,10,4,Monday
1259,493,2023-04-12,2360817.0,2023,4,2,Wednesday
1260,210,2024-12-30,4404645.0,2024,12,4,Monday
1261,320,2024-05-03,107394452.0,2024,5,2,Friday
1262,470,2024-09-16,82924786.0,2024,9,3,Monday
1263,12,2024-06-23,112431949.0,2024,6,2,Sunday
1264,465,2024-12-07,15146712.0,2024,12,4,Saturday
1265,473,2024-04-19,60504159.0,2024,4,2,Friday
1266,308,2023-01-14,7759092.0,2023,1,1,Saturday
1267,61,2023-01-25,205807976.0,2023,1,1,Wednesday
1268,173,2023-04-14,32504342.0,2023,4,2,Friday
1269,306,2023-11-04,19261899.0,2023,11,4,Saturday
1270,448,2023-04-08,1541616.0,2023,4,2,Saturday
1271,325,2023-05-14,53293213.0,2023,5,2,Sunday
1272,323,2023-05-19,37360675.0,2023,5,2,Friday
1273,61,2024-09-30,205189711.0,2024,9,3,Monday
1274,115,2023-05-12,69714896.0,2023,5,2,Friday
1275,73,2024-08-19,2700384.0,2024,8,3,Monday
1276,225,2023-01-02,0.0,2023,1,1,Monday
1277,52,2024-09-19,135055993.0,2024,9,3,Thursday
1278,28,2024-05-17,144054713.0,2024,5,2,Friday
1279,161,2023-09-09,26116136.0,2023,9,3,Saturday
1280,421,2024-09-03,19686685.0,2024,9,3,Tuesday
1281,216,2024-09-10,56122847.0,2024,9,3,Tuesday
1282,360,2023-02-06,43783137.0,2023,2,1,Monday
1283,492,2023-06-04,35233520.0,2023,6,2,Sunday
1284,168,2023-11-08,80869207.0,2023,11,4,Wednesday
1285,4,2024-06-26,65722169.0,2024,6,2,Wednesday
1286,361,2024-01-10,64415238.0,2024,1,1,Wednesday
1287,207,2024-04-12,23267578.0,2024,4,2,Friday
1288,262,2024-02-09,44703915.0,2024,2,1,Friday
1289,2,2024-03-06,54298431.0,2024,3,1,Wednesday
1290,166,2024-01-18,0.0,2024,1,1,Thursday
1291,415,2023-09-04,61924281.0,2023,9,3,Monday
1292,355,2024-01-19,1350192.0,2024,1,1,Friday
1293,118,2023-09-05,37926946.0,2023,9,3,Tuesday
1294,394,2024-02-11,68709772.0,2024,2,1,Sunday
1295,69,2023-11-10,0.0,2023,11,4,Friday
1296,138,2023-06-21,71298420.0,2023,6,2,Wednesday
1297,26,2024-07-02,25641948.0,2024,7,3,Tuesday
1298,444,2024-09-16,54030075.0,2024,9,3,Monday
1299,121,2024-01-22,69149005.0,2024,1,1,Monday
1300,277,2024-09-17,52616790.0,2024,9,3,Tuesday
1301,348,2023-01-08,4562450.0,2023,1,1,Sunday
1302,232,2024-06-01,56302087.0,2024,6,2,Saturday
1303,82,2023-10-08,57958496.0,2023,10,4,Sunday
1304,130,2023-07-08,176142052.0,2023,7,3,Saturday
1305,398,2023-10-03,30722818.0,2023,10,4,Tuesday
1306,415,2023-01-21,26926663.0,2023,1,1,Saturday
1307,146,2024-12-27,56725272.0,2024,12,4,Friday
1308,325,2024-08-04,38263624.0,2024,8,3,Sunday
1309,249,2023-02-18,46408230.0,2023,2,1,Saturday
1310,294,2024-05-29,120608618.0,2024,5,2,Wednesday
1311,215,2024-08-15,32693794.0,2024,8,3,Thursday
1312,440,2023-06-18,5900585.0,2023,6,2,Sunday
1313,348,2024-06-01,29726829.0,2024,6,2,Saturday
1314,110,2023-02-11,19261899.0,2023,2,1,Saturday
1315,347,2024-09-03,42677151.0,2024,9,3,Tuesday
1316,400,2023-02-23,65579440.0,2023,2,1,Thursday
1317,205,2023-08-02,3235680.0,2023,8,3,Wednesday
1318,27,2024-04-16,4977845.0,2024,4,2,Tuesday
1319,241,2024-09-19,1833361.0,2024,9,3,Thursday
1320,250,2024-02-22,79792756.0,2024,2,1,Thursday
1321,62,2024-01-06,3385836.0,2024,1,1,Saturday
1322,18,2023-01-20,0.0,2023,1,1,Friday
1323,302,2024-07-05,45694678.0,2024,7,3,Friday
1324,387,2024-11-09,173344480.0,2024,11,4,Saturday
1325,85,2023-07-19,61736033.0,2023,7,3,Wednesday
1326,243,2024-08-25,97163596.0,2024,8,3,Sunday
1327,178,2023-12-24,151708215.0,2023,12,4,Sunday
1328,95,2023-09-15,25395903.0,2023,9,3,Friday
1329,463,2024-04-11,152395575.0,2024,4,2,Thursday
1330,108,2023-10-02,12373704.0,2023,10,4,Monday
1331,40,2023-09-20,118137940.0,2023,9,3,Wednesday
1332,333,2023-06-17,20171050.0,2023,6,2,Saturday
1333,320,2023-03-09,41524180.0,2023,3,1,Thursday
1334,405,2023-08-26,35681743.0,2023,8,3,Saturday
1335,278,2024-02-29,5536179.0,2024,2,1,Thursday
1336,193,2024-01-25,54158383.0,2024,1,1,Thursday
1337,209,2023-05-15,32005560.0,2023,5,2,Monday
1338,81,2024-04-05,65818914.0,2024,4,2,Friday
1339,197,2023-09-26,0.0,2023,9,3,Tuesday
1340,405,2024-12-07,1155168.0,2024,12,4,Saturday
1341,367,2024-01-09,30388386.0,2024,1,1,Tuesday
1342,459,2024-06-21,112824966.0,2024,6,2,Friday
1343,181,2024-09-02,0.0,2024,9,3,Monday
1344,103,2024-05-01,68010060.0,2024,5,2,Wednesday
1345,481,2023-02-09,55565510.0,2023,2,1,Thursday
1346,37,2024-11-26,81923288.0,2024,11,4,Tuesday
1347,369,2023-12-28,93394402.0,2023,12,4,Thursday
1348,380,2024-08-14,0.0,2024,8,3,Wednesday
1349,456,2024-05-28,103758862.0,2024,5,2,Tuesday
1350,349,2024-01-20,0.0,2024,1,1,Saturday
1351,220,2024-01-02,39899392.0,2024,1,1,Tuesday
1352,130,2023-07-20,95611116.0,2023,7,3,Thursday
1353,284,2023-03-16,61392790.0,2023,3,1,Thursday
1354,276,2024-06-20,0.0,2024,6,2,Thursday
1355,293,2024-02-23,126556877.0,2024,2,1,Friday
1356,352,2024-07-01,69927665.0,2024,7,3,Monday
1357,74,2024-10-31,12489968.0,2024,10,4,Thursday
1358,150,2024-08-19,161058817.0,2024,8,3,Monday
1359,4,2024-11-14,0.0,2024,11,4,Thursday
1360,299,2024-07-22,104357103.0,2024,7,3,Monday
1361,232,2024-04-03,32497778.0,2024,4,2,Wednesday
1362,395,2024-01-03,6754196.0,2024,1,1,Wednesday
1363,39,2024-07-08,125456512.0,2024,7,3,Monday
1364,87,2024-01-21,74258787.0,2024,1,1,Sunday
1365,434,2023-09-06,80742365.0,2023,9,3,Wednesday
1366,423,2023-02-22,70142821.0,2023,2,1,Wednesday
1367,373,2024-10-28,27459857.0,2024,10,4,Monday
1368,74,2023-05-16,37322745.0,2023,5,2,Tuesday
1369,235,2024-03-20,76628610.0,2024,3,1,Wednesday
1370,243,2023-09-08,11915844.0,2023,9,3,Friday
1371,291,2024-04-16,96022260.0,2024,4,2,Tuesday
1372,25,2024-01-25,27842664.0,2024,1,1,Thursday
1373,391,2023-01-30,151568904.0,2023,1,1,Monday
1374,144,2023-06-27,52860591.0,2023,6,2,Tuesday
1375,324,2023-04-12,175754844.0,2023,4,2,Wednesday
1376,154,2023-05-27,3466528.0,2023,5,2,Saturday
1377,170,2024-10-29,63764464.0,2024,10,4,Tuesday
1378,52,2023-12-11,27338694.0,2023,12,4,Monday
1379,166,2024-12-19,156035042.0,2024,12,4,Thursday
1380,241,2023-01-24,125143510.0,2023,1,1,Tuesday
1381,455,2023-08-01,0.0,2023,8,3,Tuesday
1382,431,2024-09-29,0.0,2024,9,3,Sunday
1383,483,2023-04-23,73324788.0,2023,4,2,Sunday
1384,18,2023-01-28,64201209.0,2023,1,1,Saturday
1385,124,2024-06-06,116260236.0,2024,6,2,Thursday
1386,262,2024-05-04,114274648.0,2024,5,2,Saturday
1387,468,2023-08-17,0.0,2023,8,3,Thursday
1388,494,2024-11-27,13730526.0,2024,11,4,Wednesday
1389,175,2023-01-30,55193338.0,2023,1,1,Monday
1390,206,2023-08-01,18684158.0,2023,8,3,Tuesday
1391,498,2023-04-05,86719170.0,2023,4,2,Wednesday
1392,160,2024-04-16,136408163.0,2024,4,2,Tuesday
1393,176,2023-08-22,3970422.0,2023,8,3,Tuesday
1394,410,2024-02-01,89611896.0,2024,2,1,Thursday
1395,313,2023-08-14,0.0,2023,8,3,Monday
1396,69,2024-12-30,0.0,2024,12,4,Monday
1397,40,2023-03-29,45240468.0,2023,3,1,Wednesday
1398,422,2023-06-01,0.0,2023,6,2,Thursday
1399,195,2023-08-17,56651601.0,2023,8,3,Thursday
1400,494,2023-02-12,133248050.0,2023,2,1,Sunday
1401,448,2023-09-07,0.0,2023,9,3,Thursday
1402,138,2023-03-26,130415342.0,2023,3,1,Sunday
1403,127,2024-10-02,43688304.0,2024,10,4,Wednesday
1404,194,2023-08-26,102370311.0,2023,8,3,Saturday
1405,100,2023-12-14,61411042.0,2023,12,4,Thursday
1406,261,2024-06-12,157506517.0,2024,6,2,Wednesday
1407,377,2024-04-07,85749978.0,2024,4,2,Sunday
1408,343,2023-11-11,109358337.0,2023,11,4,Saturday
1409,473,2023-11-05,104794760.0,2023,11,4,Sunday
1410,185,2024-11-01,130316.0,2024,11,4,Friday
1411,117,2024-02-28,166457718.0,2024,2,1,Wednesday
1412,179,2024-08-05,45262550.0,2024,8,3,Monday
1413,204,2023-03-25,83886387.0,2023,3,1,Saturday
1414,32,2023-02-01,22494690.0,2023,2,1,Wednesday
1415,207,2023-08-20,81697696.0,2023,8,3,Sunday
1416,489,2024-12-22,33125633.0,2024,12,4,Sunday
1417,360,2024-07-06,0.0,2024,7,3,Saturday
1418,16,2024-08-19,96834238.0,2024,8,3,Monday
1419,87,2023-05-27,95821890.0,2023,5,2,Saturday
1420,158,2023-01-19,91660401.0,2023,1,1,Thursday
1421,62,2024-11-26,0.0,2024,11,4,Tuesday
1422,206,2024-09-07,152984025.0,2024,9,3,Saturday
1423,94,2024-02-02,139495892.0,2024,2,1,Friday
1424,473,2024-08-21,69770320.0,2024,8,3,Wednesday
1425,371,2024-04-22,69465633.0,2024,4,2,Monday
1426,264,2023-03-03,76659693.0,2023,3,1,Friday
1427,246,2024-03-17,79134089.0,2024,3,1,Sunday
1428,410,2024-06-20,63566460.0,2024,6,2,Thursday
1429,397,2023-04-15,135529982.0,2023,4,2,Saturday
1430,237,2023-09-20,127641902.0,2023,9,3,Wednesday
1431,236,2024-09-09,0.0,2024,9,3,Monday
1432,435,2023-04-26,159602275.0,2023,4,2,Wednesday
1433,143,2023-12-07,52731909.0,2023,12,4,Thursday
1434,269,2023-05-13,0.0,2023,5,2,Saturday
1435,179,2023-06-14,6037396.0,2023,6,2,Wednesday
1436,355,2023-02-25,51989236.0,2023,2,1,Saturday
1437,299,2024-11-12,41074354.0,2024,11,4,Tuesday
1438,243,2024-12-31,41830848.0,2024,12,4,Tuesday
1439,402,2024-06-18,158731224.0,2024,6,2,Tuesday
1440,108,2023-08-10,152093654.0,2023,8,3,Thursday
1441,17,2024-02-19,1645920.0,2024,2,1,Monday
1442,18,2024-03-01,103526313.0,2024,3,1,Friday
1443,37,2024-05-12,34071011.0,2024,5,2,Sunday
1444,249,2024-09-19,46684674.0,2024,9,3,Thursday
1445,63,2023-10-19,19151064.0,2023,10,4,Thursday
1446,55,2024-03-21,176921003.0,2024,3,1,Thursday
1447,368,2024-10-13,127719054.0,2024,10,4,Sunday
1448,398,2023-03-28,37197136.0,2023,3,1,Tuesday
1449,94,2024-05-08,36965861.0,2024,5,2,Wednesday
1450,34,2024-04-20,51273721.0,2024,4,2,Saturday
1451,348,2024-04-27,163965541.0,2024,4,2,Saturday
1452,415,2024-09-17,19424420.0,2024,9,3,Tuesday
1453,499,2023-12-26,30310910.0,2023,12,4,Tuesday
1454,101,2024-07-12,16930602.0,2024,7,3,Friday
1455,383,2023-09-22,73602285.0,2023,9,3,Friday
1456,486,2023-04-19,253534917.0,2023,4,2,Wednesday
1457,423,2023-07-12,20666112.0,2023,7,3,Wednesday
1458,371,2024-09-17,133258527.0,2024,9,3,Tuesday
1459,151,2023-02-28,92324841.0,2023,2,1,Tuesday
1460,44,2023-03-10,34800346.0,2023,3,1,Friday
1461,111,2023-03-15,76272286.0,2023,3,1,Wednesday
1462,128,2023-04-08,16629791.0,2023,4,2,Saturday
1463,65,2023-09-25,75097311.0,2023,9,3,Monday
1464,119,2023-02-06,64050919.0,2023,2,1,Monday
1465,385,2023-09-22,44011688.0,2023,9,3,Friday
1466,88,2023-07-07,197379140.0,2023,7,3,Friday
1467,423,2024-10-10,39079154.0,2024,10,4,Thursday
1468,118,2024-01-12,102916042.0,2024,1,1,Friday
1469,126,2023-01-11,80118108.0,2023,1,1,Wednesday
1470,89,2024-01-22,82560023.0,2024,1,1,Monday
1471,451,2024-04-07,52188588.0,2024,4,2,Sunday
1472,312,2023-01-14,8364046.0,2023,1,1,Saturday
1473,484,2023-04-17,128823027.0,2023,4,2,Monday
1474,358,2024-09-30,104284472.0,2024,9,3,Monday
1475,298,2023-10-24,27448135.0,2023,10,4,Tuesday
1476,2,2024-04-11,119516676.0,2024,4,2,Thursday
1477,286,2023-09-25,0.0,2023,9,3,Monday
1478,440,2023-05-22,68983791.0,2023,5,2,Monday
1479,415,2023-05-28,39294600.0,2023,5,2,Sunday
1480,351,2024-12-16,252062988.0,2024,12,4,Monday
1481,115,2023-04-15,90153876.0,2023,4,2,Saturday
1482,476,2023-08-20,29085211.0,2023,8,3,Sunday
1483,390,2024-04-18,110270160.0,2024,4,2,Thursday
1484,404,2023-11-03,0.0,2023,11,4,Friday
1485,451,2024-08-28,71104917.0,2024,8,3,Wednesday
1486,469,2023-07-11,107777328.0,2023,7,3,Tuesday
1487,301,2023-06-22,7970558.0,2023,6,2,Thursday
1488,367,2023-06-08,13240378.0,2023,6,2,Thursday
1489,476,2023-04-08,50233629.0,2023,4,2,Saturday
1490,212,2024-08-14,178951437.0,2024,8,3,Wednesday
1491,453,2024-10-27,31282092.0,2024,10,4,Sunday
1492,293,2024-04-19,0.0,2024,4,2,Friday
1493,116,2023-11-18,0.0,2023,11,4,Saturday
1494,149,2024-01-01,0.0,2024,1,1,Monday
1495,166,2023-12-10,42039174.0,2023,12,4,Sunday
1496,34,2023-02-16,10276296.0,2023,2,1,Thursday
1497,126,2023-02-07,46607958.0,2023,2,1,Tuesday
1498,109,2023-08-17,103511857.0,2023,8,3,Thursday
1499,329,2023-04-09,150140616.0,2023,4,2,Sunday
1500,416,2024-03-21,58211286.0,2024,3,1,Thursday
1501,234,2024-08-15,23072346.0,2024,8,3,Thursday
1502,130,2023-10-29,231400965.0,2023,10,4,Sunday
1503,480,2023-05-12,10095425.0,2023,5,2,Friday
1504,262,2023-05-08,217125758.0,2023,5,2,Monday
1505,267,2024-01-07,0.0,2024,1,1,Sunday
1506,172,2023-11-05,0.0,2023,11,4,Sunday
1507,286,2023-07-31,7397075.0,2023,7,3,Monday
1508,384,2024-05-29,1549960.0,2024,5,2,Wednesday
1509,415,2024-02-15,50001355.0,2024,2,1,Thursday
1510,99,2024-12-21,85932540.0,2024,12,4,Saturday
1511,498,2024-08-27,51956766.0,2024,8,3,Tuesday
1512,409,2024-06-06,156723842.0,2024,6,2,Thursday
1513,483,2023-05-22,79507351.0,2023,5,2,Monday
1514,119,2024-05-06,80130080.0,2024,5,2,Monday
1515,201,2024-12-03,26000016.0,2024,12,4,Tuesday
1516,78,2024-07-07,61407073.0,2024,7,3,Sunday
1517,417,2024-02-07,175946483.0,2024,2,1,Wednesday
1518,369,2024-05-31,4909458.0,2024,5,2,Friday
1519,53,2023-08-01,19910016.0,2023,8,3,Tuesday
1520,83,2024-09-26,42958282.0,2024,9,3,Thursday
1521,388,2024-01-24,84228636.0,2024,1,1,Wednesday
1522,167,2023-09-27,23658600.0,2023,9,3,Wednesday
1523,303,2023-04-27,13860537.0,2023,4,2,Thursday
1524,276,2024-05-13,35054289.0,2024,5,2,Monday
1525,369,2024-06-30,23043669.0,2024,6,2,Sunday
1526,169,2023-01-29,14912002.0,2023,1,1,Sunday
1527,396,2023-09-24,130415529.0,2023,9,3,Sunday
1528,266,2023-11-09,72621562.0,2023,11,4,Thursday
1529,335,2023-07-16,1068554.0,2023,7,3,Sunday
1530,150,2024-05-14,65049160.0,2024,5,2,Tuesday
1531,395,2023-01-01,66305276.0,2023,1,1,Sunday
1532,60,2024-11-15,68292233.0,2024,11,4,Friday
1533,371,2023-10-19,13334490.0,2023,10,4,Thursday
1534,22,2023-05-04,8885556.0,2023,5,2,Thursday
1535,166,2024-09-16,99346657.0,2024,9,3,Monday
1536,183,2023-10-27,47310118.0,2023,10,4,Friday
1537,473,2024-12-13,158367901.0,2024,12,4,Friday
1538,361,2024-11-15,59375320.0,2024,11,4,Friday
1539,116,2023-02-10,195121985.0,2023,2,1,Friday
1540,169,2024-08-02,15420668.0,2024,8,3,Friday
1541,15,2024-12-28,17500912.0,2024,12,4,Saturday
1542,216,2024-05-19,14089312.0,2024,5,2,Sunday
1543,224,2024-12-05,42868466.0,2024,12,4,Thursday
1544,378,2023-09-06,7040733.0,2023,9,3,Wednesday
1545,199,2024-01-25,109273628.0,2024,1,1,Thursday
1546,318,2023-04-13,33135085.0,2023,4,2,Thursday
1547,340,2023-10-29,132972242.0,2023,10,4,Sunday
1548,488,2023-07-31,211267990.0,2023,7,3,Monday
1549,96,2024-07-30,105719899.0,2024,7,3,Tuesday
1550,389,2023-08-21,10855608.0,2023,8,3,Monday
1551,241,2024-11-13,29747097.0,2024,11,4,Wednesday
1552,428,2023-07-21,62762274.0,2023,7,3,Friday
1553,430,2024-04-11,65933610.0,2024,4,2,Thursday
1554,281,2024-03-15,56004660.0,2024,3,1,Friday
1555,281,2023-10-19,28186647.0,2023,10,4,Thursday
1556,199,2024-07-22,50179267.0,2024,7,3,Monday
1557,414,2023-06-06,60704886.0,2023,6,2,Tuesday
1558,260,2024-05-31,138870107.0,2024,5,2,Friday
1559,327,2023-05-12,77708015.0,2023,5,2,Friday
1560,1,2024-09-24,45031095.0,2024,9,3,Tuesday
1561,178,2023-07-24,82078665.0,2023,7,3,Monday
1562,486,2023-06-28,85144838.0,2023,6,2,Wednesday
1563,497,2023-03-07,34104757.0,2023,3,1,Tuesday
1564,67,2024-07-06,108655686.0,2024,7,3,Saturday
1565,6,2023-01-22,63437203.0,2023,1,1,Sunday
1566,123,2024-07-26,92472375.0,2024,7,3,Friday
1567,361,2024-05-02,81145332.0,2024,5,2,Thursday
1568,27,2023-03-26,86231515.0,2023,3,1,Sunday
1569,429,2023-05-22,12972036.0,2023,5,2,Monday
1570,363,2024-09-09,27861219.0,2024,9,3,Monday
1571,195,2024-09-30,0.0,2024,9,3,Monday
1572,355,2023-03-03,1954133.0,2023,3,1,Friday
1573,298,2023-08-10,96388608.0,2023,8,3,Thursday
1574,383,2023-12-13,88319345.0,2023,12,4,Wednesday
1575,16,2023-02-21,51519500.0,2023,2,1,Tuesday
1576,213,2024-12-02,87613496.0,2024,12,4,Monday
1577,310,2024-12-26,61732325.0,2024,12,4,Thursday
1578,488,2023-02-11,0.0,2023,2,1,Saturday
1579,207,2024-11-12,122474104.0,2024,11,4,Tuesday
1580,424,2023-02-25,4472616.0,2023,2,1,Saturday
1581,337,2024-02-21,2970414.0,2024,2,1,Wednesday
1582,141,2024-10-24,48217926.0,2024,10,4,Thursday
1583,477,2023-06-08,57949578.0,2023,6,2,Thursday
1584,224,2024-02-09,85144047.0,2024,2,1,Friday
1585,438,2023-01-01,42377640.0,2023,1,1,Sunday
1586,497,2023-11-13,0.0,2023,11,4,Monday
1587,470,2024-01-28,51599280.0,2024,1,1,Sunday
1588,382,2024-01-11,0.0,2024,1,1,Thursday
1589,91,2024-01-26,229403390.0,2024,1,1,Friday
1590,12,2023-12-30,44427780.0,2023,12,4,Saturday
1591,190,2024-10-16,76955630.0,2024,10,4,Wednesday
1592,365,2023-04-20,32579204.0,2023,4,2,Thursday
1593,465,2023-01-02,105580178.0,2023,1,1,Monday
1594,213,2024-04-15,78720792.0,2024,4,2,Monday
1595,262,2024-02-21,123952490.0,2024,2,1,Wednesday
1596,143,2024-06-05,0.0,2024,6,2,Wednesday
1597,142,2024-02-01,29408475.0,2024,2,1,Thursday
1598,39,2023-05-24,37518574.0,2023,5,2,Wednesday
1599,423,2023-07-01,27997459.0,2023,7,3,Saturday
1600,407,2024-02-07,0.0,2024,2,1,Wednesday
1601,338,2024-05-15,0.0,2024,5,2,Wednesday
1602,214,2024-06-09,8917560.0,2024,6,2,Sunday
1603,447,2024-11-04,12429714.0,2024,11,4,Monday
1604,47,2023-08-12,65844135.0,2023,8,3,Saturday
1605,458,2024-01-22,187066525.0,2024,1,1,Monday
1606,402,2023-11-13,43006655.0,2023,11,4,Monday
1607,438,2024-12-23,100400865.0,2024,12,4,Monday
1608,259,2023-06-08,6018614.0,2023,6,2,Thursday
1609,222,2023-10-17,0.0,2023,10,4,Tuesday
1610,23,2023-10-16,232728139.0,2023,10,4,Monday
1611,22,2024-11-06,177085550.0,2024,11,4,Wednesday
1612,197,2023-07-08,13800850.0,2023,7,3,Saturday
1613,498,2023-01-22,126244283.0,2023,1,1,Sunday
1614,7,2024-11-19,86028232.0,2024,11,4,Tuesday
1615,106,2023-10-10,243896194.0,2023,10,4,Tuesday
1616,378,2024-01-31,56445477.0,2024,1,1,Wednesday
1617,26,2024-06-17,97028092.0,2024,6,2,Monday
1618,110,2023-09-22,104984221.0,2023,9,3,Friday
1619,266,2024-06-07,70890822.0,2024,6,2,Friday
1620,467,2024-04-16,106924311.0,2024,4,2,Tuesday
1621,55,2024-01-26,70234535.0,2024,1,1,Friday
1622,197,2023-11-20,46584432.0,2023,11,4,Monday
1623,308,2024-02-26,34492088.0,2024,2,1,Monday
1624,15,2023-04-07,80186370.0,2023,4,2,Friday
1625,341,2023-02-04,120020203.0,2023,2,1,Saturday
1626,451,2024-05-30,61768571.0,2024,5,2,Thursday
1627,138,2024-09-12,46150602.0,2024,9,3,Thursday
1628,447,2023-02-09,79291698.0,2023,2,1,Thursday
1629,41,2024-12-06,42445487.0,2024,12,4,Friday
1630,289,2024-12-08,84365811.0,2024,12,4,Sunday
1631,47,2023-01-04,12445565.0,2023,1,1,Wednesday
1632,186,2024-03-22,75452440.0,2024,3,1,Friday
1633,407,2024-10-01,24749404.0,2024,10,4,Tuesday
1634,100,2023-11-26,192025443.0,2023,11,4,Sunday
1635,18,2023-03-02,181115213.0,2023,3,1,Thursday
1636,48,2024-09-26,52743441.0,2024,9,3,Thursday
1637,118,2024-09-04,73477820.0,2024,9,3,Wednesday
1638,181,2023-02-27,2986707.0,2023,2,1,Monday
1639,221,2023-11-05,89326592.0,2023,11,4,Sunday
1640,257,2023-06-13,131155369.0,2023,6,2,Tuesday
1641,302,2024-10-31,55550200.0,2024,10,4,Thursday
1642,439,2024-12-23,85771407.0,2024,12,4,Monday
1643,4,2024-04-21,80428854.0,2024,4,2,Sunday
1644,109,2023-04-11,162439787.0,2023,4,2,Tuesday
1645,380,2024-11-17,54815760.0,2024,11,4,Sunday
1646,207,2024-08-03,138453319.0,2024,8,3,Saturday
1647,89,2024-08-14,173465233.0,2024,8,3,Wednesday
1648,235,2023-08-17,148099884.0,2023,8,3,Thursday
1649,473,2023-12-18,13319380.0,2023,12,4,Monday
1650,427,2023-05-14,18550692.0,2023,5,2,Sunday
1651,191,2023-01-18,15243110.0,2023,1,1,Wednesday
1652,199,2023-06-08,0.0,2023,6,2,Thursday
1653,45,2024-09-07,66083129.0,2024,9,3,Saturday
1654,248,2023-11-15,179874146.0,2023,11,4,Wednesday
1655,200,2023-08-29,73706976.0,2023,8,3,Tuesday
1656,128,2023-06-02,0.0,2023,6,2,Friday
1657,94,2023-09-01,107670836.0,2023,9,3,Friday
1658,189,2023-09-10,8427795.0,2023,9,3,Sunday
1659,402,2023-07-30,185906548.0,2023,7,3,Sunday
1660,218,2024-09-12,72799468.0,2024,9,3,Thursday
1661,89,2024-12-26,96174294.0,2024,12,4,Thursday
1662,206,2023-11-04,108556201.0,2023,11,4,Saturday
1663,225,2023-09-19,98931361.0,2023,9,3,Tuesday
1664,119,2023-03-17,67857484.0,2023,3,1,Friday
1665,492,2024-09-20,7703550.0,2024,9,3,Friday
1666,147,2024-07-08,17543568.0,2024,7,3,Monday
1667,295,2023-08-02,30592710.0,2023,8,3,Wednesday
1668,291,2024-11-12,68569004.0,2024,11,4,Tuesday
1669,224,2024-10-20,69553698.0,2024,10,4,Sunday
1670,488,2023-06-21,207375595.0,2023,6,2,Wednesday
1671,177,2023-08-13,61772974.0,2023,8,3,Sunday
1672,458,2024-01-25,69834256.0,2024,1,1,Thursday
1673,200,2023-12-15,89254714.0,2023,12,4,Friday
1674,378,2024-02-19,26939850.0,2024,2,1,Monday
1675,475,2024-08-04,171511114.0,2024,8,3,Sunday
1676,276,2023-09-15,0.0,2023,9,3,Friday
1677,4,2024-11-09,81283532.0,2024,11,4,Saturday
1678,19,2024-11-03,9589266.0,2024,11,4,Sunday
1679,242,2024-09-12,35936289.0,2024,9,3,Thursday
1680,370,2024-09-25,38673183.0,2024,9,3,Wednesday
1681,238,2024-03-27,69917514.0,2024,3,1,Wednesday
1682,356,2024-02-05,126162376.0,2024,2,1,Monday
1683,353,2024-05-09,133505733.0,2024,5,2,Thursday
1684,355,2024-12-09,0.0,2024,12,4,Monday
1685,263,2023-07-03,59586615.0,2023,7,3,Monday
1686,264,2024-05-17,108895168.0,2024,5,2,Friday
1687,34,2024-10-23,7051310.0,2024,10,4,Wednesday
1688,165,2023-09-29,104902840.0,2023,9,3,Friday
1689,445,2023-12-12,31204248.0,2023,12,4,Tuesday
1690,393,2024-09-10,0.0,2024,9,3,Tuesday
1691,91,2024-07-12,130653693.0,2024,7,3,Friday
1692,165,2023-07-06,202055301.0,2023,7,3,Thursday
1693,281,2024-04-06,128570447.0,2024,4,2,Saturday
1694,213,2023-03-02,0.0,2023,3,1,Thursday
1695,135,2023-07-21,24936781.0,2023,7,3,Friday
1696,443,2024-09-13,220311431.0,2024,9,3,Friday
1697,369,2023-10-19,149941726.0,2023,10,4,Thursday
1698,128,2024-04-05,63246873.0,2024,4,2,Friday
1699,293,2024-02-02,0.0,2024,2,1,Friday
1700,431,2024-02-03,62682275.0,2024,2,1,Saturday
1701,469,2023-10-11,91326783.0,2023,10,4,Wednesday
1702,382,2023-02-17,67364800.0,2023,2,1,Friday
1703,129,2024-08-19,86802194.0,2024,8,3,Monday
1704,416,2024-01-20,22587035.0,2024,1,1,Saturday
1705,478,2023-01-26,130662794.0,2023,1,1,Thursday
1706,426,2023-07-18,41470110.0,2023,7,3,Tuesday
1707,136,2023-04-04,37959380.0,2023,4,2,Tuesday
1708,138,2024-07-15,31078536.0,2024,7,3,Monday
1709,499,2023-10-05,94022352.0,2023,10,4,Thursday
1710,307,2024-10-26,52236272.0,2024,10,4,Saturday
1711,381,2024-06-16,0.0,2024,6,2,Sunday
1712,64,2023-01-29,0.0,2023,1,1,Sunday
1713,220,2023-09-27,27083658.0,2023,9,3,Wednesday
1714,411,2024-10-28,78047480.0,2024,10,4,Monday
1715,12,2023-05-28,74704695.0,2023,5,2,Sunday
1716,34,2024-06-26,240798948.0,2024,6,2,Wednesday
1717,222,2023-10-19,9440937.0,2023,10,4,Thursday
1718,471,2024-03-01,186220738.0,2024,3,1,Friday
1719,500,2023-02-24,73693919.0,2023,2,1,Friday
1720,374,2023-01-10,55620124.0,2023,1,1,Tuesday
1721,411,2023-06-15,73799038.0,2023,6,2,Thursday
1722,59,2023-01-15,86946165.0,2023,1,1,Sunday
1723,446,2023-05-17,45535284.0,2023,5,2,Wednesday
1724,254,2023-09-30,2441349.0,2023,9,3,Saturday
1725,338,2023-09-15,109564068.0,2023,9,3,Friday
1726,150,2024-07-19,2392458.0,2024,7,3,Friday
1727,229,2024-06-06,58704721.0,2024,6,2,Thursday
1728,160,2023-05-20,47272895.0,2023,5,2,Saturday
1729,364,2024-07-04,40653995.0,2024,7,3,Thursday
1730,493,2024-02-08,770112.0,2024,2,1,Thursday
1731,228,2023-04-11,27157530.0,2023,4,2,Tuesday
1732,118,2024-08-16,125589330.0,2024,8,3,Friday
1733,455,2024-01-06,129021675.0,2024,1,1,Saturday
1734,153,2024-11-19,88414974.0,2024,11,4,Tuesday
1735,175,2024-09-05,7595432.0,2024,9,3,Thursday
1736,4,2023-08-08,0.0,2023,8,3,Tuesday
1737,412,2023-06-22,93518918.0,2023,6,2,Thursday
1738,292,2023-12-21,0.0,2023,12,4,Thursday
1739,331,2024-11-26,69112576.0,2024,11,4,Tuesday
1740,15,2023-05-26,105460460.0,2023,5,2,Friday
1741,181,2024-09-08,53900997.0,2024,9,3,Sunday
1742,56,2024-10-11,16170778.0,2024,10,4,Friday
1743,213,2024-10-06,50163518.0,2024,10,4,Sunday
1744,136,2023-11-15,139917386.0,2023,11,4,Wednesday
1745,477,2023-07-11,92212420.0,2023,7,3,Tuesday
1746,408,2023-09-21,120695510.0,2023,9,3,Thursday
1747,293,2024-11-30,150251933.0,2024,11,4,Saturday
1748,21,2023-07-28,66886183.0,2023,7,3,Friday
1749,118,2023-10-31,42227182.0,2023,10,4,Tuesday
1750,116,2024-01-07,25381154.0,2024,1,1,Sunday
1751,208,2024-06-02,0.0,2024,6,2,Sunday
1752,231,2024-11-14,133228700.0,2024,11,4,Thursday
1753,481,2023-10-04,0.0,2023,10,4,Wednesday
1754,498,2024-11-14,37977541.0,2024,11,4,Thursday
1755,41,2023-09-04,36851915.0,2023,9,3,Monday
1756,468,2023-12-08,85888862.0,2023,12,4,Friday
1757,279,2023-02-24,47000162.0,2023,2,1,Friday
1758,77,2023-01-24,87727604.0,2023,1,1,Tuesday
1759,52,2024-02-16,0.0,2024,2,1,Friday
1760,498,2024-03-18,20424548.0,2024,3,1,Monday
1761,51,2023-08-22,37459450.0,2023,8,3,Tuesday
1762,256,2024-06-12,46758540.0,2024,6,2,Wednesday
1763,398,2024-12-17,26523692.0,2024,12,4,Tuesday
1764,114,2023-09-12,131476864.0,2023,9,3,Tuesday
1765,304,2023-03-06,59088233.0,2023,3,1,Monday
1766,138,2023-07-20,137074538.0,2023,7,3,Thursday
1767,338,2023-12-29,121431010.0,2023,12,4,Friday
1768,221,2024-02-15,6329898.0,2024,2,1,Thursday
1769,441,2023-04-04,73040195.0,2023,4,2,Tuesday
1770,202,2024-12-04,52000032.0,2024,12,4,Wednesday
1771,399,2023-10-11,35815731.0,2023,10,4,Wednesday
1772,15,2023-06-30,154640800.0,2023,6,2,Friday
1773,20,2024-07-10,75383963.0,2024,7,3,Wednesday
1774,100,2023-02-06,125606836.0,2023,2,1,Monday
1775,184,2023-08-31,43805274.0,2023,8,3,Thursday
1776,233,2024-05-19,141652904.0,2024,5,2,Sunday
1777,153,2023-02-11,89663761.0,2023,2,1,Saturday
1778,330,2023-07-14,117868067.0,2023,7,3,Friday
1779,317,2024-12-27,180052328.0,2024,12,4,Friday
1780,232,2023-04-22,79383327.0,2023,4,2,Saturday
1781,341,2024-06-22,48435876.0,2024,6,2,Saturday
1782,193,2023-10-19,58835367.0,2023,10,4,Thursday
1783,34,2024-01-04,11237190.0,2024,1,1,Thursday
1784,490,2024-03-23,0.0,2024,3,1,Saturday
1785,34,2023-04-09,66231071.0,2023,4,2,Sunday
1786,192,2024-01-26,176911364.0,2024,1,1,Friday
1787,499,2023-08-14,0.0,2023,8,3,Monday
1788,244,2024-12-26,88897478.0,2024,12,4,Thursday
1789,405,2024-06-25,60080432.0,2024,6,2,Tuesday
1790,231,2023-11-02,125544647.0,2023,11,4,Thursday
1791,483,2023-02-12,0.0,2023,2,1,Sunday
1792,445,2023-08-07,2367734.0,2023,8,3,Monday
1793,331,2024-12-23,6432210.0,2024,12,4,Monday
1794,27,2023-04-24,84957480.0,2023,4,2,Monday
1795,347,2023-10-17,126144677.0,2023,10,4,Tuesday
1796,368,2023-07-20,90446356.0,2023,7,3,Thursday
1797,161,2024-01-25,12833527.0,2024,1,1,Thursday
1798,440,2024-06-03,45003934.0,2024,6,2,Monday
1799,436,2023-01-21,105905226.0,2023,1,1,Saturday
1800,170,2023-10-15,25040947.0,2023,10,4,Sunday
1801,269,2024-08-05,30122661.0,2024,8,3,Monday
1802,118,2023-05-26,45732828.0,2023,5,2,Friday
1803,312,2024-04-01,0.0,2024,4,2,Monday
1804,382,2023-05-07,65778138.0,2023,5,2,Sunday
1805,335,2023-03-10,0.0,2023,3,1,Friday
1806,238,2024-12-12,131112234.0,2024,12,4,Thursday
1807,427,2023-04-28,87013662.0,2023,4,2,Friday
1808,190,2023-02-28,194898906.0,2023,2,1,Tuesday
1809,51,2024-04-14,14901911.0,2024,4,2,Sunday
1810,366,2023-01-14,0.0,2023,1,1,Saturday
1811,155,2024-06-07,74555437.0,2024,6,2,Friday
1812,356,2024-06-08,68526510.0,2024,6,2,Saturday
1813,488,2023-11-22,30329277.0,2023,11,4,Wednesday
1814,188,2024-09-28,32931110.0,2024,9,3,Saturday
1815,168,2024-10-10,24463260.0,2024,10,4,Thursday
1816,325,2023-06-24,79366124.0,2023,6,2,Saturday
1817,282,2023-04-30,113396546.0,2023,4,2,Sunday
1818,426,2024-07-15,33017661.0,2024,7,3,Monday
1819,199,2024-12-14,57318114.0,2024,12,4,Saturday
1820,26,2024-06-30,92183706.0,2024,6,2,Sunday
1821,340,2023-11-29,34052172.0,2023,11,4,Wednesday
1822,277,2023-10-01,94056085.0,2023,10,4,Sunday
1823,301,2023-03-11,124742232.0,2023,3,1,Saturday
1824,415,2023-05-21,42958372.0,2023,5,2,Sunday
1825,308,2024-07-15,27638082.0,2024,7,3,Monday
1826,270,2023-01-31,17581910.0,2023,1,1,Tuesday
1827,333,2024-09-02,4291091.0,2024,9,3,Monday
1828,252,2023-06-02,94335092.0,2023,6,2,Friday
1829,457,2023-02-01,50104900.0,2023,2,1,Wednesday
1830,203,2023-12-22,16747206.0,2023,12,4,Friday
1831,383,2024-11-28,18746780.0,2024,11,4,Thursday
1832,40,2024-08-05,60810819.0,2024,8,3,Monday
1833,394,2023-10-23,67060416.0,2023,10,4,Monday
1834,235,2024-04-04,108151550.0,2024,4,2,Thursday
1835,76,2024-12-16,45232760.0,2024,12,4,Monday
1836,428,2024-09-09,15875380.0,2024,9,3,Monday
1837,60,2023-11-28,28123530.0,2023,11,4,Tuesday
1838,490,2024-12-10,26373614.0,2024,12,4,Tuesday
1839,445,2024-11-06,12350016.0,2024,11,4,Wednesday
1840,237,2024-11-30,62017377.0,2024,11,4,Saturday
1841,279,2023-10-30,45429943.0,2023,10,4,Monday
1842,443,2023-08-01,80063631.0,2023,8,3,Tuesday
1843,3,2023-11-30,0.0,2023,11,4,Thursday
1844,82,2024-10-27,24934864.0,2024,10,4,Sunday
1845,414,2023-02-21,756510.0,2023,2,1,Tuesday
1846,9,2023-11-27,57092287.0,2023,11,4,Monday
1847,34,2023-08-11,132939324.0,2023,8,3,Friday
1848,464,2023-01-31,51531120.0,2023,1,1,Tuesday
1849,48,2024-10-03,232123675.0,2024,10,4,Thursday
1850,388,2024-05-27,72682302.0,2024,5,2,Monday
1851,407,2024-01-29,153374369.0,2024,1,1,Monday
1852,14,2023-09-01,77558868.0,2023,9,3,Friday
1853,298,2024-01-10,85049340.0,2024,1,1,Wednesday
1854,303,2024-06-16,174890950.0,2024,6,2,Sunday
1855,232,2023-07-27,56282816.0,2023,7,3,Thursday
1856,231,2023-01-18,81896861.0,2023,1,1,Wednesday
1857,5,2024-08-15,32526716.0,2024,8,3,Thursday
1858,431,2024-12-31,98601270.0,2024,12,4,Tuesday
1859,477,2023-12-06,2693736.0,2023,12,4,Wednesday
1860,278,2024-01-21,136579012.0,2024,1,1,Sunday
1861,370,2023-07-27,65101216.0,2023,7,3,Thursday
1862,427,2023-07-22,61148800.0,2023,7,3,Saturday
1863,236,2023-09-26,31087284.0,2023,9,3,Tuesday
1864,75,2023-02-28,64399290.0,2023,2,1,Tuesday
1865,126,2024-04-22,105836296.0,2024,4,2,Monday
1866,243,2024-05-26,0.0,2024,5,2,Sunday
1867,141,2024-08-04,166572840.0,2024,8,3,Sunday
1868,259,2024-09-11,13905185.0,2024,9,3,Wednesday
1869,378,2024-01-06,211821218.0,2024,1,1,Saturday
1870,83,2023-12-11,4238860.0,2023,12,4,Monday
1871,293,2024-12-20,26988146.0,2024,12,4,Friday
1872,256,2023-03-11,10467108.0,2023,3,1,Saturday
1873,498,2023-01-25,113025425.0,2023,1,1,Wednesday
1874,54,2024-11-29,113105820.0,2024,11,4,Friday
1875,355,2024-07-13,130369113.0,2024,7,3,Saturday
1876,23,2024-01-12,172080892.0,2024,1,1,Friday
1877,470,2024-06-17,10570056.0,2024,6,2,Monday
1878,85,2024-11-16,117660480.0,2024,11,4,Saturday
1879,131,2024-02-29,37976204.0,2024,2,1,Thursday
1880,57,2024-10-03,54893663.0,2024,10,4,Thursday
1881,359,2024-03-24,46270313.0,2024,3,1,Sunday
1882,365,2023-07-29,0.0,2023,7,3,Saturday
1883,79,2024-01-04,117025973.0,2024,1,1,Thursday
1884,164,2023-03-26,28268527.0,2023,3,1,Sunday
1885,468,2023-10-23,40209424.0,2023,10,4,Monday
1886,401,2023-06-29,0.0,2023,6,2,Thursday
1887,500,2024-02-24,68690879.0,2024,2,1,Saturday
1888,419,2024-08-02,99028314.0,2024,8,3,Friday
1889,377,2024-01-14,73670407.0,2024,1,1,Sunday
1890,157,2023-11-22,33404136.0,2023,11,4,Wednesday
1891,300,2023-10-22,57003604.0,2023,10,4,Sunday
1892,50,2024-06-28,80212175.0,2024,6,2,Friday
1893,329,2023-03-14,0.0,2023,3,1,Tuesday
1894,477,2024-09-04,0.0,2024,9,3,Wednesday
1895,349,2023-02-06,55728144.0,2023,2,1,Monday
1896,123,2023-03-02,23322682.0,2023,3,1,Thursday
1897,491,2024-11-09,80689756.0,2024,11,4,Saturday
1898,345,2024-03-21,71650935.0,2024,3,1,Thursday
1899,363,2023-12-12,52616988.0,2023,12,4,Tuesday
1900,114,2023-04-30,66312008.0,2023,4,2,Sunday
1901,377,2023-09-05,49876578.0,2023,9,3,Tuesday
1902,64,2023-08-12,103613353.0,2023,8,3,Saturday
1903,186,2024-03-10,31355157.0,2024,3,1,Sunday
1904,61,2023-09-19,0.0,2023,9,3,Tuesday
1905,497,2023-03-23,5002830.0,2023,3,1,Thursday
1906,281,2023-06-18,23549408.0,2023,6,2,Sunday
1907,258,2024-06-16,98352848.0,2024,6,2,Sunday
1908,50,2023-05-26,27181536.0,2023,5,2,Friday
1909,460,2023-11-09,67322234.0,2023,11,4,Thursday
1910,191,2023-08-05,34662831.0,2023,8,3,Saturday
1911,385,2023-03-24,98537003.0,2023,3,1,Friday
1912,144,2023-07-31,66375750.0,2023,7,3,Monday
1913,418,2023-03-16,104897288.0,2023,3,1,Thursday
1914,229,2024-03-11,26229174.0,2024,3,1,Monday
1915,444,2023-12-23,67051729.0,2023,12,4,Saturday
1916,99,2024-06-18,101846267.0,2024,6,2,Tuesday
1917,109,2023-01-13,63171894.0,2023,1,1,Friday
1918,487,2023-05-18,7590490.0,2023,5,2,Thursday
1919,424,2024-05-27,15420864.0,2024,5,2,Monday
1920,47,2024-09-28,14595750.0,2024,9,3,Saturday
1921,396,2024-06-10,155425439.0,2024,6,2,Monday
1922,348,2024-09-08,126033761.0,2024,9,3,Sunday
1923,249,2023-11-27,12330378.0,2023,11,4,Monday
1924,319,2023-06-01,119003040.0,2023,6,2,Thursday
1925,174,2024-12-07,0.0,2024,12,4,Saturday
1926,391,2024-12-13,35691280.0,2024,12,4,Friday
1927,429,2024-11-19,24282209.0,2024,11,4,Tuesday
1928,21,2024-12-07,119606570.0,2024,12,4,Saturday
1929,416,2024-08-07,65001396.0,2024,8,3,Wednesday
1930,64,2024-10-06,97817216.0,2024,10,4,Sunday
1931,11,2023-03-31,52037722.0,2023,3,1,Friday
1932,474,2023-03-26,0.0,2023,3,1,Sunday
1933,173,2024-12-02,77244360.0,2024,12,4,Monday
1934,340,2023-06-13,209658222.0,2023,6,2,Tuesday
1935,138,2023-06-20,29385954.0,2023,6,2,Tuesday
1936,464,2023-08-04,58896265.0,2023,8,3,Friday
1937,292,2024-08-29,89432915.0,2024,8,3,Thursday
1938,340,2023-07-22,13875816.0,2023,7,3,Saturday
1939,333,2023-04-12,119396527.0,2023,4,2,Wednesday
1940,479,2023-06-10,57402274.0,2023,6,2,Saturday
1941,193,2024-11-10,22719870.0,2024,11,4,Sunday
1942,133,2023-04-22,0.0,2023,4,2,Saturday
1943,388,2023-04-16,120303688.0,2023,4,2,Sunday
1944,317,2024-12-29,26103168.0,2024,12,4,Sunday
1945,393,2024-01-07,0.0,2024,1,1,Sunday
1946,417,2023-11-04,58957948.0,2023,11,4,Saturday
1947,303,2024-09-19,142699946.0,2024,9,3,Thursday
1948,262,2023-11-17,116464093.0,2023,11,4,Friday
1949,143,2024-10-04,90477257.0,2024,10,4,Friday
1950,13,2023-12-13,59924763.0,2023,12,4,Wednesday
1951,144,2023-01-13,118066840.0,2023,1,1,Friday
1952,284,2024-02-05,0.0,2024,2,1,Monday
1953,105,2023-06-22,0.0,2023,6,2,Thursday
1954,374,2024-09-21,27486652.0,2024,9,3,Saturday
1955,414,2024-03-15,41074912.0,2024,3,1,Friday
1956,241,2023-05-04,212618279.0,2023,5,2,Thursday
1957,259,2024-09-13,66253228.0,2024,9,3,Friday
1958,98,2023-04-06,18501088.0,2023,4,2,Thursday
1959,121,2024-05-13,92393841.0,2024,5,2,Monday
1960,131,2023-03-02,26490438.0,2023,3,1,Thursday
1961,121,2023-11-07,15927360.0,2023,11,4,Tuesday
1962,248,2024-04-06,3815160.0,2024,4,2,Saturday
1963,346,2024-02-14,30134555.0,2024,2,1,Wednesday
1964,139,2023-05-29,10908919.0,2023,5,2,Monday
1965,404,2024-01-05,181821280.0,2024,1,1,Friday
1966,487,2023-01-16,30918374.0,2023,1,1,Monday
1967,384,2023-12-17,0.0,2023,12,4,Sunday
1968,114,2024-04-19,51952973.0,2024,4,2,Friday
1969,77,2024-08-03,34578725.0,2024,8,3,Saturday
1970,425,2023-07-23,2256611.0,2023,7,3,Sunday
1971,433,2023-01-13,237890760.0,2023,1,1,Friday
1972,214,2024-05-30,14835766.0,2024,5,2,Thursday
1973,324,2023-12-02,133436840.0,2023,12,4,Saturday
1974,473,2023-04-11,0.0,2023,4,2,Tuesday
1975,88,2023-08-22,33201169.0,2023,8,3,Tuesday
1976,254,2024-10-16,119416983.0,2024,10,4,Wednesday
1977,203,2023-04-07,21430746.0,2023,4,2,Friday
1978,330,2024-05-11,63979691.0,2024,5,2,Saturday
1979,306,2023-12-11,114150610.0,2023,12,4,Monday
1980,411,2023-04-07,122169947.0,2023,4,2,Friday
1981,246,2023-11-12,66619006.0,2023,11,4,Sunday
1982,118,2023-07-19,138741597.0,2023,7,3,Wednesday
1983,58,2023-10-17,23010497.0,2023,10,4,Tuesday
1984,220,2023-08-13,139350277.0,2023,8,3,Sunday
1985,233,2024-11-16,10679298.0,2024,11,4,Saturday
1986,17,2023-03-24,26482350.0,2023,3,1,Friday
1987,172,2024-03-26,9654681.0,2024,3,1,Tuesday
1988,390,2023-12-05,103150598.0,2023,12,4,Tuesday
1989,3,2024-05-06,80398619.0,2024,5,2,Monday
1990,424,2023-11-29,57202896.0,2023,11,4,Wednesday
1991,20,2024-11-23,11435040.0,2024,11,4,Saturday
1992,138,2023-02-01,69827356.0,2023,2,1,Wednesday
1993,355,2023-01-16,31359839.0,2023,1,1,Monday
1994,305,2023-08-22,0.0,2023,8,3,Tuesday
1995,463,2024-09-19,2737470.0,2024,9,3,Thursday
1996,156,2023-03-23,277175.0,2023,3,1,Thursday
1997,319,2024-12-19,56095625.0,2024,12,4,Thursday
1998,130,2024-10-05,50633418.0,2024,10,4,Saturday
1999,182,2023-11-30,4222790.0,2023,11,4,Thursday
2000,347,2023-02-12,33939271.0,2023,2,1,Sunday
