OrderID,CustomerID,OrderDate,TotalAmount
1,533,2023-05-19,31679956.0
2,681,2024-09-02,13414905.0
3,181,2024-07-05,22317251.0
4,290,2024-02-17,172883103.0
5,100,2024-03-16,44111858.0
6,529,2023-12-29,5755792.0
7,79,2024-10-21,41947611.0
8,446,2023-12-15,17889360.0
9,159,2024-10-30,3280380.0
10,396,2023-08-18,24103030.0
11,2,2023-07-01,39582093.0
12,490,2024-06-08,90769619.0
13,188,2023-12-09,50046000.0
14,368,2023-04-02,185863827.0
15,614,2024-03-16,0.0
16,316,2024-01-15,15328104.0
17,177,2023-09-17,47850887.0
18,476,2023-08-26,109679824.0
19,652,2024-07-27,37897044.0
20,35,2024-03-28,45673615.0
21,590,2023-07-02,26703195.0
22,251,2024-03-25,184762994.0
23,176,2023-09-10,58675920.0
24,219,2024-03-15,81334980.0
25,202,2023-09-07,176136187.0
26,283,2024-10-21,5072043.0
27,211,2024-03-07,69245721.0
28,99,2024-06-25,18966878.0
29,641,2024-01-26,50976590.0
30,301,2023-07-06,45278276.0
31,705,2024-10-07,39398373.0
32,56,2023-06-24,35801624.0
33,593,2023-04-25,108803756.0
34,281,2023-10-22,20611177.0
35,735,2024-01-11,0.0
36,640,2023-09-30,34359614.0
37,516,2023-04-13,1996062.0
38,222,2023-12-23,0.0
39,748,2024-12-30,116657946.0
40,128,2024-02-23,23422041.0
41,658,2023-09-11,68590587.0
42,6,2024-03-27,9767574.0
43,629,2024-04-24,115795005.0
44,692,2024-01-03,9418310.0
45,78,2023-07-16,47850448.0
46,597,2024-12-12,25241378.0
47,443,2023-03-08,42516350.0
48,210,2024-09-23,31269053.0
49,496,2023-04-30,96722658.0
50,334,2023-10-07,7111098.0
51,427,2023-03-25,41619886.0
52,24,2024-10-07,7136550.0
53,200,2023-10-04,3262866.0
54,202,2023-12-31,31883083.0
55,360,2023-04-25,0.0
56,579,2024-10-23,29345820.0
57,672,2024-01-24,120819569.0
58,445,2023-05-18,0.0
59,195,2023-08-25,0.0
60,643,2024-09-13,120074100.0
61,624,2023-09-21,112763637.0
62,523,2024-12-27,8801215.0
63,103,2023-04-28,21196793.0
64,517,2024-10-08,18871725.0
65,449,2023-09-18,0.0
66,265,2024-05-27,0.0
67,501,2024-02-12,139635727.0
68,400,2023-12-27,0.0
69,334,2024-04-23,133619448.0
70,606,2023-07-01,0.0
71,505,2024-01-10,813558.0
72,547,2023-12-22,21307424.0
73,702,2024-10-28,32395500.0
74,106,2023-06-03,0.0
75,374,2024-10-28,44458440.0
76,644,2023-09-16,78070936.0
77,60,2023-10-06,27055332.0
78,479,2024-08-27,81155362.0
79,162,2024-10-06,106101376.0
80,58,2023-05-04,50427447.0
81,415,2023-06-08,58575832.0
82,234,2024-09-28,65489974.0
83,52,2023-09-04,118108563.0
84,48,2023-10-27,16956256.0
85,795,2023-09-08,39194380.0
86,443,2024-08-18,17769016.0
87,679,2024-12-30,19638430.0
88,221,2024-10-25,0.0
89,795,2023-04-04,6389102.0
90,69,2024-04-06,7371563.0
91,443,2024-04-27,26068837.0
92,165,2024-04-11,57093176.0
93,468,2024-02-28,50413142.0
94,732,2024-03-14,40992850.0
95,88,2024-07-13,0.0
96,373,2024-04-02,77008984.0
97,79,2024-12-21,0.0
98,493,2023-02-05,158194459.0
99,371,2023-12-31,77110063.0
100,729,2023-05-25,26185382.0
101,699,2023-04-08,33901015.0
102,738,2024-08-24,37942846.0
103,232,2024-01-17,21654654.0
104,695,2024-05-07,99895476.0
105,505,2023-09-27,13469797.0
106,624,2024-07-06,9649263.0
107,42,2024-04-19,19238418.0
108,212,2024-03-04,17889360.0
109,709,2023-03-22,1567326.0
110,82,2024-12-16,0.0
111,600,2023-12-29,15339936.0
112,628,2023-01-01,132647809.0
113,430,2023-06-19,41914460.0
114,380,2023-08-22,61994454.0
115,71,2023-11-20,10847745.0
116,248,2023-12-09,7932000.0
117,67,2023-09-03,91596846.0
118,655,2024-02-27,4916397.0
119,411,2024-06-24,21369396.0
120,789,2024-02-09,25351247.0
121,146,2024-11-30,12979080.0
122,187,2024-04-12,120294308.0
123,680,2023-06-05,13144624.0
124,769,2024-11-08,0.0
125,38,2024-03-02,67485141.0
126,16,2024-06-21,0.0
127,728,2024-12-12,0.0
128,790,2023-07-26,0.0
129,745,2023-04-01,13132791.0
130,610,2023-12-05,19675450.0
131,799,2023-07-29,94678951.0
132,746,2023-04-17,3182400.0
133,565,2023-06-23,63511658.0
134,197,2024-06-14,41101419.0
135,648,2023-10-20,91483385.0
136,29,2023-11-01,6519372.0
137,672,2024-01-14,132419495.0
138,645,2024-11-09,0.0
139,519,2023-12-08,30387192.0
140,580,2024-04-30,92334641.0
141,565,2024-06-30,43935364.0
142,621,2024-01-12,78478103.0
143,196,2023-10-27,23030093.0
144,393,2023-12-14,79288629.0
145,398,2023-07-31,4496176.0
146,435,2024-06-29,85656007.0
147,716,2024-12-18,91425618.0
148,361,2024-10-17,61693394.0
149,287,2023-11-30,0.0
150,630,2023-01-10,153767375.0
151,239,2023-10-24,1861628.0
152,162,2023-07-23,102594442.0
153,559,2023-04-03,0.0
154,540,2024-07-17,1778631.0
155,704,2023-03-21,38240423.0
156,212,2023-08-25,129387684.0
157,23,2024-04-01,32273938.0
158,34,2023-09-01,33796738.0
159,675,2023-05-23,7574584.0
160,649,2023-11-07,58170976.0
161,759,2023-07-27,36784912.0
162,590,2023-11-10,0.0
163,89,2024-07-03,20893191.0
164,505,2024-08-03,13653978.0
165,199,2024-06-13,41435101.0
166,656,2023-01-17,43204065.0
167,682,2023-05-14,40743180.0
168,218,2024-06-13,82794623.0
169,99,2024-06-04,0.0
170,274,2023-01-13,0.0
171,685,2023-01-25,31818816.0
172,136,2024-01-05,17022231.0
173,134,2023-05-17,0.0
174,383,2024-01-23,95639682.0
175,114,2023-03-29,0.0
176,630,2023-09-25,27657498.0
177,295,2023-11-07,58540615.0
178,27,2024-02-24,0.0
179,263,2023-06-06,92083486.0
180,126,2024-06-21,74755499.0
181,252,2023-10-13,81659615.0
182,214,2024-02-02,74957520.0
183,249,2024-07-18,32376714.0
184,203,2024-04-02,0.0
185,433,2023-09-09,28861515.0
186,717,2024-08-08,91285331.0
187,383,2023-12-23,124277307.0
188,361,2024-10-19,40378288.0
189,448,2024-08-24,16708516.0
190,387,2023-07-07,0.0
191,54,2024-11-11,66281574.0
192,530,2023-10-14,7648056.0
193,159,2023-09-27,39926258.0
194,271,2023-04-26,0.0
195,579,2023-08-06,115220488.0
196,482,2023-03-26,0.0
197,723,2024-04-22,43347512.0
198,478,2023-04-17,21472896.0
199,198,2024-08-05,76139379.0
200,55,2023-05-24,0.0
201,220,2023-08-11,65624792.0
202,141,2023-12-06,55984680.0
203,382,2024-02-10,65298346.0
204,460,2024-05-06,0.0
205,250,2024-10-20,3823778.0
206,788,2024-10-25,2546872.0
207,401,2024-12-20,0.0
208,184,2023-09-09,93001140.0
209,72,2023-06-27,12174348.0
210,226,2024-08-25,125901790.0
211,665,2023-06-02,103246594.0
212,509,2023-04-19,38990052.0
213,402,2024-12-12,107044035.0
214,531,2023-10-26,0.0
215,156,2023-06-27,32043834.0
216,539,2023-07-08,66585568.0
217,132,2024-02-01,29821621.0
218,712,2024-03-30,4970907.0
219,235,2023-04-06,0.0
220,454,2024-02-25,14904337.0
221,613,2023-03-10,0.0
222,694,2024-09-29,56729756.0
223,379,2023-09-24,0.0
224,702,2023-07-05,61960717.0
225,105,2023-08-18,17179935.0
226,374,2024-08-08,66488535.0
227,285,2024-11-11,4179536.0
228,715,2024-12-08,14838980.0
229,676,2023-06-11,75887875.0
230,723,2024-06-16,129470479.0
231,738,2024-04-28,18859980.0
232,532,2024-11-27,6471432.0
233,391,2024-08-03,155353.0
234,689,2024-03-24,9822692.0
235,553,2024-11-15,162527577.0
236,661,2023-04-24,74060472.0
237,575,2024-11-01,156361666.0
238,713,2023-08-19,19484992.0
239,446,2024-06-15,31671028.0
240,134,2024-05-04,144367108.0
241,356,2023-03-21,83390331.0
242,646,2023-08-17,61223980.0
243,117,2023-05-23,105424290.0
244,388,2023-03-18,24483132.0
245,20,2024-10-21,0.0
246,83,2024-10-02,81439691.0
247,64,2023-07-09,0.0
248,648,2024-05-25,37716516.0
249,794,2023-09-19,29302430.0
250,581,2023-09-27,66661293.0
251,746,2024-07-06,38010390.0
252,608,2023-06-06,0.0
253,171,2023-09-29,18429994.0
254,255,2024-05-12,87229406.0
255,308,2023-03-31,0.0
256,265,2024-07-13,37728151.0
257,102,2024-12-11,0.0
258,170,2024-04-30,70615.0
259,395,2023-08-05,78969046.0
260,393,2024-11-26,12726246.0
261,629,2024-01-05,31464593.0
262,629,2023-10-03,50861445.0
263,345,2023-06-29,95842860.0
264,778,2024-04-08,49991130.0
265,118,2023-07-17,0.0
266,133,2023-05-17,36057687.0
267,489,2024-09-06,0.0
268,590,2024-01-09,76758990.0
269,314,2023-05-24,0.0
270,32,2023-02-27,106071105.0
271,560,2023-11-06,0.0
272,100,2024-10-16,63859431.0
273,449,2023-04-26,2348766.0
274,42,2024-10-15,45223369.0
275,75,2024-06-08,100444093.0
276,435,2023-06-20,0.0
277,198,2024-10-02,0.0
278,651,2023-04-07,6275982.0
279,226,2023-03-22,70256525.0
280,55,2024-06-02,29003440.0
281,453,2023-06-06,0.0
282,20,2023-08-09,27288015.0
283,675,2023-04-11,0.0
284,459,2024-09-22,27239058.0
285,274,2024-11-21,1972715.0
286,114,2024-02-20,55558998.0
287,70,2024-01-31,50362453.0
288,59,2024-09-07,42458628.0
289,692,2023-10-29,0.0
290,626,2023-08-19,12488320.0
291,204,2023-05-19,12551964.0
292,686,2024-03-10,113960012.0
293,77,2024-11-13,67107897.0
294,416,2024-08-26,23098895.0
295,161,2024-04-30,14570520.0
296,658,2024-03-10,0.0
297,634,2023-08-16,0.0
298,145,2024-01-29,5967831.0
299,615,2023-11-22,52820118.0
300,475,2023-05-11,100915084.0
301,4,2024-08-21,40352660.0
302,668,2023-03-20,0.0
303,518,2024-04-08,34185591.0
304,740,2024-10-03,0.0
305,129,2023-04-14,2176383.0
306,202,2024-03-27,42702796.0
307,545,2024-06-18,60900593.0
308,789,2023-10-20,18334151.0
309,424,2023-12-02,0.0
310,509,2024-03-02,36697296.0
311,310,2023-01-26,109671188.0
312,520,2024-09-05,66170870.0
313,635,2023-12-26,36972523.0
314,677,2024-07-03,0.0
315,60,2024-04-14,73862145.0
316,398,2024-10-22,41552064.0
317,223,2023-12-18,53348560.0
318,255,2024-05-03,102071872.0
319,264,2024-03-25,22217548.0
320,465,2024-07-13,92852880.0
321,569,2023-06-07,0.0
322,741,2024-07-13,4552796.0
323,116,2024-04-28,13708373.0
324,559,2023-02-15,12775146.0
325,798,2023-11-21,65288352.0
326,272,2024-09-23,41536006.0
327,604,2024-12-10,8395497.0
328,472,2024-11-08,36356860.0
329,16,2023-10-09,52846541.0
330,735,2024-04-23,77837424.0
331,435,2023-01-24,15364930.0
332,744,2024-12-05,0.0
333,313,2024-06-06,73655132.0
334,361,2023-10-23,35688300.0
335,781,2023-08-05,17072890.0
336,212,2023-07-20,0.0
337,574,2024-10-17,12889500.0
338,471,2024-07-15,0.0
339,133,2024-04-16,83421528.0
340,24,2023-06-05,48620910.0
341,81,2023-06-30,0.0
342,609,2023-12-30,0.0
343,255,2024-09-04,4080522.0
344,372,2023-04-08,83101200.0
345,64,2024-07-21,4457372.0
346,465,2024-01-09,30141629.0
347,640,2023-09-23,88711712.0
348,361,2024-01-20,96778872.0
349,310,2024-06-09,8482812.0
350,717,2023-10-19,58996764.0
351,374,2023-07-09,116649906.0
352,480,2024-05-01,9329023.0
353,57,2024-10-13,4370599.0
354,620,2024-05-27,103777672.0
355,668,2024-03-10,37279139.0
356,373,2024-03-14,101090645.0
357,340,2023-10-13,78798147.0
358,570,2023-01-17,7330062.0
359,310,2023-03-16,64634609.0
360,185,2023-01-03,3819855.0
361,189,2024-02-21,108668340.0
362,679,2023-10-13,8806632.0
363,57,2023-08-11,13215567.0
364,230,2024-08-26,50795544.0
365,554,2023-03-31,144536738.0
366,531,2024-07-22,147629374.0
367,297,2023-09-22,25007088.0
368,694,2023-03-08,62280003.0
369,299,2023-06-05,75967980.0
370,321,2024-11-04,0.0
371,204,2024-03-08,39290612.0
372,485,2023-02-26,31997330.0
373,673,2023-04-22,81372472.0
374,511,2024-11-24,13333928.0
375,145,2024-11-02,46412643.0
376,516,2023-07-07,10589616.0
377,496,2024-10-08,72623785.0
378,451,2023-06-24,81000174.0
379,663,2024-01-27,52219079.0
380,111,2024-05-20,4809320.0
381,151,2023-02-13,0.0
382,96,2024-10-17,26920926.0
383,172,2023-10-27,18727977.0
384,178,2024-11-28,168752138.0
385,452,2024-01-05,35557974.0
386,457,2023-10-20,51786046.0
387,71,2023-09-16,97711755.0
388,69,2024-08-23,29556036.0
389,473,2023-06-21,80033016.0
390,12,2024-12-26,15017132.0
391,90,2024-05-15,269324.0
392,130,2023-10-11,308888.0
393,679,2024-05-23,67844364.0
394,743,2024-06-19,92030670.0
395,131,2024-11-15,57535074.0
396,122,2024-04-17,36485553.0
397,727,2024-04-24,63729033.0
398,316,2024-03-31,5341787.0
399,417,2024-06-04,106878234.0
400,602,2023-09-21,0.0
401,398,2023-08-27,31901772.0
402,663,2024-09-16,15290540.0
403,534,2023-10-12,139981085.0
404,764,2023-10-27,62534876.0
405,646,2024-05-08,88934091.0
406,497,2024-03-24,62145369.0
407,39,2024-03-26,87537037.0
408,292,2023-03-18,0.0
409,303,2024-01-13,0.0
410,211,2023-08-08,102497750.0
411,467,2023-01-02,0.0
412,205,2023-07-26,180226139.0
413,728,2024-09-01,0.0
414,170,2023-05-13,0.0
415,186,2023-11-23,0.0
416,233,2023-06-22,0.0
417,120,2023-06-15,0.0
418,188,2024-06-23,24479331.0
419,399,2024-12-21,39845793.0
420,194,2023-08-25,29032848.0
421,566,2023-10-01,14529150.0
422,570,2024-01-04,0.0
423,374,2023-11-15,29433900.0
424,55,2024-10-02,0.0
425,320,2024-10-18,50350275.0
426,699,2023-06-09,0.0
427,328,2024-01-10,31360331.0
428,643,2024-12-03,113657481.0
429,662,2023-12-01,31937865.0
430,328,2023-05-27,62624863.0
431,286,2023-07-19,494434.0
432,688,2023-04-13,0.0
433,680,2024-11-12,187254852.0
434,416,2024-02-14,56765566.0
435,269,2024-04-20,77561371.0
436,569,2023-06-09,784728.0
437,432,2023-01-05,88909113.0
438,451,2024-01-28,32643520.0
439,164,2023-10-01,27823471.0
440,248,2024-09-16,61882860.0
441,707,2023-05-05,181060694.0
442,531,2023-05-20,76237443.0
443,684,2023-07-22,1391070.0
444,21,2023-07-05,75061885.0
445,482,2023-07-12,69016635.0
446,232,2024-12-13,0.0
447,159,2024-01-05,30615336.0
448,225,2024-03-13,0.0
449,367,2023-11-02,75059636.0
450,338,2024-01-13,33340075.0
451,35,2024-11-08,9280784.0
452,218,2024-08-29,26962662.0
453,359,2024-07-03,56369286.0
454,326,2023-06-15,64228482.0
455,143,2023-06-14,7791012.0
456,580,2024-12-13,31608522.0
457,731,2024-04-16,0.0
458,458,2023-12-17,54374496.0
459,635,2023-04-30,61747922.0
460,712,2023-07-11,6516369.0
461,509,2024-03-30,30329456.0
462,181,2023-05-22,56874243.0
463,322,2023-06-19,18092525.0
464,180,2023-08-24,12883635.0
465,231,2023-08-21,44222300.0
466,710,2024-09-19,4988202.0
467,616,2023-02-08,5569676.0
468,10,2024-12-20,0.0
469,584,2024-01-28,3778146.0
470,674,2023-08-27,98152233.0
471,522,2024-06-30,146694734.0
472,249,2024-06-23,34896477.0
473,280,2023-02-23,76360392.0
474,630,2023-08-19,4309161.0
475,249,2024-08-20,25858240.0
476,294,2024-02-17,23706805.0
477,377,2024-05-23,89529209.0
478,697,2024-01-02,0.0
479,280,2023-07-27,25591275.0
480,106,2023-05-12,0.0
481,756,2024-11-29,146990794.0
482,388,2024-01-11,77597109.0
483,161,2024-09-10,24413895.0
484,649,2023-04-12,21794645.0
485,558,2024-09-15,7269604.0
486,628,2024-06-05,141712323.0
487,531,2023-07-06,39466862.0
488,604,2024-08-23,101606686.0
489,446,2023-05-03,18989700.0
490,525,2024-09-18,72109764.0
491,289,2024-02-11,73745955.0
492,584,2024-09-05,0.0
493,172,2024-06-20,0.0
494,356,2023-03-09,64794160.0
495,627,2024-07-30,0.0
496,355,2023-04-16,66388371.0
497,37,2023-11-01,0.0
498,278,2023-09-22,27506870.0
499,331,2024-12-15,0.0
500,365,2023-08-09,142872017.0
501,152,2024-11-18,21966687.0
502,190,2024-05-15,31584112.0
503,304,2023-08-22,11547234.0
504,39,2024-02-13,0.0
505,674,2023-10-18,23170507.0
506,373,2023-06-18,65256846.0
507,344,2023-04-21,4304883.0
508,237,2023-01-29,15318435.0
509,212,2023-10-01,118882861.0
510,790,2024-07-15,0.0
511,568,2024-05-31,61792304.0
512,550,2024-09-03,53549779.0
513,631,2024-08-01,73861744.0
514,32,2023-12-21,43157513.0
515,789,2024-10-15,55045944.0
516,650,2023-01-04,12070020.0
517,633,2024-02-16,67350685.0
518,453,2024-01-14,636480.0
519,145,2024-09-05,2387331.0
520,216,2024-05-21,15629295.0
521,789,2024-04-22,35863204.0
522,132,2023-01-27,267556569.0
523,405,2024-01-09,0.0
524,312,2024-09-26,9589179.0
525,288,2024-07-06,204354418.0
526,203,2024-12-07,129162310.0
527,761,2023-07-31,20164710.0
528,608,2024-01-16,0.0
529,38,2023-03-13,36084180.0
530,788,2023-10-10,0.0
531,438,2024-12-21,0.0
532,605,2023-02-28,106902551.0
533,754,2024-10-14,34186864.0
534,39,2024-11-18,6832545.0
535,250,2023-10-21,128411097.0
536,685,2024-05-04,97506396.0
537,292,2024-07-26,15116972.0
538,258,2024-01-23,0.0
539,417,2024-02-25,33531568.0
540,19,2024-05-19,86875119.0
541,294,2024-12-04,0.0
542,325,2023-03-09,128972927.0
543,39,2024-03-06,21304690.0
544,83,2024-07-26,60863180.0
545,184,2024-10-31,42114221.0
546,247,2024-03-05,19363884.0
547,540,2023-12-03,49953484.0
548,106,2024-10-12,18912438.0
549,325,2023-03-08,6829194.0
550,272,2024-07-22,43721868.0
551,370,2024-05-20,3342081.0
552,297,2024-03-09,0.0
553,732,2024-10-25,2761808.0
554,699,2024-05-15,29576272.0
555,68,2023-06-27,48028779.0
556,205,2023-11-09,60794927.0
557,682,2024-11-17,60122960.0
558,497,2023-11-15,490494.0
559,53,2023-05-15,0.0
560,510,2023-09-05,0.0
561,111,2023-04-19,26949168.0
562,367,2023-02-03,0.0
563,739,2023-03-24,46416119.0
564,643,2023-07-15,0.0
565,784,2023-01-23,47589960.0
566,77,2024-10-02,14668834.0
567,476,2024-05-01,33129627.0
568,761,2023-05-24,28199005.0
569,70,2024-11-01,111637856.0
570,607,2024-03-13,44894462.0
571,412,2024-04-24,41913340.0
572,706,2024-04-03,40068920.0
573,427,2023-07-26,128247755.0
574,800,2024-06-08,0.0
575,142,2023-06-25,701368.0
576,478,2024-08-15,5444084.0
577,632,2024-05-01,25774430.0
578,46,2024-09-01,8892520.0
579,509,2023-05-29,18326508.0
580,186,2023-02-06,13805966.0
581,177,2023-07-10,0.0
582,6,2024-09-10,35261240.0
583,663,2023-09-19,33645742.0
584,694,2023-12-10,41097616.0
585,100,2023-12-06,176042472.0
586,720,2024-05-06,141689357.0
587,605,2024-12-18,13016134.0
588,514,2024-05-29,25711316.0
589,243,2023-06-15,45427884.0
590,84,2024-06-17,8855319.0
591,366,2023-09-04,131351444.0
592,509,2024-02-21,0.0
593,247,2024-01-08,74296514.0
594,660,2024-11-15,0.0
595,187,2023-10-08,19790205.0
596,669,2024-05-12,91371746.0
597,113,2024-06-08,45502468.0
598,740,2024-08-08,0.0
599,747,2023-12-08,0.0
600,302,2023-12-08,0.0
601,316,2024-06-08,0.0
602,509,2023-08-12,0.0
603,773,2023-07-19,73066628.0
604,38,2023-04-22,98244194.0
605,45,2024-03-09,39257888.0
606,362,2024-10-16,0.0
607,165,2023-08-16,34712512.0
608,645,2023-12-03,5669054.0
609,275,2024-01-16,55853153.0
610,34,2024-12-27,0.0
611,749,2024-09-22,0.0
612,651,2023-05-31,1323084.0
613,165,2023-08-07,0.0
614,112,2024-12-09,35615660.0
615,711,2024-04-04,0.0
616,7,2023-02-26,3826163.0
617,397,2023-01-25,0.0
618,586,2024-05-19,22247219.0
619,717,2024-01-31,140202623.0
620,402,2023-04-03,35308472.0
621,760,2024-01-26,8164761.0
622,461,2023-01-27,48578380.0
623,377,2024-02-22,5123220.0
624,605,2023-06-17,50060368.0
625,696,2024-04-16,61250164.0
626,313,2023-11-15,51185316.0
627,116,2024-07-21,16909419.0
628,664,2023-11-07,0.0
629,629,2023-10-08,72191928.0
630,526,2024-03-29,63119052.0
631,25,2023-06-01,108839302.0
632,73,2024-12-06,140799678.0
633,719,2024-04-23,65932625.0
634,774,2023-01-15,0.0
635,233,2024-08-07,17823839.0
636,645,2024-12-31,45827408.0
637,286,2024-12-12,94368706.0
638,458,2023-07-14,18229329.0
639,475,2023-10-03,8095486.0
640,622,2023-05-13,123215712.0
641,275,2023-08-07,0.0
642,543,2024-05-31,75388731.0
643,429,2024-05-28,0.0
644,621,2024-10-02,27866439.0
645,548,2024-11-09,79298517.0
646,799,2024-03-07,39316778.0
647,324,2023-05-24,65702750.0
648,149,2023-02-19,71085136.0
649,86,2024-03-26,84603364.0
650,66,2023-08-29,64222314.0
651,577,2023-02-07,26140256.0
652,84,2024-03-13,0.0
653,91,2023-07-25,75441521.0
654,191,2024-08-11,64948964.0
655,245,2023-05-28,20781969.0
656,242,2024-08-17,13886416.0
657,222,2023-10-11,206524994.0
658,489,2024-08-27,0.0
659,305,2024-02-14,111300498.0
660,599,2023-03-08,1977736.0
661,408,2023-01-26,32352098.0
662,656,2023-03-10,38686794.0
663,118,2023-02-10,0.0
664,457,2024-04-29,62352288.0
665,741,2024-01-16,83458802.0
666,18,2023-06-12,83201151.0
667,125,2024-08-21,41335551.0
668,711,2023-05-30,73510155.0
669,460,2023-06-18,36632553.0
670,19,2023-03-21,27756011.0
671,306,2024-09-21,131288866.0
672,470,2023-07-31,64051462.0
673,651,2024-03-31,30141629.0
674,377,2024-08-30,5424370.0
675,719,2024-04-07,60894974.0
676,17,2023-09-27,130728960.0
677,373,2023-02-28,101943169.0
678,518,2023-11-13,18796941.0
679,392,2023-07-14,107215240.0
680,271,2024-05-16,0.0
681,391,2024-12-17,26340000.0
682,381,2024-12-10,13475572.0
683,704,2024-04-12,1709656.0
684,64,2024-03-20,0.0
685,266,2023-10-22,1796280.0
686,733,2024-02-25,99255342.0
687,788,2024-05-31,0.0
688,87,2023-10-27,52286515.0
689,672,2023-07-14,6244948.0
690,556,2023-01-03,66748195.0
691,471,2024-03-31,31035303.0
692,190,2024-04-02,0.0
693,169,2023-01-30,91618436.0
694,798,2024-06-23,2906006.0
695,345,2024-01-30,86112036.0
696,278,2023-02-28,11942595.0
697,188,2024-11-03,18218935.0
698,377,2024-12-01,19770135.0
699,741,2024-03-06,52135811.0
700,296,2024-03-11,53175493.0
701,593,2023-01-23,40890291.0
702,784,2024-02-20,38590532.0
703,214,2023-03-13,13055332.0
704,201,2024-09-10,8115364.0
705,57,2023-06-22,24112504.0
706,309,2024-02-09,51310434.0
707,136,2023-09-16,114439972.0
708,632,2024-10-10,33665240.0
709,642,2024-11-05,0.0
710,779,2024-08-06,66936512.0
711,341,2023-07-08,43775970.0
712,222,2023-06-26,49319301.0
713,354,2024-09-11,48149150.0
714,710,2023-01-11,54787982.0
715,738,2023-05-24,72023096.0
716,598,2023-09-15,56040332.0
717,74,2024-06-11,0.0
718,213,2024-08-06,38197296.0
719,343,2024-04-08,60178359.0
720,497,2024-08-09,46640370.0
721,665,2023-12-15,26260641.0
722,762,2024-08-05,52999198.0
723,736,2024-11-02,56313597.0
724,136,2024-03-13,70296125.0
725,489,2024-05-06,7892598.0
726,186,2024-11-19,25237658.0
727,282,2024-12-02,0.0
728,7,2023-10-20,27691436.0
729,540,2024-07-01,168156.0
730,683,2024-12-15,2718558.0
731,565,2024-10-31,91916250.0
732,690,2024-12-15,72723659.0
733,336,2024-08-24,14201887.0
734,694,2023-08-24,125667188.0
735,194,2024-05-27,0.0
736,699,2024-05-06,8320746.0
737,45,2024-07-09,12987507.0
738,711,2023-10-20,0.0
739,16,2023-06-23,58271800.0
740,696,2024-05-05,0.0
741,35,2023-03-23,18630231.0
742,525,2023-09-28,1141380.0
743,423,2024-06-10,30283716.0
744,309,2024-08-29,0.0
745,3,2024-01-19,0.0
746,716,2023-03-08,15864129.0
747,600,2023-12-13,83257057.0
748,250,2023-08-27,60658912.0
749,545,2024-10-24,47797425.0
750,85,2023-04-27,105639611.0
751,365,2024-09-18,0.0
752,25,2024-02-17,4471635.0
753,702,2024-07-19,0.0
754,745,2023-07-20,0.0
755,203,2024-05-14,13227736.0
756,193,2023-11-18,246774717.0
757,72,2024-10-25,19511888.0
758,523,2024-11-15,0.0
759,588,2024-11-21,83842606.0
760,580,2023-06-12,0.0
761,525,2023-12-02,41578011.0
762,78,2024-12-21,10606743.0
763,493,2024-02-05,6108606.0
764,286,2024-02-05,0.0
765,687,2024-03-07,65388045.0
766,446,2024-04-23,22556064.0
767,715,2023-07-23,0.0
768,750,2023-03-29,56025936.0
769,271,2024-10-27,55603138.0
770,312,2024-10-28,1996062.0
771,455,2023-03-14,16645125.0
772,388,2024-01-10,0.0
773,335,2023-02-03,73905465.0
774,439,2023-03-16,3215892.0
775,617,2023-09-21,0.0
776,793,2024-01-05,31035303.0
777,62,2023-03-16,46220390.0
778,540,2023-01-22,89867892.0
779,226,2024-11-17,0.0
780,369,2023-04-24,50727922.0
781,172,2024-05-19,0.0
782,305,2023-05-05,16198187.0
783,85,2024-05-29,25263763.0
784,284,2024-08-16,106589329.0
785,39,2023-06-27,60450336.0
786,741,2023-05-11,9182844.0
787,446,2024-07-24,12496600.0
788,383,2023-12-01,7140334.0
789,4,2024-04-13,60447539.0
790,152,2023-04-18,40148463.0
791,333,2023-12-15,93650704.0
792,552,2024-06-12,38745349.0
793,735,2023-05-16,0.0
794,236,2023-10-04,63913161.0
795,405,2023-03-17,5694906.0
796,471,2024-09-25,0.0
797,490,2023-07-11,0.0
798,570,2023-06-24,0.0
799,392,2023-02-28,64364485.0
800,189,2023-11-12,90348642.0
801,588,2024-08-29,0.0
802,35,2024-07-01,52878220.0
803,184,2023-06-14,29265216.0
804,735,2024-04-21,32882276.0
805,698,2023-03-03,33560711.0
806,365,2024-01-17,0.0
807,31,2023-08-13,0.0
808,54,2024-02-15,50096701.0
809,323,2023-08-21,31777290.0
810,52,2024-10-26,66499376.0
811,435,2023-09-18,109196043.0
812,763,2023-06-16,14942620.0
813,161,2024-04-06,84855715.0
814,684,2024-05-11,86116939.0
815,626,2024-03-21,0.0
816,129,2023-03-10,21238730.0
817,198,2023-05-13,187009543.0
818,266,2024-10-25,116238252.0
819,748,2024-06-17,0.0
820,450,2024-12-24,44370736.0
821,769,2024-01-20,21109868.0
822,706,2023-09-17,17122136.0
823,352,2023-04-06,6815443.0
824,492,2024-05-13,79426569.0
825,605,2023-04-05,0.0
826,696,2023-02-08,16608376.0
827,786,2023-02-08,156687368.0
828,164,2023-05-24,4054142.0
829,243,2024-01-05,0.0
830,444,2024-03-26,10763004.0
831,235,2023-08-06,0.0
832,796,2024-06-16,0.0
833,98,2023-07-06,21707748.0
834,473,2024-05-20,42477009.0
835,469,2023-03-24,49700452.0
836,766,2023-10-23,76983740.0
837,357,2024-07-12,24995292.0
838,619,2023-08-30,29989048.0
839,54,2023-05-16,7164212.0
840,520,2024-06-10,0.0
841,410,2024-08-31,170456920.0
842,403,2024-03-29,73719520.0
843,326,2023-09-29,61541992.0
844,65,2024-06-07,7284255.0
845,751,2024-06-28,56053614.0
846,539,2024-07-03,5117156.0
847,383,2024-12-29,2687370.0
848,735,2023-12-06,29526513.0
849,457,2023-07-20,19484992.0
850,755,2023-05-30,0.0
851,467,2024-10-15,74429548.0
852,310,2024-01-23,61637693.0
853,214,2024-08-10,6477460.0
854,2,2024-03-24,49694546.0
855,31,2024-09-05,0.0
856,358,2024-11-05,3016784.0
857,471,2024-03-28,53706960.0
858,589,2023-09-28,26675064.0
859,41,2023-04-08,91762941.0
860,27,2024-01-10,86910749.0
861,687,2023-11-18,30371055.0
862,699,2023-04-11,65228144.0
863,668,2023-02-13,37397131.0
864,430,2023-05-06,22657128.0
865,477,2024-05-16,91306020.0
866,767,2024-09-06,0.0
867,68,2023-11-06,0.0
868,704,2024-05-18,135186154.0
869,329,2024-01-26,21795532.0
870,245,2024-11-21,94496238.0
871,224,2023-06-09,82197318.0
872,695,2023-10-28,0.0
873,71,2023-07-10,0.0
874,146,2024-09-02,64576656.0
875,494,2024-12-30,0.0
876,746,2023-05-22,979914.0
877,374,2023-12-01,114344832.0
878,54,2023-08-25,6014974.0
879,327,2024-09-19,7172480.0
880,519,2024-07-02,150469850.0
881,520,2024-04-27,25403856.0
882,697,2023-07-19,55692865.0
883,538,2024-02-13,29428826.0
884,561,2023-08-27,79778826.0
885,294,2024-03-06,122029324.0
886,283,2024-04-22,61969810.0
887,90,2024-11-07,10212290.0
888,695,2023-07-09,73020125.0
889,58,2024-11-14,193194573.0
890,119,2023-02-28,0.0
891,211,2023-05-10,24128496.0
892,726,2024-06-26,75596299.0
893,444,2023-11-18,40719324.0
894,573,2024-05-22,5117156.0
895,2,2023-10-28,19666273.0
896,562,2023-12-12,32144816.0
897,140,2023-10-20,42348746.0
898,293,2023-11-24,22586817.0
899,351,2023-10-10,14992681.0
900,696,2024-09-06,68886636.0
901,353,2023-08-04,80950119.0
902,278,2023-06-14,0.0
903,243,2024-04-13,0.0
904,622,2024-04-05,59805226.0
905,636,2024-11-09,36425328.0
906,227,2023-02-19,31234335.0
907,173,2023-05-27,44586378.0
908,130,2023-08-21,41926707.0
909,682,2023-11-04,0.0
910,647,2023-02-18,29054285.0
911,444,2023-09-09,1307984.0
912,593,2023-02-26,116746366.0
913,387,2024-07-09,76867696.0
914,721,2024-01-21,44629216.0
915,381,2023-04-06,30810850.0
916,665,2024-03-28,54819177.0
917,726,2024-12-22,143203652.0
918,217,2023-03-09,33384366.0
919,460,2023-05-31,0.0
920,64,2023-01-22,72975913.0
921,127,2024-04-11,21509024.0
922,744,2023-11-24,122585558.0
923,234,2024-07-30,100724995.0
924,381,2023-04-15,103406532.0
925,90,2023-06-15,58368256.0
926,382,2024-02-12,1718320.0
927,761,2024-04-05,912887.0
928,778,2024-09-18,92138707.0
929,65,2024-05-04,53977801.0
930,791,2023-11-09,0.0
931,396,2023-11-07,119891376.0
932,663,2024-03-22,0.0
933,383,2023-09-16,0.0
934,356,2024-06-29,118678299.0
935,571,2024-12-25,95744110.0
936,587,2024-09-12,87603536.0
937,108,2024-12-27,33793544.0
938,141,2024-09-29,72115202.0
939,652,2023-09-08,150911684.0
940,400,2023-02-04,7172508.0
941,6,2024-02-01,0.0
942,728,2023-03-03,169900220.0
943,82,2024-11-07,0.0
944,23,2023-09-02,1380904.0
945,98,2024-12-01,7287574.0
946,473,2023-05-23,22799304.0
947,364,2023-12-16,168621129.0
948,579,2023-03-14,14697583.0
949,369,2023-08-25,65990493.0
950,528,2023-10-24,0.0
951,213,2024-06-14,108080873.0
952,118,2024-01-25,21264135.0
953,64,2023-05-20,45314562.0
954,255,2024-09-27,14195489.0
955,17,2023-03-14,16608376.0
956,695,2023-10-02,48709441.0
957,31,2024-07-29,168404473.0
958,28,2024-12-01,44651009.0
959,439,2023-12-20,64164580.0
960,487,2024-10-01,106094004.0
961,638,2024-10-11,54551436.0
962,630,2023-02-02,127177869.0
963,758,2023-10-27,57293716.0
964,1,2024-03-01,22293189.0
965,489,2023-12-04,0.0
966,207,2023-05-16,82427858.0
967,359,2024-06-04,120131568.0
968,551,2023-03-26,12892430.0
969,268,2023-05-15,5949000.0
970,744,2023-07-12,0.0
971,50,2024-03-30,142057679.0
972,657,2023-10-18,19790205.0
973,277,2023-12-03,64953719.0
974,589,2023-01-09,0.0
975,572,2023-12-23,576793.0
976,87,2023-12-13,116755746.0
977,776,2024-04-23,15351426.0
978,363,2024-01-11,103790871.0
979,78,2023-01-25,176985508.0
980,543,2024-10-08,4682572.0
981,344,2024-05-04,123104952.0
982,598,2024-01-17,149015560.0
983,669,2023-02-12,67001274.0
984,585,2023-07-19,108492277.0
985,104,2023-02-20,102243694.0
986,323,2023-02-26,72160860.0
987,108,2024-06-23,90754730.0
988,330,2024-02-28,98864795.0
989,413,2023-08-15,35463449.0
990,712,2023-04-09,77600406.0
991,481,2023-04-28,0.0
992,401,2023-11-11,80289379.0
993,733,2024-09-08,2810110.0
994,145,2023-07-13,28994916.0
995,186,2023-06-22,1735802.0
996,429,2024-06-07,35138187.0
997,112,2024-09-03,123883104.0
998,723,2023-08-09,0.0
999,50,2023-10-09,0.0
1000,55,2023-01-07,35796168.0
1001,38,2023-07-28,69248460.0
1002,448,2024-02-11,22003310.0
1003,505,2023-10-24,30603383.0
1004,298,2023-01-28,28903686.0
1005,432,2023-07-26,0.0
1006,631,2024-08-05,97819400.0
1007,294,2024-09-01,12572172.0
1008,150,2023-01-19,0.0
1009,92,2023-06-16,0.0
1010,273,2023-12-06,37268808.0
1011,193,2023-07-17,18692060.0
1012,333,2023-01-24,0.0
1013,799,2023-08-07,159862465.0
1014,708,2023-08-05,27795347.0
1015,578,2023-02-08,0.0
1016,300,2023-01-12,57511845.0
1017,555,2024-11-07,34892063.0
1018,255,2024-05-23,74577736.0
1019,696,2023-11-26,27172040.0
1020,599,2023-08-18,23031209.0
1021,389,2024-07-26,0.0
1022,417,2024-06-16,196543897.0
1023,169,2024-05-12,0.0
1024,281,2023-01-23,89538540.0
1025,293,2024-03-27,102109875.0
1026,793,2024-11-25,43701570.0
1027,718,2023-11-20,3685976.0
1028,102,2023-12-27,135659159.0
1029,243,2023-07-27,129539167.0
1030,497,2024-09-30,0.0
1031,428,2024-04-10,0.0
1032,479,2024-04-24,3825896.0
1033,714,2024-11-22,0.0
1034,421,2024-12-26,25390222.0
1035,617,2024-04-11,20521080.0
1036,682,2023-12-03,50288688.0
1037,183,2024-08-04,0.0
1038,683,2024-07-01,23339995.0
1039,651,2024-11-21,1564920.0
1040,582,2024-04-16,0.0
1041,244,2023-03-20,59139602.0
1042,14,2024-02-16,32964227.0
1043,410,2023-08-04,80660490.0
1044,642,2024-10-28,61738251.0
1045,658,2024-08-01,0.0
1046,478,2023-04-12,24669840.0
1047,398,2023-04-18,3094143.0
1048,140,2024-07-26,34474903.0
1049,448,2024-03-08,90725806.0
1050,477,2023-10-09,0.0
1051,328,2024-04-21,46467293.0
1052,563,2024-09-27,0.0
1053,46,2023-04-26,5082342.0
1054,584,2023-03-24,15745848.0
1055,470,2024-08-22,79478070.0
1056,449,2023-10-10,45896102.0
1057,511,2024-07-18,37578600.0
1058,524,2023-02-05,18465436.0
1059,773,2023-04-26,6794832.0
1060,798,2024-10-19,180916695.0
1061,56,2024-09-20,0.0
1062,485,2023-07-31,0.0
1063,247,2023-11-13,0.0
1064,646,2023-04-28,4340484.0
1065,491,2024-10-30,51290450.0
1066,142,2023-03-08,96922902.0
1067,569,2023-12-14,31485485.0
1068,671,2024-11-05,74550150.0
1069,356,2023-02-12,34872072.0
1070,586,2024-01-31,59989356.0
1071,70,2024-03-01,41640857.0
1072,374,2024-12-30,81379651.0
1073,642,2023-07-25,15888645.0
1074,512,2023-06-07,44123565.0
1075,143,2024-02-05,0.0
1076,214,2023-12-31,97336096.0
1077,572,2024-05-10,38571754.0
1078,216,2024-01-27,30058296.0
1079,550,2024-04-03,18212612.0
1080,643,2024-10-01,167512944.0
1081,626,2024-07-07,0.0
1082,688,2023-04-03,0.0
1083,388,2023-03-18,64592562.0
1084,216,2024-07-07,23412860.0
1085,372,2023-10-13,283340658.0
1086,93,2023-10-02,7959784.0
1087,68,2023-10-14,0.0
1088,608,2024-04-14,0.0
1089,103,2023-01-28,19216924.0
1090,279,2023-04-24,47139012.0
1091,130,2024-05-02,56668402.0
1092,687,2024-02-13,45292140.0
1093,185,2024-08-17,14865956.0
1094,67,2023-12-25,0.0
1095,672,2023-07-24,70999336.0
1096,654,2023-09-09,13099746.0
1097,336,2023-04-22,83494947.0
1098,210,2024-10-17,39165996.0
1099,795,2024-10-03,0.0
1100,355,2024-08-25,53894628.0
1101,256,2023-07-25,0.0
1102,449,2023-12-28,42890161.0
1103,251,2024-05-26,2454788.0
1104,93,2023-01-05,101022519.0
1105,313,2024-08-16,26511044.0
1106,160,2023-02-11,17829315.0
1107,651,2023-06-07,10206456.0
1108,588,2023-05-19,35221712.0
1109,233,2024-11-09,0.0
1110,234,2023-08-27,12304444.0
1111,497,2023-07-01,30786631.0
1112,390,2023-12-30,0.0
1113,80,2023-08-24,123353775.0
1114,45,2024-11-25,7872924.0
1115,284,2023-03-20,80975292.0
1116,612,2024-07-04,20296081.0
1117,509,2023-04-01,49401780.0
1118,398,2024-08-01,65642122.0
1119,205,2024-01-03,127074450.0
1120,242,2024-05-15,39245200.0
1121,568,2023-12-11,0.0
1122,787,2024-12-14,61005283.0
1123,667,2023-11-14,4743016.0
1124,605,2023-06-19,22471728.0
1125,330,2024-04-16,25684296.0
1126,593,2024-04-13,34240662.0
1127,107,2023-07-21,69684567.0
1128,224,2023-07-18,37268808.0
1129,743,2023-02-01,0.0
1130,98,2023-06-06,18643401.0
1131,12,2024-05-04,41772073.0
1132,325,2024-04-27,0.0
1133,573,2023-01-30,0.0
1134,384,2023-07-17,27738512.0
1135,231,2023-03-03,0.0
1136,763,2023-06-30,136125217.0
1137,341,2023-05-12,18115701.0
1138,541,2024-01-25,0.0
1139,604,2023-11-23,15919568.0
1140,460,2023-10-09,9280884.0
1141,272,2024-06-21,156401942.0
1142,595,2023-09-04,74466895.0
1143,238,2023-03-17,0.0
1144,5,2023-05-12,0.0
1145,156,2024-03-07,49720072.0
1146,113,2024-09-14,15227992.0
1147,319,2024-04-30,57153363.0
1148,720,2023-05-08,66149571.0
1149,767,2024-08-28,0.0
1150,239,2024-01-25,6471432.0
1151,332,2024-12-31,16558533.0
1152,264,2023-07-10,66130880.0
1153,354,2024-05-04,39199342.0
1154,165,2024-03-28,0.0
1155,426,2024-07-11,105379439.0
1156,697,2024-08-15,0.0
1157,39,2024-03-19,0.0
1158,594,2023-04-10,45364195.0
1159,375,2023-10-02,0.0
1160,597,2023-10-25,152259231.0
1161,10,2023-02-12,0.0
1162,787,2024-05-06,1814553.0
1163,391,2023-11-07,58831420.0
1164,415,2024-01-17,52112102.0
1165,404,2023-04-17,40502001.0
1166,576,2023-06-22,13091133.0
1167,785,2023-10-26,18259569.0
1168,786,2024-04-27,70725164.0
1169,479,2023-10-01,0.0
1170,721,2023-12-21,0.0
1171,382,2024-10-20,18862489.0
1172,679,2023-03-31,55999455.0
1173,368,2023-01-03,65642122.0
1174,776,2024-06-29,36559049.0
1175,237,2023-05-05,83991250.0
1176,389,2023-02-08,0.0
1177,363,2024-08-04,37013043.0
1178,749,2023-02-15,6327464.0
1179,377,2023-04-13,59629512.0
1180,712,2023-02-28,90893450.0
1181,501,2024-02-26,0.0
1182,220,2023-11-16,172344461.0
1183,295,2023-05-11,0.0
1184,485,2024-09-03,20325760.0
1185,704,2023-04-30,51603664.0
1186,383,2024-11-12,60017130.0
1187,124,2023-10-11,72464243.0
1188,325,2024-12-19,67035440.0
1189,584,2024-12-01,105634676.0
1190,464,2023-11-06,17719740.0
1191,384,2024-07-10,25386924.0
1192,695,2023-03-18,76190644.0
1193,195,2023-09-29,106608604.0
1194,578,2023-04-25,44700966.0
1195,384,2023-12-31,45781758.0
1196,568,2024-03-04,66841116.0
1197,642,2023-07-19,76576862.0
1198,119,2024-08-19,78563671.0
1199,26,2024-07-28,23308845.0
1200,413,2024-06-02,138487628.0
1201,355,2023-01-03,44292248.0
1202,530,2023-10-02,52596588.0
1203,397,2023-12-12,136711900.0
1204,654,2023-03-02,19912618.0
1205,699,2024-01-07,123844793.0
1206,425,2024-03-31,2181645.0
1207,606,2023-06-02,0.0
1208,303,2024-01-24,10524538.0
1209,237,2024-12-11,56708916.0
1210,491,2024-07-19,0.0
1211,611,2024-07-20,0.0
1212,738,2024-09-09,0.0
1213,194,2023-01-18,33224290.0
1214,237,2023-03-06,66398922.0
1215,373,2023-07-28,1902259.0
1216,445,2024-03-06,0.0
1217,750,2024-02-28,0.0
1218,648,2024-12-11,0.0
1219,2,2024-03-23,43567360.0
1220,57,2023-11-20,30579090.0
1221,612,2024-09-20,0.0
1222,262,2023-06-18,0.0
1223,161,2024-03-12,14027450.0
1224,753,2023-09-04,0.0
1225,706,2023-11-28,46419828.0
1226,766,2023-12-07,0.0
1227,746,2024-10-29,82789951.0
1228,541,2023-06-05,0.0
1229,332,2024-02-20,3922290.0
1230,296,2024-01-25,3517980.0
1231,561,2023-10-13,75779687.0
1232,10,2023-10-03,0.0
1233,117,2023-08-14,118544825.0
1234,116,2024-05-25,67114.0
1235,194,2023-10-19,0.0
1236,276,2023-12-25,63802852.0
1237,228,2024-07-14,0.0
1238,233,2024-11-02,0.0
1239,332,2023-07-10,81056445.0
1240,470,2024-01-02,62503040.0
1241,652,2023-08-20,18158697.0
1242,693,2023-08-28,0.0
1243,68,2023-04-05,41669264.0
1244,129,2024-05-06,72365890.0
1245,503,2024-08-29,23293206.0
1246,553,2024-06-13,49979244.0
1247,276,2024-12-16,72830455.0
1248,532,2023-05-05,55900399.0
1249,582,2023-04-10,38758255.0
1250,671,2024-12-29,1587741.0
1251,119,2023-02-19,17372760.0
1252,562,2023-07-16,14190287.0
1253,6,2024-04-12,0.0
1254,33,2023-03-30,40218507.0
1255,69,2024-03-20,45804612.0
1256,623,2023-03-31,3252720.0
1257,503,2024-04-28,73134553.0
1258,284,2023-01-17,45663449.0
1259,61,2024-10-05,3415184.0
1260,357,2023-05-25,0.0
1261,574,2023-11-28,5102515.0
1262,787,2023-07-28,57150115.0
1263,267,2023-02-26,29345820.0
1264,703,2023-03-13,160109026.0
1265,616,2023-11-29,23902046.0
1266,769,2024-12-30,83395573.0
1267,208,2023-10-01,8491678.0
1268,615,2024-07-11,14515449.0
1269,611,2024-12-19,62679724.0
1270,683,2024-12-10,136292004.0
1271,475,2023-03-04,86429280.0
1272,121,2023-04-05,54650455.0
1273,167,2023-02-23,4263552.0
1274,746,2023-03-03,19778034.0
1275,126,2023-04-23,29415710.0
1276,605,2023-01-19,27220420.0
1277,611,2023-04-29,117642314.0
1278,131,2023-09-03,0.0
1279,679,2023-08-28,0.0
1280,504,2023-06-16,56351872.0
1281,626,2023-09-13,6371814.0
1282,146,2023-11-23,0.0
1283,273,2023-06-23,0.0
1284,750,2024-04-24,16444211.0
1285,496,2024-01-11,0.0
1286,101,2023-01-21,48148578.0
1287,679,2023-10-29,61507066.0
1288,560,2024-03-20,418610.0
1289,613,2023-03-25,44118062.0
1290,768,2023-03-10,37488268.0
1291,569,2024-04-06,41901520.0
1292,777,2024-01-18,38720220.0
1293,260,2024-07-28,0.0
1294,339,2023-05-30,25757718.0
1295,680,2023-03-02,93863518.0
1296,155,2024-12-08,31997330.0
1297,759,2024-05-26,35146596.0
1298,107,2023-12-17,101461193.0
1299,303,2024-11-19,14461927.0
1300,657,2024-06-11,84881141.0
1301,235,2024-05-22,0.0
1302,355,2024-03-07,86477.0
1303,782,2023-10-06,4150873.0
1304,391,2023-04-07,35068012.0
1305,468,2024-06-05,72751104.0
1306,304,2023-09-25,0.0
1307,600,2023-06-19,15217935.0
1308,476,2023-02-26,100307160.0
1309,753,2024-01-10,0.0
1310,399,2024-12-28,94937478.0
1311,548,2023-06-18,0.0
1312,348,2024-12-24,95517061.0
1313,531,2023-11-16,39205416.0
1314,693,2023-08-24,31927242.0
1315,751,2024-10-06,38964950.0
1316,307,2024-12-13,37141152.0
1317,13,2023-08-24,41490978.0
1318,119,2023-07-27,27471640.0
1319,652,2024-12-28,39681406.0
1320,138,2023-05-17,76718258.0
1321,359,2023-06-02,167978377.0
1322,438,2024-02-01,24184747.0
1323,580,2023-05-06,0.0
1324,691,2024-07-25,29114985.0
1325,367,2024-12-26,50020739.0
1326,69,2023-04-26,105235974.0
1327,489,2024-03-20,2374128.0
1328,88,2023-05-16,40261386.0
1329,214,2024-03-23,17510848.0
1330,254,2023-12-13,28855920.0
1331,416,2023-01-12,54217134.0
1332,155,2024-06-19,127758757.0
1333,728,2023-06-05,108819334.0
1334,662,2024-07-03,0.0
1335,569,2023-10-07,0.0
1336,419,2023-02-01,148074056.0
1337,331,2024-05-06,4694358.0
1338,624,2023-09-04,14547792.0
1339,1,2024-06-30,0.0
1340,373,2024-07-03,22988016.0
1341,418,2023-06-26,105672905.0
1342,378,2023-09-24,0.0
1343,485,2024-06-21,0.0
1344,431,2024-09-29,9126384.0
1345,533,2023-03-22,0.0
1346,278,2024-04-18,95153710.0
1347,214,2024-11-06,75464137.0
1348,231,2023-12-20,31790741.0
1349,394,2023-07-07,6058790.0
1350,416,2024-06-27,0.0
1351,8,2023-06-07,75093894.0
1352,183,2023-05-01,76390598.0
1353,539,2023-02-20,11753004.0
1354,384,2023-02-01,39843840.0
1355,262,2023-12-23,15149168.0
1356,238,2023-09-18,35021532.0
1357,111,2023-06-11,18261204.0
1358,618,2023-01-12,24249780.0
1359,545,2024-07-24,0.0
1360,338,2024-10-25,11689485.0
1361,445,2024-06-03,45555719.0
1362,237,2024-12-17,74699482.0
1363,215,2024-03-08,50319850.0
1364,257,2023-11-01,76585198.0
1365,363,2024-10-22,0.0
1366,27,2023-11-16,56299508.0
1367,56,2023-04-26,63916202.0
1368,355,2023-06-27,121525225.0
1369,399,2024-01-29,58996363.0
1370,333,2023-07-14,15328104.0
1371,633,2024-08-07,0.0
1372,283,2024-02-15,21585400.0
1373,590,2024-11-30,0.0
1374,104,2024-07-26,80772603.0
1375,675,2024-05-29,0.0
1376,208,2023-05-26,6072344.0
1377,187,2023-09-29,97236081.0
1378,626,2023-11-09,0.0
1379,438,2024-04-17,64116022.0
1380,591,2024-04-16,526026.0
1381,49,2023-05-21,69078034.0
1382,575,2024-09-11,93123854.0
1383,583,2023-08-17,9940020.0
1384,572,2023-06-29,0.0
1385,398,2023-10-30,149031008.0
1386,521,2023-01-30,0.0
1387,729,2023-10-04,0.0
1388,98,2024-09-25,9070296.0
1389,388,2024-10-11,19267779.0
1390,159,2023-06-06,18326994.0
1391,511,2023-09-28,0.0
1392,617,2024-02-22,39364560.0
1393,288,2024-08-09,0.0
1394,135,2023-09-10,109218425.0
1395,586,2023-08-14,0.0
1396,698,2023-05-03,38631762.0
1397,288,2023-10-28,139439302.0
1398,595,2023-05-15,45771768.0
1399,638,2023-10-13,0.0
1400,142,2024-02-22,0.0
1401,526,2024-05-25,60176478.0
1402,31,2024-12-26,0.0
1403,145,2023-07-25,66234359.0
1404,613,2024-03-31,86527200.0
1405,453,2023-05-22,108977633.0
1406,479,2024-02-24,31194720.0
1407,59,2024-11-08,5943105.0
1408,749,2024-06-17,0.0
1409,523,2023-06-26,778293.0
1410,190,2023-03-20,0.0
1411,451,2023-10-27,131608958.0
1412,272,2024-05-01,134102109.0
1413,174,2024-01-07,75670625.0
1414,307,2024-05-03,57406047.0
1415,260,2023-12-02,44550581.0
1416,404,2024-01-21,0.0
1417,590,2024-01-10,3254232.0
1418,500,2023-08-02,59958250.0
1419,509,2024-07-09,12712690.0
1420,197,2024-04-01,6108836.0
1421,372,2023-02-23,51044312.0
1422,760,2023-10-04,37849852.0
1423,556,2024-10-18,0.0
1424,243,2024-04-17,31293824.0
1425,37,2023-11-26,25854352.0
1426,262,2023-01-15,66705174.0
1427,492,2024-08-13,7918906.0
1428,425,2024-07-27,0.0
1429,774,2024-11-20,110081173.0
1430,53,2023-04-02,94381667.0
1431,667,2023-10-10,49072360.0
1432,701,2023-05-23,5731074.0
1433,564,2023-05-21,35020776.0
1434,519,2024-10-12,30178763.0
1435,461,2023-06-16,105420898.0
1436,130,2024-05-30,4023380.0
1437,236,2024-06-20,588312.0
1438,18,2023-06-22,54497220.0
1439,668,2023-09-21,5617302.0
1440,243,2024-02-23,3685976.0
1441,763,2024-06-30,0.0
1442,363,2023-04-02,16941990.0
1443,643,2023-03-16,76473584.0
1444,428,2024-06-23,29961897.0
1445,419,2023-02-26,503355.0
1446,318,2024-10-29,125874472.0
1447,493,2024-08-11,0.0
1448,665,2023-01-07,12892430.0
1449,182,2024-12-29,11701116.0
1450,689,2023-02-18,43228218.0
1451,68,2023-04-04,44338330.0
1452,28,2023-07-22,0.0
1453,45,2024-07-22,67721038.0
1454,309,2023-07-14,105243026.0
1455,481,2024-07-18,0.0
1456,579,2024-05-27,35231490.0
1457,33,2024-04-18,101110149.0
1458,63,2024-01-21,120171102.0
1459,625,2024-06-03,87968097.0
1460,387,2024-08-15,5828502.0
1461,27,2023-08-15,91888008.0
1462,206,2024-04-29,13606010.0
1463,391,2023-05-05,77562058.0
1464,250,2024-10-03,42913039.0
1465,104,2024-08-25,6005576.0
1466,409,2024-09-03,20745900.0
1467,480,2023-04-11,35541768.0
1468,576,2023-04-18,0.0
1469,721,2024-04-14,2413436.0
1470,306,2023-12-27,72426584.0
1471,615,2023-10-18,0.0
1472,445,2023-12-15,26636775.0
1473,434,2024-12-12,94030453.0
1474,693,2024-05-06,16713090.0
1475,18,2023-02-10,55031908.0
1476,371,2024-11-19,0.0
1477,619,2023-01-12,0.0
1478,427,2023-06-29,126500779.0
1479,462,2023-10-09,26752518.0
1480,103,2024-10-11,88373649.0
1481,531,2024-12-12,102723907.0
1482,90,2024-04-21,9696840.0
1483,328,2023-02-27,84866908.0
1484,147,2024-06-24,38121440.0
1485,210,2024-05-23,0.0
1486,500,2023-06-11,107574730.0
1487,167,2024-08-22,0.0
1488,277,2023-09-01,157225005.0
1489,629,2024-03-10,101187849.0
1490,469,2023-11-14,148811126.0
1491,175,2024-11-14,2588134.0
1492,205,2023-08-26,42104430.0
1493,724,2023-08-16,139976411.0
1494,508,2024-12-11,3787292.0
1495,243,2023-05-08,0.0
1496,506,2023-07-19,1417609.0
1497,168,2023-08-07,110963994.0
1498,418,2024-08-14,29404062.0
1499,42,2023-02-11,6737472.0
1500,19,2023-03-07,0.0
1501,326,2023-08-08,11204704.0
1502,83,2024-11-08,131909700.0
1503,346,2024-09-22,37577423.0
1504,773,2024-09-01,28263306.0
1505,110,2023-07-08,0.0
1506,699,2024-12-29,5689827.0
1507,80,2024-01-28,46911285.0
1508,445,2023-04-20,0.0
1509,566,2023-08-04,102318493.0
1510,311,2024-02-07,8747620.0
1511,577,2023-09-04,746508.0
1512,414,2024-04-22,53076548.0
1513,111,2024-02-20,158198920.0
1514,381,2023-08-27,84961507.0
1515,309,2023-05-30,49700100.0
1516,431,2024-10-14,6829156.0
1517,764,2023-09-22,52295465.0
1518,733,2024-11-05,20851930.0
1519,24,2023-08-04,15244320.0
1520,474,2023-05-18,55983585.0
1521,69,2024-01-19,0.0
1522,563,2024-05-16,0.0
1523,402,2023-07-30,84661400.0
1524,192,2024-01-09,0.0
1525,9,2024-01-09,84291430.0
1526,515,2024-12-20,139664598.0
1527,471,2023-07-02,101885194.0
1528,397,2024-07-14,115317200.0
1529,144,2024-11-22,28224787.0
1530,8,2024-11-18,71367364.0
1531,208,2024-09-27,53163906.0
1532,482,2023-06-29,25577808.0
1533,237,2023-03-10,23751450.0
1534,14,2023-07-19,0.0
1535,398,2024-05-22,59301803.0
1536,467,2023-05-12,4664037.0
1537,214,2023-09-29,122148753.0
1538,145,2023-10-14,1745316.0
1539,185,2024-12-01,119146106.0
1540,733,2023-07-18,10384275.0
1541,570,2024-06-19,0.0
1542,277,2023-09-06,43590090.0
1543,508,2024-09-20,77610117.0
1544,519,2024-06-21,64622993.0
1545,795,2024-12-31,18438000.0
1546,208,2024-03-21,0.0
1547,605,2024-12-23,1172108.0
1548,60,2023-11-11,109354136.0
1549,388,2024-04-28,40370868.0
1550,713,2023-06-16,49867407.0
1551,649,2023-07-05,0.0
1552,669,2023-09-17,86252122.0
1553,744,2024-03-14,12919136.0
1554,31,2023-10-21,160462813.0
1555,128,2024-07-19,0.0
1556,118,2023-01-14,47263061.0
1557,48,2024-10-09,65999119.0
1558,306,2023-02-14,58797872.0
1559,178,2023-07-22,37490409.0
1560,381,2023-08-26,0.0
1561,182,2024-03-18,110888500.0
1562,718,2024-12-21,27668852.0
1563,418,2023-03-21,61448117.0
1564,22,2023-11-28,22453970.0
1565,228,2023-02-19,47899554.0
1566,320,2024-11-23,13856835.0
1567,511,2024-04-26,0.0
1568,719,2023-06-01,0.0
1569,585,2023-09-11,0.0
1570,201,2023-08-19,89733373.0
1571,443,2023-12-06,50825970.0
1572,695,2024-06-29,49670491.0
1573,260,2024-12-07,18561768.0
1574,54,2024-02-25,28207209.0
1575,687,2024-02-08,0.0
1576,492,2024-12-03,33498915.0
1577,560,2024-08-24,0.0
1578,739,2024-05-30,9088527.0
1579,561,2024-10-23,48278576.0
1580,179,2023-09-01,40233800.0
1581,261,2024-07-30,4936984.0
1582,320,2023-07-26,1570224.0
1583,483,2023-09-28,0.0
1584,748,2024-08-14,31335179.0
1585,266,2024-11-05,45925320.0
1586,541,2024-03-08,50253312.0
1587,244,2024-12-07,95916236.0
1588,286,2023-08-25,102412946.0
1589,576,2023-01-23,0.0
1590,336,2024-05-31,0.0
1591,148,2024-02-15,0.0
1592,12,2024-12-25,123880501.0
1593,595,2024-10-02,0.0
1594,387,2023-05-08,56424861.0
1595,430,2023-09-13,20571019.0
1596,327,2023-12-09,39280792.0
1597,737,2024-06-10,139655704.0
1598,784,2024-11-25,3779243.0
1599,604,2023-10-31,51826699.0
1600,393,2023-01-04,39476428.0
1601,476,2023-09-05,44244350.0
1602,70,2024-10-22,121795954.0
1603,5,2023-11-23,100367308.0
1604,367,2024-08-24,4174785.0
1605,215,2024-08-09,0.0
1606,78,2024-08-22,0.0
1607,159,2023-08-29,87282280.0
1608,674,2024-01-07,25407756.0
1609,17,2023-12-25,1470109.0
1610,683,2023-01-15,42698102.0
1611,66,2023-06-10,4712346.0
1612,744,2023-05-07,24385986.0
1613,728,2024-10-22,64876982.0
1614,682,2024-11-19,0.0
1615,405,2023-04-12,9839148.0
1616,332,2023-05-20,192853042.0
1617,511,2023-02-28,0.0
1618,600,2024-08-16,76986480.0
1619,749,2024-11-13,106147305.0
1620,674,2024-01-16,114814908.0
1621,196,2024-06-29,65375086.0
1622,612,2024-09-13,13741830.0
1623,80,2023-02-08,2804178.0
1624,272,2024-10-01,34401609.0
1625,343,2023-04-20,10847745.0
1626,442,2023-05-01,1398648.0
1627,264,2023-05-05,69881482.0
1628,70,2024-07-16,13726582.0
1629,291,2023-06-13,680239.0
1630,507,2024-01-11,38811231.0
1631,491,2023-11-07,40963586.0
1632,85,2024-02-23,45352432.0
1633,737,2023-03-30,0.0
1634,210,2023-02-18,0.0
1635,597,2023-02-21,23906304.0
1636,216,2024-07-17,94924952.0
1637,333,2024-03-30,11815361.0
1638,75,2024-08-25,40370868.0
1639,515,2023-12-03,122257861.0
1640,156,2023-01-09,37044938.0
1641,395,2024-06-16,77028698.0
1642,418,2024-06-13,23487660.0
1643,264,2024-01-07,139966558.0
1644,502,2023-12-02,0.0
1645,434,2023-11-05,26472236.0
1646,198,2024-05-28,0.0
1647,137,2023-07-02,192285210.0
1648,734,2024-03-30,28066439.0
1649,431,2024-07-16,24454850.0
1650,396,2023-05-09,51205071.0
1651,590,2023-03-29,0.0
1652,641,2023-02-15,25403856.0
1653,334,2023-02-25,73580405.0
1654,311,2024-04-19,54757440.0
1655,699,2023-10-22,80636272.0
1656,20,2024-02-24,41549076.0
1657,284,2023-02-03,93677140.0
1658,208,2023-01-09,81839024.0
1659,136,2024-04-13,0.0
1660,652,2024-07-18,52797817.0
1661,326,2024-03-11,2926220.0
1662,387,2024-08-12,47412000.0
1663,464,2024-07-29,120435878.0
1664,547,2023-12-30,39797120.0
1665,53,2024-08-30,17843777.0
1666,311,2024-06-27,41643745.0
1667,605,2023-11-05,73320851.0
1668,359,2024-02-16,33148065.0
1669,424,2024-03-12,12607936.0
1670,586,2023-01-24,0.0
1671,324,2024-10-22,86476158.0
1672,745,2024-02-03,0.0
1673,208,2024-06-02,203055717.0
1674,80,2024-09-23,149683010.0
1675,186,2023-08-02,62592199.0
1676,558,2023-01-16,2471885.0
1677,6,2024-12-12,0.0
1678,343,2023-03-23,64284204.0
1679,4,2024-04-24,3331498.0
1680,251,2023-04-30,1456851.0
1681,398,2024-03-22,37426160.0
1682,355,2024-05-08,87422230.0
1683,174,2024-08-28,0.0
1684,93,2023-08-25,22325280.0
1685,124,2024-12-10,14800933.0
1686,384,2024-10-24,108111135.0
1687,263,2023-02-15,108635965.0
1688,267,2023-08-02,173892886.0
1689,180,2024-01-26,0.0
1690,177,2024-11-28,9132368.0
1691,541,2024-05-04,53960664.0
1692,636,2024-12-17,2715918.0
1693,368,2024-02-21,0.0
1694,447,2023-06-19,7993065.0
1695,737,2023-01-15,107588187.0
1696,229,2024-06-22,113815791.0
1697,506,2024-07-04,110200396.0
1698,608,2024-03-21,38990052.0
1699,640,2023-08-19,74141680.0
1700,269,2024-03-21,6679632.0
1701,473,2023-12-26,61652096.0
1702,570,2023-01-05,134050258.0
1703,259,2023-08-12,18428917.0
1704,698,2023-07-14,4340484.0
1705,318,2024-05-01,2989760.0
1706,799,2024-01-20,63306077.0
1707,439,2024-05-21,0.0
1708,239,2023-09-14,64610130.0
1709,766,2024-02-25,0.0
1710,226,2024-11-07,21932265.0
1711,754,2024-04-12,71475892.0
1712,417,2023-02-02,1483808.0
1713,725,2024-05-08,0.0
1714,421,2024-01-14,404163.0
1715,586,2024-06-29,42370384.0
1716,284,2023-08-24,19453824.0
1717,396,2023-06-17,79285311.0
1718,419,2024-11-01,0.0
1719,492,2023-05-09,35118578.0
1720,49,2023-11-09,103220642.0
1721,52,2023-02-26,25236430.0
1722,104,2023-03-14,21704365.0
1723,443,2023-02-03,109479728.0
1724,520,2024-01-21,5443659.0
1725,200,2023-03-28,1626759.0
1726,704,2023-05-19,141578222.0
1727,327,2023-08-25,10188756.0
1728,422,2024-05-13,119110187.0
1729,210,2023-12-23,6163695.0
1730,12,2023-02-03,64665427.0
1731,115,2024-01-20,29670239.0
1732,77,2023-06-20,21426018.0
1733,658,2023-05-16,46679990.0
1734,276,2024-04-24,6306177.0
1735,799,2023-05-09,21088144.0
1736,563,2023-12-10,108688730.0
1737,162,2024-12-22,103101108.0
1738,8,2024-10-13,24377661.0
1739,598,2023-08-29,41742555.0
1740,20,2023-12-01,58915026.0
1741,117,2023-05-09,0.0
1742,714,2023-03-20,43116885.0
1743,642,2024-09-14,86075240.0
1744,6,2024-03-04,37090575.0
1745,734,2024-12-18,79706358.0
1746,219,2024-04-16,0.0
1747,585,2024-10-08,75091397.0
1748,8,2024-07-13,111723889.0
1749,718,2023-09-10,0.0
1750,306,2024-02-18,5016360.0
1751,562,2023-02-27,100894626.0
1752,579,2024-05-14,7459540.0
1753,411,2024-04-20,9940067.0
1754,85,2023-06-09,2377242.0
1755,638,2024-01-05,28869214.0
1756,350,2024-10-14,0.0
1757,418,2024-08-10,105366841.0
1758,416,2024-12-25,0.0
1759,364,2024-12-11,0.0
1760,191,2023-07-28,23542937.0
1761,502,2023-04-22,55131404.0
1762,260,2024-12-02,0.0
1763,778,2023-11-24,93887952.0
1764,438,2024-11-01,123259805.0
1765,284,2023-05-27,0.0
1766,683,2023-09-30,4273358.0
1767,352,2024-06-07,5499960.0
1768,566,2023-10-28,30512503.0
1769,269,2023-10-20,89493758.0
1770,24,2024-10-26,0.0
1771,444,2024-01-10,0.0
1772,250,2024-10-16,0.0
1773,633,2023-02-07,4262005.0
1774,254,2024-05-04,3396952.0
1775,564,2024-12-20,0.0
1776,122,2024-04-17,0.0
1777,207,2023-10-11,74333016.0
1778,147,2024-02-16,42553602.0
1779,1,2023-12-15,52812420.0
1780,53,2024-10-20,6111768.0
1781,74,2023-05-13,36775926.0
1782,694,2023-02-07,15632827.0
1783,559,2023-05-03,33750286.0
1784,521,2024-10-06,55968444.0
1785,212,2023-10-24,95780571.0
1786,544,2023-07-23,41742004.0
1787,581,2023-04-28,0.0
1788,608,2023-08-03,23989216.0
1789,782,2024-07-31,3529872.0
1790,759,2024-04-19,11891485.0
1791,409,2024-02-25,44847445.0
1792,317,2024-10-08,98077914.0
1793,179,2023-04-20,46594811.0
1794,497,2024-08-22,26541029.0
1795,209,2024-12-28,3534505.0
1796,689,2024-12-01,2422338.0
1797,766,2023-01-08,15581102.0
1798,443,2023-07-04,0.0
1799,91,2023-09-28,49048384.0
1800,54,2024-08-18,11345244.0
1801,639,2024-03-28,9152160.0
1802,369,2024-04-08,23964744.0
1803,67,2023-12-17,77023824.0
1804,428,2024-08-30,13472382.0
1805,72,2024-11-12,0.0
1806,444,2023-06-17,0.0
1807,586,2023-10-17,0.0
1808,705,2023-01-13,51777905.0
1809,678,2023-10-29,0.0
1810,210,2024-11-18,0.0
1811,646,2023-04-01,102904141.0
1812,545,2024-10-01,22357220.0
1813,134,2024-02-21,42249006.0
1814,152,2024-06-10,24099353.0
1815,610,2023-07-30,29428826.0
1816,125,2023-06-19,0.0
1817,88,2024-06-22,150650329.0
1818,19,2023-04-19,33459042.0
1819,751,2023-01-20,38519320.0
1820,129,2023-09-28,78460722.0
1821,78,2024-08-27,151024442.0
1822,164,2023-11-03,85426152.0
1823,637,2023-05-04,6859185.0
1824,477,2024-02-17,138608696.0
1825,138,2024-02-19,47583693.0
1826,39,2024-05-12,67384507.0
1827,314,2023-08-26,55558998.0
1828,533,2023-12-07,16740542.0
1829,77,2024-08-25,36013785.0
1830,529,2024-09-28,124164229.0
1831,755,2023-04-13,92847521.0
1832,521,2024-02-22,24912830.0
1833,411,2024-09-05,29236462.0
1834,41,2023-07-24,20684134.0
1835,750,2023-08-08,19602708.0
1836,471,2024-04-22,102083132.0
1837,29,2024-07-15,130387722.0
1838,701,2024-08-30,9602776.0
1839,222,2023-03-21,0.0
1840,422,2024-07-31,0.0
1841,317,2023-02-11,2908100.0
1842,521,2024-02-21,67091338.0
1843,122,2024-10-09,1432182.0
1844,431,2024-03-07,34062746.0
1845,711,2023-07-09,19455005.0
1846,6,2024-09-20,148724288.0
1847,129,2024-01-21,26988611.0
1848,357,2024-07-18,0.0
1849,565,2023-07-10,0.0
1850,542,2024-07-07,79050969.0
1851,393,2024-06-20,0.0
1852,741,2024-09-15,2419088.0
1853,474,2023-04-19,33391303.0
1854,96,2023-02-18,3523233.0
1855,432,2024-03-29,0.0
1856,777,2023-10-22,0.0
1857,582,2023-03-05,4164529.0
1858,691,2024-11-11,28878181.0
1859,348,2024-12-17,135982055.0
1860,778,2024-05-18,69483981.0
1861,255,2024-08-14,12545692.0
1862,109,2024-04-03,90258588.0
1863,422,2024-10-21,67489096.0
1864,298,2024-03-26,17983764.0
1865,117,2023-09-26,95178346.0
1866,362,2024-08-16,17630620.0
1867,413,2024-09-25,0.0
1868,324,2023-01-30,7497262.0
1869,105,2024-01-17,127993266.0
1870,747,2023-10-09,32638330.0
1871,247,2024-12-11,268337.0
1872,67,2023-09-18,177126111.0
1873,696,2023-03-02,127580.0
1874,608,2023-08-20,8332331.0
1875,436,2024-01-24,5059541.0
1876,715,2023-09-22,0.0
1877,101,2024-03-02,64629026.0
1878,263,2024-08-04,77669589.0
1879,229,2023-09-15,40017163.0
1880,495,2023-11-23,0.0
1881,733,2024-01-19,9814472.0
1882,760,2024-08-30,23479611.0
1883,578,2024-03-29,11304210.0
1884,406,2024-05-12,87564224.0
1885,549,2023-07-08,11717226.0
1886,333,2023-11-05,14376785.0
1887,645,2024-08-28,0.0
1888,504,2024-07-07,0.0
1889,224,2023-11-14,39094058.0
1890,296,2024-04-17,75321874.0
1891,34,2024-06-13,33969105.0
1892,273,2024-12-26,7814715.0
1893,741,2024-04-06,22455812.0
1894,570,2023-11-09,68182686.0
1895,690,2023-06-02,56439720.0
1896,55,2023-01-07,237126650.0
1897,350,2024-03-24,98338276.0
1898,625,2023-10-11,9666328.0
1899,647,2023-09-04,68255926.0
1900,266,2023-01-13,0.0
1901,310,2024-10-18,0.0
1902,14,2023-04-29,52551555.0
1903,124,2023-05-28,1308645.0
1904,653,2023-11-05,0.0
1905,294,2024-12-12,5900860.0
1906,706,2024-07-07,5176268.0
1907,454,2023-03-26,28404043.0
1908,51,2023-09-29,58476334.0
1909,289,2023-12-31,8075102.0
1910,625,2023-04-08,2878980.0
1911,664,2024-03-22,13593459.0
1912,347,2023-09-16,0.0
1913,49,2024-11-20,0.0
1914,515,2024-01-24,51471317.0
1915,443,2024-09-02,69973584.0
1916,268,2024-02-06,402684.0
1917,56,2024-01-19,96298300.0
1918,769,2024-07-10,11936013.0
1919,437,2024-04-04,46124913.0
1920,298,2024-03-21,30605903.0
1921,280,2024-01-08,41003375.0
1922,599,2023-03-09,51670522.0
1923,610,2024-07-21,0.0
1924,560,2023-10-17,26289248.0
1925,149,2023-03-02,130102788.0
1926,176,2024-11-22,35402608.0
1927,799,2024-11-09,0.0
1928,632,2023-09-27,0.0
1929,754,2023-09-18,0.0
1930,627,2023-04-05,1391595.0
1931,362,2023-01-13,0.0
1932,161,2023-07-23,23498266.0
1933,727,2024-01-12,31591718.0
1934,167,2024-03-28,122146670.0
1935,571,2024-08-25,0.0
1936,186,2023-09-24,76713600.0
1937,527,2023-07-02,23848720.0
1938,192,2023-01-22,2896572.0
1939,126,2024-04-28,30058462.0
1940,676,2023-04-17,52847681.0
1941,386,2023-12-02,27657040.0
1942,606,2023-03-18,43851806.0
1943,679,2024-11-25,45440865.0
1944,321,2024-04-04,0.0
1945,285,2024-09-03,33056668.0
1946,496,2023-07-02,38646905.0
1947,196,2024-07-23,22836517.0
1948,591,2024-02-27,86386169.0
1949,205,2023-05-15,75202779.0
1950,644,2024-03-13,36304053.0
1951,46,2024-11-26,0.0
1952,418,2023-07-10,44604639.0
1953,595,2024-12-26,31746036.0
1954,506,2024-05-31,30895161.0
1955,234,2023-08-27,123308712.0
1956,598,2024-03-24,107136524.0
1957,208,2023-08-19,0.0
1958,198,2024-04-27,14479751.0
1959,389,2024-09-02,7693452.0
1960,349,2024-02-06,126436938.0
1961,664,2024-08-01,36291060.0
1962,220,2023-02-05,67172702.0
1963,238,2024-10-14,57147852.0
1964,99,2023-05-15,31472669.0
1965,295,2023-03-11,2861562.0
1966,796,2023-01-14,87879836.0
1967,28,2024-11-03,56785302.0
1968,144,2023-12-18,0.0
1969,135,2024-03-10,27360720.0
1970,494,2023-06-07,87822970.0
1971,226,2023-04-21,69027800.0
1972,473,2023-06-04,42553602.0
1973,500,2024-04-22,69201406.0
1974,688,2024-10-01,31807470.0
1975,192,2024-06-17,0.0
1976,197,2024-07-22,8343766.0
1977,267,2023-06-17,28370660.0
1978,793,2024-09-12,0.0
1979,641,2023-04-04,11690014.0
1980,641,2023-10-16,65821520.0
1981,762,2023-05-22,6103860.0
1982,58,2024-08-30,12573960.0
1983,660,2023-08-10,6466422.0
1984,328,2024-02-01,13422444.0
1985,340,2024-10-14,807972.0
1986,607,2023-10-15,64154890.0
1987,110,2023-08-01,53073153.0
1988,202,2023-03-13,3806998.0
1989,77,2023-10-29,0.0
1990,102,2023-05-23,4730586.0
1991,59,2023-05-26,14918697.0
1992,340,2023-12-31,33251346.0
1993,675,2024-09-07,2487072.0
1994,363,2023-02-18,30845337.0
1995,602,2023-07-23,163167888.0
1996,55,2024-03-22,32483094.0
1997,752,2023-04-13,24145324.0
1998,429,2023-09-09,60812130.0
1999,714,2024-09-09,0.0
2000,754,2024-12-20,32264900.0
2001,496,2024-06-18,0.0
2002,756,2023-08-29,40414453.0
2003,307,2023-05-23,192428772.0
2004,26,2023-05-01,37876670.0
2005,221,2023-07-30,0.0
2006,273,2023-10-19,0.0
2007,777,2024-04-02,119403868.0
2008,762,2024-04-16,3107980.0
2009,511,2023-10-11,0.0
2010,604,2024-03-14,78960567.0
2011,460,2023-02-01,5860486.0
2012,214,2023-10-07,8859870.0
2013,582,2024-06-03,0.0
2014,709,2024-07-08,44805696.0
2015,644,2023-04-09,108741869.0
2016,271,2023-11-01,21756378.0
2017,193,2023-12-26,58553557.0
2018,104,2023-07-06,7955013.0
2019,113,2024-02-09,55110468.0
2020,641,2024-02-16,35052528.0
2021,251,2024-08-12,1030992.0
2022,643,2024-12-10,66658554.0
2023,728,2024-02-16,1890265.0
2024,542,2023-09-09,0.0
2025,413,2023-12-21,6663040.0
2026,528,2024-08-12,829158.0
2027,772,2024-03-27,113981509.0
2028,207,2023-06-14,36375552.0
2029,76,2023-08-07,67135860.0
2030,263,2024-08-04,47578047.0
2031,494,2024-12-26,55873202.0
2032,620,2024-12-11,5028636.0
2033,544,2024-12-21,32659380.0
2034,794,2023-02-27,68716302.0
2035,118,2024-12-08,12820074.0
2036,492,2023-12-22,75109642.0
2037,251,2024-07-17,0.0
2038,247,2024-08-01,82037268.0
2039,796,2024-03-30,0.0
2040,720,2024-03-08,77834915.0
2041,506,2024-09-08,98814630.0
2042,708,2023-04-22,102445593.0
2043,270,2024-04-30,7068519.0
2044,234,2024-06-02,98912151.0
2045,225,2024-01-29,21329217.0
2046,797,2024-06-01,3900210.0
2047,218,2024-12-31,0.0
2048,215,2024-06-24,25296141.0
2049,598,2024-08-26,27653245.0
2050,578,2024-03-20,20002634.0
2051,62,2023-12-13,60612276.0
2052,707,2024-02-02,35636182.0
2053,82,2023-11-10,73593080.0
2054,198,2024-12-13,98707456.0
2055,279,2023-11-23,0.0
2056,400,2024-05-24,0.0
2057,20,2023-02-17,16831688.0
2058,671,2024-05-11,0.0
2059,278,2023-01-22,94069519.0
2060,3,2023-12-26,123295771.0
2061,598,2024-09-24,68250690.0
2062,778,2024-04-13,26403645.0
2063,217,2023-05-13,23846665.0
2064,344,2024-07-09,11432096.0
2065,295,2024-08-16,48069208.0
2066,475,2023-01-30,0.0
2067,190,2024-09-10,63849677.0
2068,346,2023-07-22,129638638.0
2069,664,2023-07-26,29262200.0
2070,114,2023-03-26,30491246.0
2071,703,2024-02-26,7688190.0
2072,430,2024-02-27,108961973.0
2073,61,2024-04-06,165528640.0
2074,782,2024-01-21,0.0
2075,236,2023-05-11,66753232.0
2076,49,2024-11-29,51732991.0
2077,323,2023-10-26,0.0
2078,354,2023-11-10,4856170.0
2079,525,2024-08-28,53423490.0
2080,326,2023-04-30,145786583.0
2081,612,2024-06-01,0.0
2082,57,2024-03-03,122387733.0
2083,661,2024-01-10,3364239.0
2084,642,2023-06-20,17805205.0
2085,736,2024-08-21,77587813.0
2086,619,2023-09-17,178556127.0
2087,749,2024-10-30,12469536.0
2088,450,2024-04-05,62122184.0
2089,644,2023-07-30,9508092.0
2090,398,2024-02-20,105417411.0
2091,41,2024-01-06,386110.0
2092,706,2024-08-01,0.0
2093,254,2023-02-09,0.0
2094,680,2024-04-14,79485147.0
2095,59,2023-06-07,0.0
2096,133,2024-05-22,21395178.0
2097,490,2024-04-08,43270856.0
2098,774,2024-08-22,93006120.0
2099,61,2023-05-03,69105771.0
2100,795,2024-07-07,22538857.0
2101,164,2024-05-27,0.0
2102,342,2023-11-19,51185659.0
2103,25,2024-06-12,113353700.0
2104,583,2023-06-28,4795839.0
2105,475,2023-04-23,36998363.0
2106,81,2024-06-16,0.0
2107,165,2024-04-20,0.0
2108,433,2023-09-17,37027380.0
2109,395,2024-03-14,33854636.0
2110,775,2024-03-22,116378594.0
2111,179,2024-02-29,7266578.0
2112,594,2024-04-23,41538068.0
2113,781,2023-02-15,0.0
2114,359,2024-01-22,31709097.0
2115,376,2023-08-14,96146476.0
2116,224,2023-05-11,44312761.0
2117,309,2023-11-01,108921220.0
2118,38,2023-03-28,56789700.0
2119,564,2024-05-04,80497872.0
2120,528,2023-10-30,70380083.0
2121,253,2024-10-24,124652035.0
2122,566,2023-09-24,110272926.0
2123,686,2023-01-20,13397217.0
2124,687,2024-11-30,0.0
2125,590,2023-07-25,0.0
2126,693,2024-04-07,0.0
2127,487,2023-09-14,13292069.0
2128,669,2024-12-11,26949888.0
2129,194,2023-11-27,33409738.0
2130,323,2024-01-12,98835434.0
2131,196,2023-01-19,0.0
2132,345,2024-12-15,99644915.0
2133,356,2024-09-11,162910042.0
2134,360,2024-01-28,68940814.0
2135,743,2024-08-17,11014440.0
2136,82,2024-06-07,335570.0
2137,600,2024-11-09,86729831.0
2138,519,2023-06-13,5883120.0
2139,547,2023-09-10,23334374.0
2140,395,2023-07-17,31833626.0
2141,165,2024-02-07,95593494.0
2142,89,2023-12-13,66249306.0
2143,414,2024-08-28,43775883.0
2144,642,2024-09-24,24284200.0
2145,710,2024-04-07,73400579.0
2146,24,2024-03-22,14072387.0
2147,307,2024-01-07,142050007.0
2148,419,2023-05-14,46968704.0
2149,9,2024-11-26,23466653.0
2150,319,2023-07-22,39843840.0
2151,421,2023-10-14,3146958.0
2152,351,2024-11-30,49884628.0
2153,388,2023-09-29,42513450.0
2154,582,2023-10-15,37351101.0
2155,264,2024-08-28,54711774.0
2156,334,2024-06-20,13959081.0
2157,304,2023-09-16,68973790.0
2158,251,2024-09-03,50261446.0
2159,436,2023-05-18,64773358.0
2160,651,2024-11-19,60817510.0
2161,433,2024-03-03,206306446.0
2162,75,2024-01-13,58640496.0
2163,662,2023-09-08,61998809.0
2164,632,2024-03-12,35430052.0
2165,254,2024-05-21,57207815.0
2166,785,2024-01-27,0.0
2167,247,2023-02-13,100314328.0
2168,583,2024-04-02,0.0
2169,339,2024-04-30,82417144.0
2170,800,2024-12-09,105525838.0
2171,109,2023-08-12,0.0
2172,277,2024-05-27,5487348.0
2173,121,2023-08-05,0.0
2174,678,2024-07-17,46274983.0
2175,744,2024-05-18,0.0
2176,624,2023-02-08,78796746.0
2177,224,2023-04-29,54422118.0
2178,108,2023-01-17,48804818.0
2179,647,2023-08-03,0.0
2180,612,2023-01-17,42752193.0
2181,139,2023-12-27,4195944.0
2182,423,2023-02-09,95801516.0
2183,600,2023-12-03,38031122.0
2184,670,2023-09-21,0.0
2185,433,2023-02-07,38212551.0
2186,490,2023-01-13,76555872.0
2187,35,2024-05-12,37798632.0
2188,1,2023-12-13,62134292.0
2189,30,2024-03-17,7446512.0
2190,622,2023-10-14,60122060.0
2191,755,2023-07-25,114161501.0
2192,565,2023-03-12,0.0
2193,324,2024-02-28,42710601.0
2194,762,2023-01-15,0.0
2195,230,2023-07-08,29941293.0
2196,560,2023-04-27,20437144.0
2197,123,2023-04-15,3535581.0
2198,613,2024-08-06,0.0
2199,749,2024-06-19,21508164.0
2200,705,2023-10-27,0.0
2201,429,2023-04-16,12618215.0
2202,53,2023-04-25,22975630.0
2203,248,2024-04-29,88608475.0
2204,477,2024-06-26,31914666.0
2205,713,2023-07-20,4199848.0
2206,786,2024-01-13,61637693.0
2207,660,2023-09-16,68878128.0
2208,429,2023-02-05,30046926.0
2209,739,2023-10-24,4681708.0
2210,308,2023-12-27,28554110.0
2211,129,2023-02-21,14611122.0
2212,608,2024-06-29,98238694.0
2213,274,2023-04-06,97958997.0
2214,364,2023-08-30,0.0
2215,209,2024-01-21,57565703.0
2216,603,2023-06-09,10387286.0
2217,240,2024-10-22,69444434.0
2218,654,2023-04-09,0.0
2219,600,2024-05-23,0.0
2220,785,2024-12-27,0.0
2221,347,2023-05-11,13326660.0
2222,444,2023-05-31,141054657.0
2223,38,2024-01-19,187847396.0
2224,143,2024-10-09,57063645.0
2225,626,2023-11-21,15815720.0
2226,728,2024-12-14,91182053.0
2227,754,2024-12-16,33503742.0
2228,654,2023-06-25,7974640.0
2229,385,2023-12-16,0.0
2230,648,2024-01-01,41619800.0
2231,33,2023-12-04,5731074.0
2232,55,2024-01-31,4710672.0
2233,600,2024-05-13,15080396.0
2234,423,2024-06-27,167693469.0
2235,380,2024-04-18,33276160.0
2236,283,2023-04-21,86567760.0
2237,782,2024-08-12,47099346.0
2238,775,2024-04-04,63535632.0
2239,523,2024-07-08,22898537.0
2240,793,2024-11-08,2076855.0
2241,570,2024-09-06,0.0
2242,149,2024-06-22,70850096.0
2243,174,2024-07-14,51753858.0
2244,53,2023-05-26,0.0
2245,72,2023-07-22,43482871.0
2246,713,2024-06-23,16311348.0
2247,462,2023-01-23,28228368.0
2248,344,2024-03-13,75884467.0
2249,463,2024-08-06,3189579.0
2250,613,2023-07-22,3091121.0
2251,20,2024-01-08,37778078.0
2252,266,2024-09-14,608736.0
2253,154,2023-04-21,40669698.0
2254,671,2023-02-20,0.0
2255,391,2023-04-24,54292684.0
2256,515,2023-11-21,53423490.0
2257,69,2023-12-23,26418459.0
2258,793,2023-12-11,51146133.0
2259,789,2024-01-08,31778901.0
2260,292,2024-01-17,0.0
2261,329,2024-12-31,0.0
2262,366,2024-01-22,45396772.0
2263,13,2024-12-21,12633713.0
2264,430,2023-01-21,48818935.0
2265,40,2024-12-17,60185028.0
2266,1,2023-11-02,0.0
2267,663,2024-02-04,84866088.0
2268,59,2024-04-08,29588860.0
2269,783,2024-12-12,0.0
2270,732,2023-06-19,4023380.0
2271,35,2023-08-07,32333824.0
2272,305,2024-10-24,100425546.0
2273,669,2023-09-18,54341958.0
2274,507,2024-05-20,10536000.0
2275,129,2024-05-27,22735034.0
2276,46,2024-04-10,8135580.0
2277,56,2024-05-25,94032367.0
2278,91,2024-12-02,0.0
2279,368,2023-09-25,115310573.0
2280,73,2024-03-17,73295637.0
2281,674,2024-03-02,5966028.0
2282,419,2024-10-28,191905883.0
2283,237,2024-08-11,57648048.0
2284,447,2024-03-05,73274271.0
2285,247,2024-08-12,29638960.0
2286,289,2023-12-11,50354351.0
2287,454,2024-02-19,63406090.0
2288,546,2023-05-28,10798500.0
2289,35,2023-09-18,40209981.0
2290,56,2024-01-09,2494101.0
2291,569,2023-01-18,0.0
2292,313,2024-05-01,0.0
2293,678,2023-06-07,9243817.0
2294,651,2024-07-20,31895.0
2295,593,2024-12-03,0.0
2296,494,2024-05-17,16304321.0
2297,192,2023-07-16,148805960.0
2298,370,2023-03-18,7794036.0
2299,794,2024-02-13,108382456.0
2300,322,2023-10-04,0.0
2301,12,2024-08-09,0.0
2302,160,2023-12-25,17339147.0
2303,472,2023-09-26,3172845.0
2304,460,2024-08-21,67606903.0
2305,490,2024-05-09,21619891.0
2306,172,2024-02-17,34979763.0
2307,85,2023-04-11,0.0
2308,365,2024-07-05,0.0
2309,314,2023-06-30,5326856.0
2310,129,2024-01-15,15925676.0
2311,12,2023-12-13,6737472.0
2312,403,2023-05-06,47324704.0
2313,136,2023-08-09,124684706.0
2314,226,2024-10-25,0.0
2315,184,2023-08-17,0.0
2316,494,2024-10-22,67938210.0
2317,262,2023-04-15,50347370.0
2318,343,2024-10-16,0.0
2319,781,2023-01-30,45087126.0
2320,425,2023-05-24,107432929.0
2321,176,2024-06-14,34806262.0
2322,164,2024-07-12,0.0
2323,22,2024-05-24,0.0
2324,377,2024-02-21,14548990.0
2325,304,2023-05-21,32903354.0
2326,533,2023-04-17,6410037.0
2327,479,2023-11-15,71609124.0
2328,379,2023-01-30,0.0
2329,366,2024-02-02,298976.0
2330,553,2023-09-11,0.0
2331,644,2023-12-07,60389520.0
2332,4,2023-08-18,24759720.0
2333,576,2023-01-27,0.0
2334,529,2023-11-10,0.0
2335,457,2023-12-06,67071719.0
2336,233,2023-12-06,2521041.0
2337,186,2023-10-16,67415184.0
2338,227,2024-03-12,49477718.0
2339,603,2023-07-30,30436144.0
2340,324,2023-12-09,2219458.0
2341,12,2023-01-19,88634574.0
2342,295,2023-02-25,0.0
2343,792,2024-05-16,147180058.0
2344,522,2024-07-08,81744177.0
2345,144,2023-03-17,0.0
2346,86,2024-04-05,0.0
2347,101,2024-03-18,12143856.0
2348,130,2023-04-14,17853780.0
2349,736,2024-10-05,22646070.0
2350,208,2023-02-22,58035108.0
2351,71,2023-11-15,26570031.0
2352,316,2023-11-04,31652278.0
2353,657,2024-05-22,13560129.0
2354,265,2023-09-17,9127978.0
2355,331,2023-07-12,65369228.0
2356,795,2024-05-24,52003370.0
2357,99,2024-04-07,74743591.0
2358,641,2024-06-23,94883692.0
2359,125,2024-08-23,52839788.0
2360,413,2024-10-01,93194327.0
2361,238,2023-02-23,31738626.0
2362,686,2023-11-04,0.0
2363,136,2024-11-21,25412985.0
2364,165,2024-11-23,1825774.0
2365,300,2023-10-02,52718445.0
2366,760,2024-06-24,82420722.0
2367,251,2023-04-28,143739834.0
2368,738,2023-09-10,0.0
2369,622,2023-04-22,7203591.0
2370,121,2024-02-23,43182561.0
2371,327,2023-01-04,16111042.0
2372,280,2023-09-04,131272386.0
2373,40,2023-09-14,103652110.0
2374,371,2024-09-18,15304652.0
2375,248,2023-12-07,0.0
2376,671,2024-10-01,57787309.0
2377,609,2024-10-27,75703296.0
2378,173,2024-11-09,0.0
2379,197,2023-07-22,56305167.0
2380,178,2024-05-30,0.0
2381,248,2023-02-17,16810761.0
2382,589,2023-10-29,115899020.0
2383,744,2023-10-10,0.0
2384,143,2023-07-03,88766234.0
2385,522,2024-02-13,4069458.0
2386,215,2024-02-20,3867729.0
2387,504,2024-08-14,0.0
2388,681,2024-11-12,11271040.0
2389,637,2023-08-29,76414448.0
2390,686,2023-05-02,0.0
2391,90,2024-01-12,81523232.0
2392,132,2024-02-17,72329535.0
2393,498,2024-07-25,91747822.0
2394,63,2024-01-11,35187096.0
2395,46,2024-02-19,45276831.0
2396,39,2024-04-23,4781725.0
2397,567,2023-04-24,0.0
2398,268,2023-01-23,196158247.0
2399,794,2024-12-18,49441648.0
2400,492,2024-02-12,33374133.0
2401,99,2024-11-29,317124.0
2402,552,2023-01-10,12447540.0
2403,542,2023-05-26,0.0
2404,511,2023-07-13,12658889.0
2405,72,2024-03-27,56937369.0
2406,202,2024-06-23,3616754.0
2407,461,2024-11-03,649166.0
2408,118,2023-03-09,24151471.0
2409,727,2023-03-11,183300183.0
2410,733,2023-04-03,49984563.0
2411,409,2024-09-13,0.0
2412,643,2024-11-03,144469272.0
2413,432,2024-03-09,158703544.0
2414,728,2023-10-02,28048244.0
2415,100,2024-01-20,15217935.0
2416,415,2024-06-24,5062281.0
2417,608,2023-09-05,35923524.0
2418,229,2024-07-18,23250285.0
2419,124,2023-05-25,7175160.0
2420,142,2024-02-19,72859374.0
2421,450,2023-06-18,200362973.0
2422,514,2024-07-03,6827334.0
2423,555,2024-08-21,0.0
2424,281,2024-12-22,5315124.0
2425,724,2023-03-02,0.0
2426,634,2024-12-21,46929753.0
2427,382,2023-07-30,61335890.0
2428,496,2024-05-19,102814369.0
2429,443,2024-12-26,84846330.0
2430,616,2023-05-17,45653010.0
2431,228,2023-07-29,134195422.0
2432,609,2024-02-04,1278202.0
2433,721,2023-03-19,4775903.0
2434,749,2024-03-09,0.0
2435,553,2024-09-15,11348264.0
2436,576,2024-04-13,110324436.0
2437,394,2024-01-23,45182934.0
2438,620,2023-06-23,64318447.0
2439,80,2024-08-05,46607090.0
2440,778,2023-06-06,7092148.0
2441,537,2023-09-06,0.0
2442,657,2024-09-09,93365430.0
2443,274,2023-07-12,64354609.0
2444,251,2023-08-29,25435517.0
2445,574,2023-03-31,28146771.0
2446,561,2023-06-05,0.0
2447,444,2024-03-23,63555041.0
2448,466,2024-03-10,22882842.0
2449,132,2023-04-01,53939449.0
2450,491,2023-06-19,129126240.0
2451,357,2024-01-02,91601747.0
2452,600,2023-11-01,0.0
2453,121,2024-08-23,16569690.0
2454,19,2024-11-27,14020890.0
2455,154,2024-04-11,45369654.0
2456,783,2024-02-16,121976308.0
2457,455,2023-10-16,139316503.0
2458,534,2023-09-23,23373442.0
2459,508,2023-08-26,25151736.0
2460,157,2024-10-20,69504888.0
2461,43,2023-06-15,12223536.0
2462,407,2024-03-03,111668459.0
2463,266,2023-11-22,42592275.0
2464,338,2024-06-15,9034928.0
2465,293,2023-03-24,12933100.0
2466,447,2024-05-20,0.0
2467,49,2023-08-21,43583220.0
2468,174,2024-03-03,44749502.0
2469,312,2024-12-08,75687887.0
2470,382,2023-10-16,0.0
2471,464,2023-11-21,69247149.0
2472,65,2024-04-29,15991992.0
2473,674,2023-02-10,20338551.0
2474,367,2024-06-02,55151841.0
2475,80,2023-10-15,20052756.0
2476,676,2024-08-27,100042734.0
2477,167,2023-12-28,19389491.0
2478,306,2023-10-17,76588397.0
2479,24,2024-08-19,53194901.0
2480,489,2023-03-21,40990518.0
2481,184,2024-03-01,17418880.0
2482,91,2024-03-08,9950597.0
2483,121,2023-04-08,41799153.0
2484,659,2023-02-18,21020590.0
2485,60,2024-04-15,18908740.0
2486,256,2024-07-05,64799410.0
2487,308,2023-04-26,0.0
2488,320,2024-05-19,114221793.0
2489,729,2024-06-27,2101382.0
2490,14,2024-05-06,46757940.0
2491,528,2023-05-04,43590090.0
2492,75,2023-12-28,9226063.0
2493,301,2024-01-19,24305235.0
2494,19,2023-08-13,34401609.0
2495,663,2023-01-11,55643523.0
2496,384,2024-01-27,0.0
2497,753,2023-05-17,0.0
2498,788,2023-08-12,169314503.0
2499,26,2024-12-29,78754968.0
2500,795,2023-12-19,27279126.0
2501,659,2024-10-02,50449986.0
2502,796,2023-01-31,29263871.0
2503,594,2024-12-15,45914946.0
2504,485,2023-03-20,74170535.0
2505,369,2023-01-28,0.0
2506,353,2024-05-30,0.0
2507,191,2024-01-06,0.0
2508,569,2023-09-18,0.0
2509,262,2024-02-15,21749553.0
2510,335,2024-09-18,99823928.0
2511,226,2024-12-28,87770328.0
2512,374,2023-03-30,0.0
2513,7,2024-04-01,1470109.0
2514,400,2023-02-02,78292490.0
2515,59,2024-09-21,79265777.0
2516,216,2024-11-12,51091394.0
2517,57,2023-09-08,0.0
2518,603,2024-01-15,1962260.0
2519,570,2023-04-18,122627281.0
2520,308,2024-10-05,26819079.0
2521,54,2024-11-29,0.0
2522,675,2024-11-24,0.0
2523,216,2024-07-17,14123431.0
2524,294,2024-12-06,73078773.0
2525,560,2024-06-24,24965084.0
2526,800,2023-06-21,58293561.0
2527,793,2023-11-09,98443048.0
2528,512,2024-06-26,469338.0
2529,228,2024-12-30,55432920.0
2530,638,2023-05-21,0.0
2531,89,2023-07-07,14532329.0
2532,105,2023-01-07,79877269.0
2533,600,2024-05-03,25188055.0
2534,706,2023-01-11,75045201.0
2535,623,2023-11-14,0.0
2536,39,2024-12-31,0.0
2537,419,2024-11-01,118740008.0
2538,396,2023-07-25,79717962.0
2539,367,2024-06-11,22280840.0
2540,379,2024-06-10,58715068.0
2541,436,2023-01-05,0.0
2542,638,2023-03-27,0.0
2543,415,2024-09-17,82373415.0
2544,571,2023-12-28,86902678.0
2545,385,2023-07-11,2942600.0
2546,705,2024-04-10,17217534.0
2547,510,2024-01-03,0.0
2548,407,2024-04-26,10436992.0
2549,481,2024-12-13,89275816.0
2550,200,2024-06-11,21857318.0
2551,668,2024-01-17,0.0
2552,646,2023-07-02,116540870.0
2553,635,2024-06-27,0.0
2554,424,2024-09-12,36159406.0
2555,116,2024-10-21,0.0
2556,457,2024-07-22,10689339.0
2557,42,2023-02-03,87522860.0
2558,43,2024-07-18,3286156.0
2559,514,2023-04-10,0.0
2560,76,2024-11-30,0.0
2561,587,2024-06-16,0.0
2562,763,2024-07-31,0.0
2563,446,2024-05-23,16382893.0
2564,543,2023-10-23,23846665.0
2565,737,2024-11-09,22597008.0
2566,370,2024-01-21,29535044.0
2567,544,2023-08-12,28566048.0
2568,388,2024-08-08,22419138.0
2569,438,2024-11-06,0.0
2570,242,2024-09-01,144701649.0
2571,282,2024-02-23,118622971.0
2572,8,2023-12-05,38486755.0
2573,189,2024-04-10,0.0
2574,798,2024-01-05,64960893.0
2575,545,2024-04-22,77304129.0
2576,454,2023-12-14,22757780.0
2577,453,2023-02-02,0.0
2578,298,2023-09-27,47704122.0
2579,381,2024-04-25,26553149.0
2580,488,2023-12-22,21585784.0
2581,727,2023-03-24,0.0
2582,187,2023-08-07,70644741.0
2583,751,2023-01-18,58829320.0
2584,313,2024-01-24,29857912.0
2585,392,2024-05-23,48886524.0
2586,28,2023-07-30,0.0
2587,150,2023-02-03,58867741.0
2588,255,2023-06-19,265777733.0
2589,274,2024-03-05,16027568.0
2590,404,2023-07-19,156471034.0
2591,628,2023-02-23,14099188.0
2592,668,2023-07-20,164059481.0
2593,254,2023-04-26,121516151.0
2594,518,2024-03-25,36582707.0
2595,734,2023-01-12,11085468.0
2596,479,2023-05-04,15036560.0
2597,418,2023-04-10,14913872.0
2598,231,2024-05-25,0.0
2599,276,2024-06-30,24573684.0
2600,623,2024-09-03,57369070.0
2601,659,2024-05-17,115557075.0
2602,172,2024-01-06,0.0
2603,162,2023-07-28,40576820.0
2604,474,2023-12-06,35604260.0
2605,187,2023-08-27,0.0
2606,563,2023-12-11,0.0
2607,663,2023-07-07,44545898.0
2608,424,2023-10-30,0.0
2609,334,2024-11-21,54737676.0
2610,436,2024-03-10,18255956.0
2611,370,2024-04-04,1832019.0
2612,677,2024-07-21,43832525.0
2613,224,2024-08-17,0.0
2614,152,2024-10-10,91578563.0
2615,563,2023-04-18,0.0
2616,694,2024-09-14,15105416.0
2617,441,2024-05-14,83919077.0
2618,577,2023-01-21,90026141.0
2619,13,2023-09-11,58348108.0
2620,441,2023-03-29,89428128.0
2621,785,2024-11-28,97265125.0
2622,408,2024-05-24,12428136.0
2623,731,2023-03-09,102084047.0
2624,663,2023-07-10,37761880.0
2625,786,2024-10-13,15322212.0
2626,389,2024-09-19,68662116.0
2627,45,2024-10-23,266998752.0
2628,91,2023-03-21,3111885.0
2629,64,2023-07-03,4608388.0
2630,330,2024-12-23,34198730.0
2631,572,2024-02-29,5982428.0
2632,799,2024-12-28,44123565.0
2633,431,2023-09-23,0.0
2634,109,2024-10-27,3641094.0
2635,621,2023-08-06,87890444.0
2636,270,2023-09-30,62437932.0
2637,758,2024-10-28,49893094.0
2638,163,2023-01-29,29287916.0
2639,444,2023-04-12,2605849.0
2640,543,2024-04-29,30356551.0
2641,188,2024-10-02,64753990.0
2642,51,2023-06-20,28731466.0
2643,185,2023-05-19,77537074.0
2644,704,2024-02-25,3331498.0
2645,457,2024-05-27,63217783.0
2646,78,2023-09-25,36923535.0
2647,190,2024-06-06,0.0
2648,288,2024-02-28,14288313.0
2649,201,2024-03-14,26351710.0
2650,16,2024-05-25,52179412.0
2651,385,2023-06-11,43309308.0
2652,88,2023-09-20,79066979.0
2653,334,2023-11-05,0.0
2654,83,2024-04-08,0.0
2655,270,2023-04-09,0.0
2656,106,2023-01-16,38698766.0
2657,561,2023-03-17,115836119.0
2658,636,2023-01-09,21752580.0
2659,539,2023-07-12,0.0
2660,272,2023-03-11,87559372.0
2661,500,2023-01-01,42644940.0
2662,202,2024-01-28,101401652.0
2663,534,2023-04-02,65083367.0
2664,626,2023-12-05,20137864.0
2665,245,2024-06-01,2693964.0
2666,742,2023-12-19,75861776.0
2667,759,2023-09-05,31860960.0
2668,221,2023-02-17,49531030.0
2669,279,2024-10-16,43999920.0
2670,223,2023-05-22,85854956.0
2671,600,2023-05-07,317124.0
2672,734,2024-10-12,22032320.0
2673,399,2024-09-18,28744590.0
2674,677,2023-01-31,0.0
2675,500,2023-03-23,0.0
2676,611,2023-05-05,71254582.0
2677,572,2023-04-25,83842170.0
2678,62,2023-11-24,19412197.0
2679,376,2023-09-15,18548628.0
2680,571,2024-10-31,37029241.0
2681,392,2023-10-28,32538156.0
2682,491,2024-10-28,54867729.0
2683,201,2023-11-13,11628084.0
2684,134,2024-11-25,12147966.0
2685,70,2024-05-14,0.0
2686,588,2024-05-24,3577872.0
2687,576,2023-04-06,0.0
2688,118,2023-09-16,56371654.0
2689,673,2023-12-19,19017936.0
2690,244,2024-01-05,52591098.0
2691,485,2023-11-15,124955526.0
2692,556,2023-11-12,121490291.0
2693,109,2024-12-27,131075993.0
2694,589,2023-02-02,0.0
2695,651,2024-04-03,0.0
2696,551,2024-12-06,24350476.0
2697,452,2024-06-21,0.0
2698,752,2023-09-26,0.0
2699,661,2024-05-02,29696118.0
2700,299,2024-09-18,67027968.0
2701,552,2023-06-18,436241.0
2702,28,2023-10-14,70971777.0
2703,137,2024-01-07,1021229.0
2704,342,2024-02-23,10506910.0
2705,6,2023-02-07,6947702.0
2706,238,2023-02-21,24337024.0
2707,444,2023-11-21,157521007.0
2708,689,2024-07-28,4708345.0
2709,20,2023-04-24,66037704.0
2710,788,2023-01-19,55459530.0
2711,220,2023-01-22,121101706.0
2712,15,2023-05-13,19069035.0
2713,666,2024-05-21,37509498.0
2714,5,2023-08-14,31122692.0
2715,547,2024-04-06,51397303.0
2716,429,2024-01-19,694998.0
2717,620,2024-09-01,98306204.0
2718,26,2024-01-13,127509996.0
2719,67,2023-07-03,63662472.0
2720,25,2023-08-16,0.0
2721,221,2023-03-07,10387286.0
2722,553,2024-03-26,6720607.0
2723,657,2023-08-04,63033908.0
2724,470,2024-02-14,5557539.0
2725,79,2023-06-30,30862585.0
2726,429,2024-03-25,50038704.0
2727,410,2024-10-10,60014474.0
2728,409,2023-12-20,0.0
2729,352,2023-09-02,63161522.0
2730,379,2023-11-30,10805948.0
2731,330,2024-08-25,0.0
2732,356,2024-10-16,17785040.0
2733,655,2024-01-10,7499940.0
2734,600,2023-07-19,916122.0
2735,560,2023-06-05,12385105.0
2736,573,2023-11-11,45555282.0
2737,312,2024-10-19,34152360.0
2738,452,2023-09-26,25136040.0
2739,470,2024-06-15,102201887.0
2740,782,2024-08-16,5670436.0
2741,116,2024-06-12,46447333.0
2742,483,2023-05-25,49234796.0
2743,679,2024-08-03,0.0
2744,404,2024-09-21,108522054.0
2745,259,2024-02-26,44168009.0
2746,551,2023-06-17,56229823.0
2747,424,2024-06-11,124208635.0
2748,333,2024-11-08,51153300.0
2749,235,2024-10-20,0.0
2750,743,2023-10-26,0.0
2751,96,2024-03-13,34185591.0
2752,84,2023-04-07,42057132.0
2753,134,2024-12-12,0.0
2754,334,2024-04-20,67012060.0
2755,540,2023-05-08,63223976.0
2756,192,2024-01-02,64631896.0
2757,100,2024-07-21,77508960.0
2758,141,2023-02-04,1231477.0
2759,690,2023-11-17,105448387.0
2760,522,2024-04-06,32654972.0
2761,162,2024-09-07,22056741.0
2762,200,2024-09-06,0.0
2763,316,2024-05-26,25888503.0
2764,137,2023-02-03,62521160.0
2765,565,2024-05-13,17990729.0
2766,784,2024-07-11,144209417.0
2767,286,2024-06-09,0.0
2768,424,2023-07-03,30091245.0
2769,611,2024-04-05,3086611.0
2770,766,2023-02-15,0.0
2771,415,2023-10-09,0.0
2772,282,2024-12-08,10777680.0
2773,126,2023-05-09,58653536.0
2774,567,2023-05-15,48027310.0
2775,269,2024-04-12,71520493.0
2776,693,2024-03-06,26541029.0
2777,14,2023-09-20,12059595.0
2778,286,2024-05-17,47096314.0
2779,335,2023-07-26,1733760.0
2780,415,2023-04-11,58904585.0
2781,610,2024-05-01,3006103.0
2782,615,2023-09-17,118836719.0
2783,712,2024-05-21,78706975.0
2784,6,2023-07-22,22522667.0
2785,662,2024-05-16,82537144.0
2786,659,2024-06-29,50368717.0
2787,76,2023-08-20,63412445.0
2788,31,2024-09-14,45089642.0
2789,734,2023-12-01,5790920.0
2790,668,2024-01-04,0.0
2791,283,2024-08-15,0.0
2792,584,2023-11-21,32405705.0
2793,778,2024-09-01,28466063.0
2794,637,2023-04-14,2241393.0
2795,384,2024-12-17,27679483.0
2796,492,2023-01-11,54364247.0
2797,501,2024-12-28,0.0
2798,776,2023-01-16,27848851.0
2799,348,2024-03-22,116352178.0
2800,463,2023-11-06,0.0
2801,340,2024-09-10,30092194.0
2802,276,2023-06-23,25090958.0
2803,384,2024-09-20,52578496.0
2804,268,2023-07-30,0.0
2805,4,2024-08-11,49218485.0
2806,324,2023-10-20,4891591.0
2807,588,2023-01-01,0.0
2808,222,2023-12-26,0.0
2809,779,2024-05-30,7715332.0
2810,455,2024-12-14,37743450.0
2811,117,2024-10-29,0.0
2812,348,2024-08-24,0.0
2813,402,2024-12-02,29658880.0
2814,163,2024-03-01,3926735.0
2815,797,2024-09-20,26861468.0
2816,156,2024-03-05,21092412.0
2817,726,2024-01-17,52104189.0
2818,114,2023-01-05,80124060.0
2819,404,2023-09-18,43811350.0
2820,150,2024-11-10,25874154.0
2821,265,2024-11-16,3838638.0
2822,359,2023-05-15,62181075.0
2823,459,2024-06-06,33418723.0
2824,27,2023-12-16,21087725.0
2825,101,2024-04-17,5830160.0
2826,670,2024-12-12,325080.0
2827,344,2023-11-29,18807684.0
2828,295,2024-11-19,42086072.0
2829,715,2023-09-25,17134117.0
2830,696,2024-05-02,40280220.0
2831,370,2023-08-09,64238830.0
2832,692,2023-05-28,63247128.0
2833,173,2024-04-20,11932056.0
2834,531,2023-10-20,21229195.0
2835,709,2024-11-26,32695490.0
2836,780,2023-05-08,26328896.0
2837,191,2023-01-11,9880320.0
2838,646,2024-09-08,0.0
2839,568,2024-11-14,27011426.0
2840,433,2024-12-09,0.0
2841,293,2024-07-26,22082532.0
2842,183,2023-01-09,50529392.0
2843,301,2024-09-19,1890265.0
2844,709,2024-10-15,5106239.0
2845,583,2024-06-08,112365904.0
2846,442,2023-01-25,17173607.0
2847,547,2024-11-05,96186672.0
2848,581,2024-05-25,16582889.0
2849,114,2023-11-01,8197152.0
2850,721,2023-09-22,48484200.0
2851,352,2024-12-13,14970465.0
2852,549,2024-05-10,48520908.0
2853,534,2024-05-22,0.0
2854,190,2023-09-22,14534028.0
2855,160,2024-09-25,96084620.0
2856,319,2024-01-27,0.0
2857,409,2024-05-26,61883092.0
2858,5,2023-05-28,120156631.0
2859,615,2023-07-18,107983832.0
2860,505,2024-05-31,30423609.0
2861,698,2023-02-10,0.0
2862,377,2024-08-16,0.0
2863,564,2023-01-29,69687408.0
2864,35,2024-01-23,140021288.0
2865,282,2023-03-18,48061181.0
2866,712,2023-06-21,118091790.0
2867,253,2023-04-08,32271044.0
2868,316,2023-12-27,84523158.0
2869,512,2024-05-12,0.0
2870,703,2023-12-15,39258492.0
2871,534,2023-08-02,1121040.0
2872,35,2023-06-19,60398338.0
2873,145,2023-07-10,0.0
2874,691,2024-03-27,34547742.0
2875,753,2023-08-14,287055.0
2876,601,2023-06-05,76648351.0
2877,345,2023-01-09,0.0
2878,547,2024-06-06,192678055.0
2879,18,2023-12-10,11863552.0
2880,574,2024-05-08,12705883.0
2881,630,2024-05-26,47579388.0
2882,354,2024-08-28,67173662.0
2883,467,2023-09-09,23115202.0
2884,116,2023-12-08,2016312.0
2885,298,2023-06-02,0.0
2886,792,2024-03-24,22845839.0
2887,174,2024-02-16,26224948.0
2888,214,2023-04-25,16501963.0
2889,428,2023-11-25,9848286.0
2890,717,2023-06-16,99285586.0
2891,720,2024-09-17,27587992.0
2892,659,2023-08-28,72523969.0
2893,684,2024-02-18,89182263.0
2894,769,2024-08-02,64727561.0
2895,587,2023-06-19,0.0
2896,579,2023-02-25,27597555.0
2897,743,2023-06-15,25842164.0
2898,137,2024-06-12,0.0
2899,367,2023-01-05,41893134.0
2900,602,2024-12-15,3147798.0
2901,501,2023-04-10,58524400.0
2902,752,2024-09-14,26169399.0
2903,329,2024-02-13,70959617.0
2904,404,2024-10-31,8361842.0
2905,72,2023-11-04,71636018.0
2906,325,2023-09-01,55389359.0
2907,652,2024-02-02,0.0
2908,21,2024-09-23,119646275.0
2909,36,2023-10-01,87851691.0
2910,713,2023-02-12,57442554.0
2911,516,2023-08-21,0.0
2912,606,2024-07-19,10907058.0
2913,788,2023-11-13,73872791.0
2914,337,2024-06-03,5636451.0
2915,299,2024-09-15,6236076.0
2916,671,2023-07-21,86125509.0
2917,74,2024-11-08,102831366.0
2918,653,2023-12-23,42420022.0
2919,761,2024-10-21,85992757.0
2920,781,2023-07-11,0.0
2921,332,2024-09-18,23082820.0
2922,557,2023-11-06,11743830.0
2923,732,2024-01-28,0.0
2924,245,2023-08-31,41239586.0
2925,101,2024-04-12,0.0
2926,467,2023-04-21,128618106.0
2927,269,2023-04-18,31952690.0
2928,99,2023-10-09,167785.0
2929,331,2024-04-24,129301206.0
2930,555,2024-07-24,0.0
2931,3,2024-01-17,101394766.0
2932,675,2024-12-20,63149874.0
2933,271,2023-06-03,0.0
2934,569,2024-06-02,93953951.0
2935,384,2023-01-10,95873723.0
2936,746,2023-06-20,29056111.0
2937,137,2023-02-02,42129765.0
2938,346,2024-03-14,87075439.0
2939,613,2024-06-08,53706960.0
2940,278,2023-05-01,82244631.0
2941,268,2023-07-24,0.0
2942,24,2023-03-03,95478248.0
2943,770,2023-03-21,46170606.0
2944,529,2023-05-01,1589470.0
2945,273,2024-04-18,64202960.0
2946,98,2024-08-12,0.0
2947,770,2023-10-09,18116938.0
2948,233,2023-02-08,80774448.0
2949,273,2024-04-05,0.0
2950,169,2024-03-04,43552672.0
2951,16,2023-09-27,113079018.0
2952,749,2024-09-16,0.0
2953,736,2023-04-29,30058401.0
2954,322,2023-09-18,86315311.0
2955,83,2023-09-23,35160323.0
2956,54,2023-11-09,27722268.0
2957,653,2023-09-03,3964750.0
2958,454,2024-03-21,14978176.0
2959,509,2024-10-02,177939982.0
2960,18,2024-12-10,5416413.0
2961,600,2024-01-15,28233880.0
2962,796,2024-08-03,46873627.0
2963,340,2024-12-10,0.0
2964,492,2023-09-26,36859760.0
2965,739,2023-04-10,0.0
2966,651,2024-10-17,44756756.0
2967,10,2024-12-19,76483261.0
2968,489,2023-10-18,4774662.0
2969,65,2024-01-09,7669968.0
2970,478,2023-01-11,0.0
2971,209,2024-08-03,108258516.0
2972,160,2024-09-25,0.0
2973,650,2023-11-15,30517410.0
2974,77,2024-09-07,0.0
2975,436,2023-10-11,0.0
2976,408,2024-04-04,13647690.0
2977,342,2024-11-11,54109854.0
2978,740,2023-09-12,17615745.0
2979,557,2024-12-19,73817712.0
2980,712,2024-11-22,35068012.0
2981,418,2024-12-29,67651461.0
2982,321,2024-08-28,31583740.0
2983,219,2024-11-15,22273470.0
2984,43,2023-05-15,11443686.0
2985,518,2024-01-19,54558252.0
2986,472,2023-06-13,72188046.0
2987,658,2024-06-21,9551466.0
2988,326,2024-05-18,54844526.0
2989,507,2024-05-29,61725560.0
2990,152,2024-03-29,79819408.0
2991,356,2023-02-25,18213531.0
2992,720,2023-03-23,4957500.0
2993,152,2024-09-29,0.0
2994,164,2024-07-18,0.0
2995,275,2023-12-06,10562730.0
2996,516,2024-01-11,23581152.0
2997,450,2024-09-10,0.0
2998,738,2023-06-04,31934530.0
2999,493,2024-04-15,17138244.0
3000,705,2024-05-28,5118255.0
