ProductID,ProductName,SupplierID,Price,Category
1,Sách tâm lý Tâm Lý Học Đám Đông (Bìa Cứng),414,178.000đ,Sách
2,Áo khoác Puma size S,460,459.000đ,Thời trang
3,Tủ quần áo IKEA PAX màu đen mờ,324,9.178.000đ,Nội thất
4,Dầu ăn Simply túi 2kg,254,75.000đ,Thực phẩm
5,Sách lịch sử Sapiens (Bìa Cứng),252,199.000đ,Sách
6,Dầu ăn Meizan 1kg,153,88.000đ,Thực phẩm
7,Sofa Nội thất Xanh màu đen mờ,492,26.147.000đ,Nội thất
8,Vợt tennis Yonex EZONE size 40,343,4.750.000đ,Thể thao
9,Chuột gaming SteelSeries Rival Ultra 100,484,1.430.000đ,Điện tử
10,Tạ tay Xiaomi size 42,168,697.000đ,Thể thao
11,Tủ quần áo Xuân Hòa màu đen mờ,455,11.980.000đ,Nội thất
12,Tủ quần áo JYSK bộ 4 cái,375,13.217.000đ,Nội thất
13,Sách tâm lý Tâm Lý Học Đám Đông Tập 1,409,81.000đ,Sách
14,Sofa Hòa Phát bộ 4 cái,378,21.251.000đ,Nội thất
15,Quần jean Levi's size S,374,856.000đ,Thời trang
16,Áo thể thao Adidas Climacool màu đen/vàng,498,453.000đ,Thể thao
17,Nước mắm Nam Ngư túi 2kg,70,24.000đ,Thực phẩm
18,Máy ảnh Canon EOS Plus 200,344,34.444.000đ,Điện tử
19,Túi xách Tumi màu trắng,210,3.430.000đ,Thời trang
20,Bàn phím cơ Razer BlackWidow 8X,130,2.647.000đ,Điện tử
21,Bàn làm việc Hòa Phát bộ 4 cái,441,2.556.000đ,Nội thất
22,Kệ sách IKEA KALLAX màu walnut,112,3.956.000đ,Nội thất
23,Cà phê Nescafé 500ml,298,339.000đ,Thực phẩm
24,Bàn làm việc IKEA LINNMON màu đen mờ,206,10.657.000đ,Nội thất
25,Dầu ăn Tường An 1kg,292,56.000đ,Thực phẩm
26,Máy ảnh Fujifilm X Plus 100,455,57.798.000đ,Điện tử
27,Gạo Jasmine 500g,386,160.000đ,Thực phẩm
28,Giày sneaker Vans Old Skool size S,398,2.146.000đ,Thời trang
29,Tạ tay PowerBlock size 44,144,849.000đ,Thể thao
30,Gia vị Cholimex 500ml,213,64.000đ,Thực phẩm
31,Trà Lipton túi 2kg,456,172.000đ,Thực phẩm
32,Vợt cầu lông Yonex Astrox size 38,10,1.041.000đ,Thể thao
33,Váy Zara size S,469,1.239.000đ,Thời trang
34,Xe đạp Trek Marlin màu đen/vàng,147,8.953.000đ,Thể thao
35,Smartwatch Xiaomi Smart Band Ultra 64,414,7.468.000đ,Điện tử
36,Cà phê Nescafé 500ml,475,68.000đ,Thực phẩm
37,Sách thiếu nhi Shin Cậu Bé Bút Chì - Ấn Bản Đặc Biệt,382,115.000đ,Sách
38,Ghế văn phòng Hòa Phát HCG bộ 4 cái,262,21.431.000đ,Nội thất
39,Điện thoại Samsung Galaxy 250i,474,10.134.000đ,Điện tử
40,Tạ tay Bowflex màu đen/đỏ,151,2.984.000đ,Thể thao
41,Kệ sách IKEA KALLAX màu walnut,323,2.872.000đ,Nội thất
42,Trà Phúc Long 500ml,435,210.000đ,Thực phẩm
43,Vợt cầu lông Li-Ning Turbo size 40,121,3.010.000đ,Thể thao
44,Sofa IKEA KIVIK màu đen mờ,243,3.258.000đ,Nội thất
45,Màn hình Samsung Odyssey 8X,105,2.819.000đ,Điện tử
46,Bàn phím cơ Logitech MX Keys 200X,243,1.760.000đ,Điện tử
47,Mì ăn liền Kokomi 250ml,378,42.000đ,Thực phẩm
48,Sách tâm lý Nghệ Thuật Tinh Tế (Bìa Cứng),477,262.000đ,Sách
49,Mũ Dickies size S,247,109.000đ,Thời trang
50,Máy ảnh Nikon D Plus 200,68,44.716.000đ,Điện tử
51,Tủ quần áo JYSK bộ 4 cái,20,14.912.000đ,Nội thất
52,Rèm cửa JYSK bộ 2 cái,241,1.313.000đ,Nội thất
53,Bánh kẹo Kinh Đô thùng 24 lon,399,41.000đ,Thực phẩm
54,Trà Lipton hộp 24 gói,198,155.000đ,Thực phẩm
55,Bánh kẹo Oreo 1 lít,191,102.000đ,Thực phẩm
56,Máy ảnh Canon EOS Plus 64,267,12.669.000đ,Điện tử
57,Tiểu thuyết Mắt Biếc (Tái Bản),283,87.000đ,Sách
58,Bóng đá Mikasa size 38,288,100.000đ,Thể thao
59,Dây nhảy Jumping Pro size 38,51,281.000đ,Thể thao
60,Smartwatch Xiaomi Smart Band Pro 32,249,7.278.000đ,Điện tử
61,Bàn phím cơ Keychron K 200X,248,2.191.000đ,Điện tử
62,Máy ảnh Nikon D Plus 32,400,20.522.000đ,Điện tử
63,Bàn phím cơ Razer BlackWidow Pro 250,414,3.067.000đ,Điện tử
64,Loa Bluetooth Bose SoundLink Plus 250,175,2.050.000đ,Điện tử
65,Sách nấu ăn Ẩm Thực 3 Miền Tập 3,37,233.000đ,Sách
66,Laptop Acer Aspire Ultra 500,302,46.142.000đ,Điện tử
67,Snack Poca 500g,14,42.000đ,Thực phẩm
68,Sách nấu ăn Món Ngon Mỗi Ngày Tập 2,337,250.000đ,Sách
69,Váy Ivy Moda size XL,480,384.000đ,Thời trang
70,Sách lập trình You Don't Know JS Tập 2,499,257.000đ,Sách
71,Sách thiếu nhi Shin Cậu Bé Bút Chì (Bìa Mềm),203,115.000đ,Sách
72,Mì ăn liền Vifon lốc 4 hộp,402,62.000đ,Thực phẩm
73,Sofa IKEA KIVIK màu đen mờ,392,13.479.000đ,Nội thất
74,Găng tay boxing Everlast size 38,158,1.333.000đ,Thể thao
75,Snack Poca 500g,159,56.000đ,Thực phẩm
76,Tiểu thuyết Tôi Thấy Hoa Vàng Trên Cỏ Xanh Tập 1,404,74.000đ,Sách
77,Cà phê Vinacafé túi 2kg,452,341.000đ,Thực phẩm
78,Vợt cầu lông Victor Thruster size 44,136,1.279.000đ,Thể thao
79,Máy ảnh Fujifilm X Plus 64,12,38.246.000đ,Điện tử
80,Váy Zara size M,121,330.000đ,Thời trang
81,Tủ quần áo Xuân Hòa màu walnut,210,1.966.000đ,Nội thất
82,Túi xách Furla size S,274,15.848.000đ,Thời trang
83,Tủ quần áo Hòa Phát bộ 2 cái,38,4.768.000đ,Nội thất
84,Sách tâm lý Người Đàn Ông Tìm Kiếm Ý Nghĩa Tập 1,327,146.000đ,Sách
85,Ghế văn phòng Hòa Phát HCG màu đen mờ,37,20.735.000đ,Nội thất
86,Mì ăn liền Vifon lốc 4 hộp,215,62.000đ,Thực phẩm
87,Snack Poca hộp 24 gói,294,67.000đ,Thực phẩm
88,Loa Bluetooth Sony SRS 100i,223,3.124.000đ,Điện tử
89,Sách thiếu nhi Shin Cậu Bé Bút Chì (Bìa Mềm),246,145.000đ,Sách
90,Máy tính bảng iPad Pro 200,431,7.687.000đ,Điện tử
91,Máy tính bảng Lenovo Tab 100i,360,4.678.000đ,Điện tử
92,Vợt cầu lông Victor Thruster size 44,357,1.298.000đ,Thể thao
93,Vợt tennis Yonex EZONE size 40,249,2.865.000đ,Thể thao
94,Rèm cửa IKEA MERETE màu walnut,75,495.000đ,Nội thất
95,Kệ sách Nội thất Duy Phát màu đen mờ,317,2.414.000đ,Nội thất
96,Chuột gaming Zowie EC Ultra 8,369,2.271.000đ,Điện tử
97,Xe đạp Specialized Rockhopper màu đen/vàng,107,2.767.000đ,Thể thao
98,Gương IKEA HEMNES màu đen mờ,336,1.878.000đ,Nội thất
99,Bàn phím cơ Logitech MX Keys 16X,164,4.133.000đ,Điện tử
100,Bàn phím cơ Keychron K 8X,226,743.000đ,Điện tử
101,Bóng đá Adidas Tango size 42,287,403.000đ,Thể thao
102,Loa Bluetooth Bose SoundLink 250i,221,829.000đ,Điện tử
103,Máy ảnh Sony Alpha 64i,418,46.672.000đ,Điện tử
104,Đèn bàn Xiaomi MIJIA màu oak,327,1.333.000đ,Nội thất
105,Mì ăn liền Indomie 1 lít,244,37.000đ,Thực phẩm
106,Tủ quần áo JYSK bộ 4 cái,485,12.683.000đ,Nội thất
107,Snack Poca 250ml,257,46.000đ,Thực phẩm
108,Vợt cầu lông Kawasaki màu đen/vàng,300,3.279.000đ,Thể thao
109,Xe đạp Asama size 40,107,24.225.000đ,Thể thao
110,Snack Poca 1 lít,229,35.000đ,Thực phẩm
111,Điện thoại Xiaomi Redmi Series 16,200,8.623.000đ,Điện tử
112,Sách giáo khoa Ngữ Văn 9 (Bìa Mềm),134,61.000đ,Sách
113,Xe đạp Asama màu xanh/trắng,175,3.366.000đ,Thể thao
114,Gạo Nàng Hoa 1 lít,109,149.000đ,Thực phẩm
115,Kệ sách IKEA KALLAX màu walnut,281,3.951.000đ,Nội thất
116,Váy Mango size XL,377,520.000đ,Thời trang
117,Áo thun Canifa size L,479,155.000đ,Thời trang
118,Dây nhảy Everlast màu đen/đỏ,363,238.000đ,Thể thao
119,Sách lập trình Python Crash Course Tập 1,78,259.000đ,Sách
120,Thảm trải sàn Hòa Bình bộ 4 cái,233,1.506.000đ,Nội thất
121,Túi xách Chanel màu đen,85,11.476.000đ,Thời trang
122,Loa Bluetooth JBL Charge Pro 16,182,403.000đ,Điện tử
123,Smartwatch Xiaomi Smart Band 200X,336,12.806.000đ,Điện tử
124,Tạ tay Xiaomi màu đen/đỏ,353,608.000đ,Thể thao
125,Laptop Dell Inspiron Plus 200,154,30.494.000đ,Điện tử
126,Áo thể thao Puma Dry Cell size 44,450,834.000đ,Thể thao
127,Sách lập trình Eloquent JavaScript Tập 1,154,283.000đ,Sách
128,Rèm cửa IKEA MERETE màu đen mờ,223,1.003.000đ,Nội thất
129,Màn hình LG UltraWide 500X,417,15.239.000đ,Điện tử
130,Kệ sách Hòa Phát bộ 2 cái,96,1.858.000đ,Nội thất
131,Nước mắm Chin-su 1kg,435,49.000đ,Thực phẩm
132,Sách kỹ năng Atomic Habits Tập 1,106,186.000đ,Sách
133,Tai nghe Apple AirPods Plus 500,1,4.314.000đ,Điện tử
134,Vợt cầu lông Victor Thruster size 38,255,3.765.000đ,Thể thao
135,Mũ Vans size S,252,216.000đ,Thời trang
136,Áo khoác The North Face màu đen,84,1.067.000đ,Thời trang
137,Sách nấu ăn Món Ngon Mỗi Ngày (Bìa Mềm),130,184.000đ,Sách
138,Bóng đá Adidas Tango size 40,152,326.000đ,Thể thao
139,Sách kinh tế Cha Giàu Cha Nghèo (Tái Bản),411,113.000đ,Sách
140,Kệ sách IKEA KALLAX bộ 2 cái,80,1.517.000đ,Nội thất
141,Loa Bluetooth Bose SoundLink Plus 64,198,2.153.000đ,Điện tử
142,Mũ New Era màu trắng,437,326.000đ,Thời trang
143,Smartwatch Apple Watch Pro 32,238,1.084.000đ,Điện tử
144,Loa Bluetooth Sony SRS Series 16,432,2.804.000đ,Điện tử
145,Từ điển Oxford Advanced - Ấn Bản Đặc Biệt,369,147.000đ,Sách
146,Dầu ăn Neptune túi 2kg,236,141.000đ,Thực phẩm
147,Sách lịch sử Lịch Sử Thế Giới (Tái Bản),157,102.000đ,Sách
148,Sách kinh tế Đầu Tư Thông Minh Tập 3,113,121.000đ,Sách
149,Cà phê Trung Nguyên Legend túi 2kg,17,224.000đ,Thực phẩm
150,Quần jean Levi's size L,296,1.098.000đ,Thời trang
151,Đồng hồ thời trang Seiko Presage màu navy,409,772.000đ,Thời trang
152,Điện thoại Vivo V 100X,405,31.773.000đ,Điện tử
153,Rèm cửa JYSK bộ 2 cái,374,679.000đ,Nội thất
154,Bóng đá Nike Flight size 38,71,610.000đ,Thể thao
155,Xe đạp Trek Marlin size 42,327,18.116.000đ,Thể thao
156,Găng tay boxing Twins màu đen/đỏ,407,1.124.000đ,Thể thao
157,Từ điển Longman Dictionary Tập 2,333,470.000đ,Sách
158,Điện thoại Realme C 32X,76,28.175.000đ,Điện tử
159,Dầu ăn Tường An 500ml,11,41.000đ,Thực phẩm
160,Sofa Hòa Phát màu trắng sữa,211,29.554.000đ,Nội thất
161,Mì ăn liền Kokomi 500g,224,55.000đ,Thực phẩm
162,Sách kỹ năng Mindset - Ấn Bản Đặc Biệt,382,192.000đ,Sách
163,Áo khoác Nike size M,96,2.955.000đ,Thời trang
164,Áo thun Owen size S,311,631.000đ,Thời trang
165,Bàn làm việc Hòa Phát bộ 2 cái,127,12.692.000đ,Nội thất
166,Sách kỹ năng Dám Bị Ghét (Tái Bản),341,69.000đ,Sách
167,Chuột gaming Zowie EC Plus 100,350,2.264.000đ,Điện tử
168,Bàn làm việc Herman Miller màu oak,497,13.610.000đ,Nội thất
169,Sữa TH True Milk 1 lít,426,30.000đ,Thực phẩm
170,Rèm cửa IKEA MERETE màu đen mờ,302,2.265.000đ,Nội thất
171,Gia vị Maggi 1 lít,336,46.000đ,Thực phẩm
172,Bánh kẹo Oreo túi 2kg,307,131.000đ,Thực phẩm
173,Máy ảnh Canon EOS 200X,273,20.377.000đ,Điện tử
174,Tiểu thuyết Nhà Giả Kim Tập 3,176,218.000đ,Sách
175,Loa Bluetooth Sony SRS Pro 32,230,906.000đ,Điện tử
176,Dầu ăn Simply 250ml,417,97.000đ,Thực phẩm
177,Gia vị Ajinomoto 500ml,392,15.000đ,Thực phẩm
178,Áo thun Routine size XL,2,567.000đ,Thời trang
179,Bàn làm việc IKEA LINNMON màu trắng sữa,99,6.734.000đ,Nội thất
180,Máy tính bảng Samsung Galaxy Tab Ultra 200,3,21.160.000đ,Điện tử
181,Loa Bluetooth Bose SoundLink 200X,377,870.000đ,Điện tử
182,Rèm cửa JYSK màu trắng sữa,150,2.634.000đ,Nội thất
183,Laptop Dell Inspiron Plus 8,4,36.096.000đ,Điện tử
184,Dụng cụ yoga Liforme màu xanh/trắng,477,564.000đ,Thể thao
185,Tủ quần áo JYSK màu walnut,424,10.977.000đ,Nội thất
186,Sách nấu ăn Bếp Của Mẹ Tập 2,168,241.000đ,Sách
187,Mũ New Era size M,111,310.000đ,Thời trang
188,Vợt cầu lông Li-Ning Turbo size 38,420,2.628.000đ,Thể thao
189,Bàn làm việc Flexispot màu walnut,287,12.862.000đ,Nội thất
190,Máy tính bảng Xiaomi Pad Series 64,104,23.486.000đ,Điện tử
191,Tai nghe Sony WH 8X,467,1.821.000đ,Điện tử
192,Dụng cụ yoga Manduka PRO màu đen/đỏ,465,637.000đ,Thể thao
193,Kệ sách Nội thất Duy Phát màu đen mờ,226,1.493.000đ,Nội thất
194,Gia vị Knorr 500ml,212,38.000đ,Thực phẩm
195,Quần jean Wrangler màu trắng,448,1.998.000đ,Thời trang
196,Áo thun Uniqlo size M,451,430.000đ,Thời trang
197,Gạo Nàng Hoa túi 2kg,448,184.000đ,Thực phẩm
198,Xe đạp Asama màu đen/đỏ,111,6.277.000đ,Thể thao
199,Dầu ăn Meizan 250ml,303,78.000đ,Thực phẩm
200,Ghế văn phòng Ergohuman bộ 2 cái,52,17.395.000đ,Nội thất
201,Đèn bàn IKEA FORSÅ màu trắng sữa,480,638.000đ,Nội thất
202,Vợt cầu lông Yonex Astrox màu đen/đỏ,155,1.221.000đ,Thể thao
203,Sữa Dutch Lady túi 2kg,69,458.000đ,Thực phẩm
204,Tạ tay PowerBlock size 40,482,601.000đ,Thể thao
205,Gia vị Knorr thùng 24 lon,238,68.000đ,Thực phẩm
206,Dầu ăn Simply 500g,326,34.000đ,Thực phẩm
207,Mũ Adidas size S,40,361.000đ,Thời trang
208,Smartwatch Samsung Galaxy Watch Ultra 16,369,1.685.000đ,Điện tử
209,Thảm trải sàn Hòa Bình màu trắng sữa,27,2.921.000đ,Nội thất
210,Sách kinh tế Cha Giàu Cha Nghèo (Bìa Cứng),434,169.000đ,Sách
211,Dây nhảy Everlast size 44,266,237.000đ,Thể thao
212,Rèm cửa IKEA MERETE màu oak,238,2.295.000đ,Nội thất
213,Smartwatch Garmin Forerunner 250i,367,13.699.000đ,Điện tử
214,Mì ăn liền 3 Miền 200g,201,25.000đ,Thực phẩm
215,Laptop Asus VivoBook 32i,250,26.341.000đ,Điện tử
216,Kệ sách IKEA KALLAX màu trắng sữa,352,2.056.000đ,Nội thất
217,Smartwatch Samsung Galaxy Watch 8i,269,10.295.000đ,Điện tử
218,Dây nhảy Everlast size 40,390,100.000đ,Thể thao
219,Tiểu thuyết Sapiens Tập 1,335,234.000đ,Sách
220,Giày cao gót Steve Madden màu đen,296,648.000đ,Thời trang
221,Cà phê G7 túi 2kg,193,137.000đ,Thực phẩm
222,Sách kỹ năng Ikigai Tập 1,222,153.000đ,Sách
223,Ghế văn phòng Secretlab màu walnut,393,7.010.000đ,Nội thất
224,Điện thoại Nokia G Plus 64,155,4.948.000đ,Điện tử
225,Giày chạy bộ Asics Gel-Kayano size 44,371,2.455.000đ,Thể thao
226,Đồng hồ thời trang MVMT size XL,113,5.489.000đ,Thời trang
227,Giày cao gót Aldo size L,481,2.602.000đ,Thời trang
228,Dầu ăn Neptune 500ml,139,34.000đ,Thực phẩm
229,Sữa Mộc Châu hộp 24 gói,87,305.000đ,Thực phẩm
230,Váy Mango màu đen,346,771.000đ,Thời trang
231,Áo thể thao Nike Dri-FIT màu đen/đỏ,372,969.000đ,Thể thao
232,Sofa Nội thất Xanh bộ 2 cái,466,18.650.000đ,Nội thất
233,Loa Bluetooth Marshall Emberton Plus 16,267,1.391.000đ,Điện tử
234,Máy ảnh Sony Alpha Series 200,385,8.715.000đ,Điện tử
235,Sách lịch sử Homo Deus (Bìa Cứng),373,55.000đ,Sách
236,Mũ Dickies size M,233,353.000đ,Thời trang
237,Mũ Vans size L,378,335.000đ,Thời trang
238,Dây nhảy Nike size 44,455,216.000đ,Thể thao
239,Giày cao gót Steve Madden size L,341,457.000đ,Thời trang
240,Sách tâm lý Người Đàn Ông Tìm Kiếm Ý Nghĩa Tập 3,323,143.000đ,Sách
241,Máy tính bảng Lenovo Tab 500X,83,8.834.000đ,Điện tử
242,Snack Oishi túi 2kg,334,33.000đ,Thực phẩm
243,Sách kinh tế Cha Giàu Cha Nghèo (Bìa Mềm),301,267.000đ,Sách
244,Sách kỹ năng Ikigai Tập 1,469,217.000đ,Sách
245,Áo khoác Columbia màu navy,107,1.706.000đ,Thời trang
246,Dụng cụ yoga Liforme size 42,6,972.000đ,Thể thao
247,Ghế văn phòng Hòa Phát HCG màu walnut,210,2.378.000đ,Nội thất
248,Trà Lipton 200g,355,64.000đ,Thực phẩm
249,Giày cao gót Aldo màu navy,416,537.000đ,Thời trang
250,Sách kỹ năng 7 Thói Quen Hiệu Quả Tập 3,56,245.000đ,Sách
251,Áo thể thao Nike Dri-FIT màu đen/đỏ,424,971.000đ,Thể thao
252,Găng tay boxing Fairtex size 42,147,948.000đ,Thể thao
253,Dầu ăn Simply 250ml,407,94.000đ,Thực phẩm
254,Ghế văn phòng Hòa Phát HCG màu trắng sữa,471,13.398.000đ,Nội thất
255,Trà Cozy túi 2kg,76,133.000đ,Thực phẩm
256,Áo thun Canifa size XL,461,257.000đ,Thời trang
257,Sách kỹ năng Ikigai (Bìa Mềm),33,160.000đ,Sách
258,Loa Bluetooth Bose SoundLink Ultra 32,22,4.326.000đ,Điện tử
259,Áo thể thao Adidas Climacool màu đen/đỏ,291,585.000đ,Thể thao
260,Kệ sách Nội thất Duy Phát màu oak,177,2.573.000đ,Nội thất
261,Snack Poca 500g,160,26.000đ,Thực phẩm
262,Giày chạy bộ Adidas Ultraboost size 42,394,4.366.000đ,Thể thao
263,Dây nhảy Adidas size 44,450,209.000đ,Thể thao
264,Sách kỹ năng Atomic Habits Tập 1,191,278.000đ,Sách
265,Tạ tay Bowflex size 38,238,1.753.000đ,Thể thao
266,Kệ sách Hòa Phát màu walnut,248,4.555.000đ,Nội thất
267,Nước mắm Chin-su 1kg,237,105.000đ,Thực phẩm
268,Tạ tay Bowflex size 42,103,2.955.000đ,Thể thao
269,Gương IKEA HEMNES bộ 2 cái,372,2.540.000đ,Nội thất
270,Giường ngủ Kim Tiền bộ 2 cái,99,2.250.000đ,Nội thất
271,Chuột gaming Zowie EC Plus 16,37,435.000đ,Điện tử
272,Dây nhảy Adidas size 42,455,294.000đ,Thể thao
273,Áo thun Jules màu navy,485,443.000đ,Thời trang
274,Vợt tennis Head Gravity size 44,47,3.873.000đ,Thể thao
275,Kệ sách Hòa Phát màu trắng sữa,77,2.767.000đ,Nội thất
276,Sách nấu ăn Món Ngon Mỗi Ngày Tập 2,128,200.000đ,Sách
277,Gương IKEA HEMNES màu trắng sữa,195,2.495.000đ,Nội thất
278,Dụng cụ yoga Liforme màu đen/vàng,270,795.000đ,Thể thao
279,Bóng đá Nike Flight size 40,105,251.000đ,Thể thao
280,Trà Dilmah 1kg,313,168.000đ,Thực phẩm
281,Sofa JYSK bộ 4 cái,476,19.306.000đ,Nội thất
282,Máy tính bảng Lenovo Tab Plus 64,447,24.008.000đ,Điện tử
283,Áo khoác Columbia màu trắng,469,2.346.000đ,Thời trang
284,Ghế văn phòng Herman Miller Aeron màu oak,344,21.595.000đ,Nội thất
285,Bánh kẹo Choco Pie 500g,422,195.000đ,Thực phẩm
286,Bánh kẹo Choco Pie 1 lít,45,117.000đ,Thực phẩm
287,Giày cao gót Nine West size XL,359,1.965.000đ,Thời trang
288,Kính mắt Gentle Monster size M,273,4.669.000đ,Thời trang
289,Sách giáo khoa Vật Lý 11 - Ấn Bản Đặc Biệt,454,84.000đ,Sách
290,Điện thoại Vivo V Series 250,72,10.412.000đ,Điện tử
291,Sách giáo khoa Toán 12 Tập 3,170,116.000đ,Sách
292,Dầu ăn Neptune 1 lít,457,31.000đ,Thực phẩm
293,Sách tâm lý Tâm Lý Học Đám Đông (Tái Bản),464,220.000đ,Sách
294,Gương Nội thất Việt màu trắng sữa,482,1.243.000đ,Nội thất
295,Xe đạp Asama màu xanh/trắng,351,15.994.000đ,Thể thao
296,Áo thun Routine size S,227,687.000đ,Thời trang
297,Bánh kẹo Oreo 250ml,113,118.000đ,Thực phẩm
298,Giày cao gót Nine West màu navy,125,2.854.000đ,Thời trang
299,Kệ sách IKEA KALLAX màu đen mờ,320,1.610.000đ,Nội thất
300,Xe đạp Giant ATX màu xanh/trắng,478,16.332.000đ,Thể thao
301,Sách kinh tế Nghĩ Giàu Làm Giàu (Bìa Mềm),470,168.000đ,Sách
302,Sách thiếu nhi Harry Potter - Ấn Bản Đặc Biệt,461,61.000đ,Sách
303,Nước mắm Phú Quốc túi 2kg,478,97.000đ,Thực phẩm
304,Gạo Nàng Hoa 250ml,349,187.000đ,Thực phẩm
305,Bàn phím cơ Logitech MX Keys 100X,117,3.438.000đ,Điện tử
306,Sách tâm lý Tâm Lý Học Đám Đông Tập 1,63,221.000đ,Sách
307,Tạ tay Xiaomi size 42,173,2.447.000đ,Thể thao
308,Sách lịch sử Sapiens (Bìa Mềm),261,200.000đ,Sách
309,Snack Poca thùng 24 lon,261,58.000đ,Thực phẩm
310,Ghế văn phòng Hòa Phát HCG màu trắng sữa,227,24.045.000đ,Nội thất
311,Tủ quần áo Xuân Hòa bộ 4 cái,133,9.476.000đ,Nội thất
312,Snack Poca lốc 4 hộp,397,22.000đ,Thực phẩm
313,Tủ quần áo Xuân Hòa bộ 4 cái,196,2.500.000đ,Nội thất
314,Đồng hồ thời trang Seiko Presage size XL,437,3.446.000đ,Thời trang
315,Túi xách Chanel size S,489,2.652.000đ,Thời trang
316,Vợt cầu lông Yonex Astrox màu đen/vàng,274,4.746.000đ,Thể thao
317,Bàn phím cơ Keychron K Ultra 250,146,2.319.000đ,Điện tử
318,Loa Bluetooth Bose SoundLink Pro 500,349,1.486.000đ,Điện tử
319,Từ điển Oxford Advanced - Ấn Bản Đặc Biệt,297,498.000đ,Sách
320,Bánh kẹo Kinh Đô 1 lít,420,36.000đ,Thực phẩm
321,Từ điển Longman Dictionary (Bìa Mềm),159,263.000đ,Sách
322,Tiểu thuyết Tôi Thấy Hoa Vàng Trên Cỏ Xanh (Bìa Mềm),306,91.000đ,Sách
323,Mì ăn liền Kokomi 250ml,210,6.000đ,Thực phẩm
324,Gạo Gạo ST25 250ml,322,90.000đ,Thực phẩm
325,Cà phê Trung Nguyên Legend 250ml,379,448.000đ,Thực phẩm
326,Sữa TH True Milk 250ml,149,353.000đ,Thực phẩm
327,Từ điển Oxford Advanced (Bìa Mềm),444,481.000đ,Sách
328,Quần jean Routine size M,284,1.396.000đ,Thời trang
329,Váy Ivy Moda size M,21,256.000đ,Thời trang
330,Thảm trải sàn IKEA ÅDUM màu đen mờ,28,453.000đ,Nội thất
331,Kính mắt Gentle Monster size L,341,499.000đ,Thời trang
332,Găng tay boxing Fairtex size 44,110,717.000đ,Thể thao
333,Túi xách Chanel size S,219,5.644.000đ,Thời trang
334,Sữa Dutch Lady 1 lít,348,333.000đ,Thực phẩm
335,Snack Doritos 200g,156,43.000đ,Thực phẩm
336,Dây nhảy Adidas size 42,297,121.000đ,Thể thao
337,Kính mắt Oakley size XL,448,4.525.000đ,Thời trang
338,Laptop Asus VivoBook Pro 250,163,41.492.000đ,Điện tử
339,Áo thun Owen màu trắng,19,586.000đ,Thời trang
340,Sofa Nội thất Xanh bộ 4 cái,308,4.182.000đ,Nội thất
341,Găng tay boxing Everlast size 44,126,1.099.000đ,Thể thao
342,Sữa Vinamilk lốc 4 hộp,412,432.000đ,Thực phẩm
343,Sách tâm lý Tâm Lý Học Đám Đông - Ấn Bản Đặc Biệt,440,149.000đ,Sách
344,Ghế văn phòng Hòa Phát HCG màu oak,107,2.542.000đ,Nội thất
345,Từ điển Oxford Advanced Tập 2,347,327.000đ,Sách
346,Gạo Jasmine 500g,396,111.000đ,Thực phẩm
347,Tạ tay Xiaomi màu đen/đỏ,29,474.000đ,Thể thao
348,Tai nghe Sony WH Pro 64,455,2.114.000đ,Điện tử
349,Cà phê Nescafé lốc 4 hộp,419,117.000đ,Thực phẩm
350,Bánh kẹo Kinh Đô hộp 24 gói,359,60.000đ,Thực phẩm
351,Sách kinh tế Nghĩ Giàu Làm Giàu Tập 3,167,256.000đ,Sách
352,Sách thiếu nhi Cô Bé Quàng Khăn Đỏ Tập 1,408,83.000đ,Sách
353,Bàn phím cơ Corsair K Series 32,386,3.278.000đ,Điện tử
354,Snack Doritos 1 lít,381,68.000đ,Thực phẩm
355,Đèn bàn Xiaomi MIJIA màu đen mờ,157,715.000đ,Nội thất
356,Mì ăn liền Hảo Hảo 250ml,315,33.000đ,Thực phẩm
357,Smartwatch Xiaomi Smart Band 250i,297,1.134.000đ,Điện tử
358,Bánh kẹo Bibica 500ml,73,137.000đ,Thực phẩm
359,Dây nhảy Adidas size 40,142,114.000đ,Thể thao
360,Snack Oishi thùng 24 lon,243,77.000đ,Thực phẩm
361,Gạo Bắc Hương lốc 4 hộp,179,144.000đ,Thực phẩm
362,Mũ Dickies màu trắng,191,441.000đ,Thời trang
363,Gia vị Maggi túi 2kg,474,36.000đ,Thực phẩm
364,Điện thoại Xiaomi Redmi Series 8,128,9.747.000đ,Điện tử
365,Áo thun Canifa màu đen,298,321.000đ,Thời trang
366,Sách lập trình Eloquent JavaScript (Tái Bản),117,166.000đ,Sách
367,Trà Cozy túi 2kg,69,291.000đ,Thực phẩm
368,Máy tính bảng iPad Series 250,37,10.208.000đ,Điện tử
369,Chuột gaming SteelSeries Rival Plus 250,372,1.849.000đ,Điện tử
370,Thảm trải sàn IKEA ÅDUM bộ 4 cái,422,4.900.000đ,Nội thất
371,Nước mắm Chin-su 1 lít,93,104.000đ,Thực phẩm
372,Cà phê Nescafé 1kg,354,382.000đ,Thực phẩm
373,Giường ngủ IKEA MALM màu walnut,303,6.810.000đ,Nội thất
374,Giường ngủ Nội thất An Lành bộ 4 cái,133,14.329.000đ,Nội thất
375,Giày chạy bộ Brooks Ghost màu đen/đỏ,163,2.581.000đ,Thể thao
376,Sách nấu ăn Món Ngon Mỗi Ngày (Tái Bản),10,67.000đ,Sách
377,Vợt tennis Wilson Blade màu xanh/trắng,407,6.845.000đ,Thể thao
378,Kệ sách Hòa Phát bộ 4 cái,445,1.709.000đ,Nội thất
379,Bánh kẹo Oreo 200g,487,38.000đ,Thực phẩm
380,Giày chạy bộ Adidas Ultraboost màu đen/đỏ,239,1.418.000đ,Thể thao
381,Vợt tennis Yonex EZONE size 38,170,1.406.000đ,Thể thao
382,Sách nấu ăn Ẩm Thực 3 Miền (Bìa Mềm),309,67.000đ,Sách
383,Giày sneaker Vans Old Skool size XL,204,3.906.000đ,Thời trang
384,Túi xách Chanel size L,30,17.411.000đ,Thời trang
385,Nước mắm Phú Quốc 1kg,287,119.000đ,Thực phẩm
386,Găng tay boxing Fairtex màu xanh/trắng,358,1.089.000đ,Thể thao
387,Chuột gaming Razer DeathAdder Series 200,429,521.000đ,Điện tử
388,Giường ngủ IKEA MALM màu đen mờ,459,4.903.000đ,Nội thất
389,Loa Bluetooth Sony SRS Series 32,259,3.522.000đ,Điện tử
390,Kệ sách IKEA KALLAX bộ 4 cái,425,1.752.000đ,Nội thất
391,Ghế văn phòng Secretlab màu đen mờ,254,19.225.000đ,Nội thất
392,Từ điển Oxford Advanced Tập 1,322,411.000đ,Sách
393,Túi xách Furla size XL,375,19.856.000đ,Thời trang
394,Mũ New Era size L,328,221.000đ,Thời trang
395,Tạ tay Xiaomi màu đen/vàng,487,1.481.000đ,Thể thao
396,Kệ sách Hòa Phát màu trắng sữa,148,2.692.000đ,Nội thất
397,Ghế văn phòng Ergohuman màu trắng sữa,52,10.107.000đ,Nội thất
398,Chuột gaming Razer DeathAdder Plus 200,195,205.000đ,Điện tử
399,Máy ảnh Nikon D 32X,228,53.560.000đ,Điện tử
400,Loa Bluetooth Marshall Emberton Plus 200,489,4.457.000đ,Điện tử
401,Vợt tennis Yonex EZONE màu đen/đỏ,244,7.381.000đ,Thể thao
402,Xe đạp Trek Marlin màu đen/đỏ,4,19.255.000đ,Thể thao
403,Chuột gaming Zowie EC Plus 100,293,2.143.000đ,Điện tử
404,Tai nghe Samsung Galaxy Buds Series 250,25,389.000đ,Điện tử
405,Mũ MLB màu trắng,359,277.000đ,Thời trang
406,Máy ảnh Fujifilm X Ultra 8,108,44.574.000đ,Điện tử
407,Tạ tay PowerBlock màu xanh/trắng,484,2.210.000đ,Thể thao
408,Máy tính bảng Xiaomi Pad Ultra 500,409,20.723.000đ,Điện tử
409,Trà Trà Thái Nguyên 250ml,13,270.000đ,Thực phẩm
410,Sách giáo khoa Tiếng Anh 12 Tập 1,271,115.000đ,Sách
411,Giường ngủ IKEA MALM màu oak,9,12.742.000đ,Nội thất
412,Loa Bluetooth Marshall Emberton Pro 32,442,338.000đ,Điện tử
413,Giường ngủ JYSK Maribo màu trắng sữa,88,2.094.000đ,Nội thất
414,Sách kinh tế Nghĩ Giàu Làm Giàu - Ấn Bản Đặc Biệt,162,178.000đ,Sách
415,Tủ quần áo JYSK bộ 2 cái,346,13.285.000đ,Nội thất
416,Tủ quần áo JYSK màu đen mờ,14,13.800.000đ,Nội thất
417,Smartwatch Garmin Forerunner Ultra 100,326,4.064.000đ,Điện tử
418,Bóng đá Mikasa màu đen/đỏ,253,561.000đ,Thể thao
419,Đèn bàn Xiaomi MIJIA bộ 2 cái,367,609.000đ,Nội thất
420,Sách tâm lý Người Đàn Ông Tìm Kiếm Ý Nghĩa (Bìa Mềm),238,176.000đ,Sách
421,Smartwatch Xiaomi Smart Band Pro 64,88,9.952.000đ,Điện tử
422,Dầu ăn Neptune 500ml,7,87.000đ,Thực phẩm
423,Áo khoác Adidas size L,22,652.000đ,Thời trang
424,Quần jean Wrangler size L,379,835.000đ,Thời trang
425,Sách giáo khoa Tiếng Anh 12 Tập 2,29,108.000đ,Sách
426,Tạ tay Bowflex size 40,349,1.760.000đ,Thể thao
427,Tiểu thuyết Sapiens Tập 1,388,159.000đ,Sách
428,Đồng hồ thời trang MVMT size M,455,5.533.000đ,Thời trang
429,Vợt cầu lông Victor Thruster màu đen/vàng,415,4.370.000đ,Thể thao
430,Sách nấu ăn Ẩm Thực 3 Miền (Tái Bản),434,110.000đ,Sách
431,Laptop Lenovo Thinkpad 250X,487,31.741.000đ,Điện tử
432,Smartwatch Garmin Forerunner Ultra 250,129,11.349.000đ,Điện tử
433,Bánh kẹo Pocky hộp 24 gói,245,159.000đ,Thực phẩm
434,Tiểu thuyết Đắc Nhân Tâm - Ấn Bản Đặc Biệt,198,138.000đ,Sách
435,Sách lập trình Eloquent JavaScript (Bìa Mềm),398,334.000đ,Sách
436,Thảm trải sàn IKEA ÅDUM màu đen mờ,56,3.164.000đ,Nội thất
437,Rèm cửa JYSK màu walnut,282,2.501.000đ,Nội thất
438,Máy ảnh Nikon D 32X,493,57.423.000đ,Điện tử
439,Sách giáo khoa Hóa Học 10 (Tái Bản),24,36.000đ,Sách
440,Xe đạp Trek Marlin size 44,103,12.356.000đ,Thể thao
441,Đèn bàn IKEA FORSÅ màu đen mờ,360,362.000đ,Nội thất
442,Dây nhảy Adidas size 44,497,192.000đ,Thể thao
443,Sách lập trình Eloquent JavaScript Tập 2,142,235.000đ,Sách
444,Mũ Adidas màu đen,413,207.000đ,Thời trang
445,Từ điển Oxford Advanced - Ấn Bản Đặc Biệt,6,361.000đ,Sách
446,Mũ MLB size XL,255,86.000đ,Thời trang
447,Chuột gaming SteelSeries Rival Plus 32,254,2.054.000đ,Điện tử
448,Nước mắm Phú Quốc 500g,251,79.000đ,Thực phẩm
449,Máy ảnh Fujifilm X 500i,239,16.744.000đ,Điện tử
450,Trà Cozy túi 2kg,23,279.000đ,Thực phẩm
451,Bàn phím cơ Razer BlackWidow 100X,46,979.000đ,Điện tử
452,Máy ảnh Sony Alpha Pro 8,14,19.142.000đ,Điện tử
453,Rèm cửa IKEA MERETE bộ 4 cái,86,2.218.000đ,Nội thất
454,Dầu ăn Meizan 250ml,431,37.000đ,Thực phẩm
455,Giày sneaker Adidas Stan Smith màu đen,441,3.389.000đ,Thời trang
456,Sách lịch sử Lịch Sử Thế Giới (Bìa Mềm),16,52.000đ,Sách
457,Áo thun Jules màu đen,397,174.000đ,Thời trang
458,Gương La Redoute màu oak,455,649.000đ,Nội thất
459,Snack Doritos 200g,287,23.000đ,Thực phẩm
460,Gương IKEA HEMNES màu oak,118,2.699.000đ,Nội thất
461,Quần jean G-Star Raw màu trắng,148,237.000đ,Thời trang
462,Tạ tay Xiaomi màu đen/vàng,301,237.000đ,Thể thao
463,Sách kỹ năng Atomic Habits Tập 2,496,230.000đ,Sách
464,Sách thiếu nhi Cô Bé Quàng Khăn Đỏ Tập 2,146,38.000đ,Sách
465,Áo thể thao Adidas Climacool màu đen/vàng,286,247.000đ,Thể thao
466,Quần jean G-Star Raw size L,450,491.000đ,Thời trang
467,Điện thoại Samsung Galaxy 8i,119,26.206.000đ,Điện tử
468,Laptop HP Pavilion Ultra 32,23,26.780.000đ,Điện tử
469,Gia vị Ajinomoto 250ml,162,95.000đ,Thực phẩm
470,Máy tính bảng iPad Series 32,329,22.004.000đ,Điện tử
471,Tủ quần áo Xuân Hòa bộ 2 cái,372,9.294.000đ,Nội thất
472,Tạ tay Xiaomi màu đen/vàng,50,1.897.000đ,Thể thao
473,Bánh kẹo Bibica 1kg,87,181.000đ,Thực phẩm
474,Sách lập trình Eloquent JavaScript (Bìa Mềm),420,341.000đ,Sách
475,Snack Lays 250ml,350,66.000đ,Thực phẩm
476,Túi xách Furla size L,117,8.132.000đ,Thời trang
477,Áo thể thao Adidas Climacool màu đen/vàng,86,580.000đ,Thể thao
478,Gương La Redoute bộ 2 cái,320,2.674.000đ,Nội thất
479,Sách nấu ăn Bếp Của Mẹ Tập 1,316,121.000đ,Sách
480,Kệ sách Hòa Phát màu trắng sữa,273,2.393.000đ,Nội thất
481,Giường ngủ IKEA MALM màu walnut,14,18.383.000đ,Nội thất
482,Sách nấu ăn Ẩm Thực 3 Miền Tập 3,443,65.000đ,Sách
483,Quần jean G-Star Raw size XL,484,238.000đ,Thời trang
484,Sách tâm lý Người Đàn Ông Tìm Kiếm Ý Nghĩa - Ấn Bản Đặc Biệt,303,121.000đ,Sách
485,Sách tâm lý Tâm Lý Học Đám Đông (Tái Bản),366,113.000đ,Sách
486,Tạ tay CAP Barbell size 42,387,303.000đ,Thể thao
487,Sách tâm lý Nghệ Thuật Tinh Tế - Ấn Bản Đặc Biệt,214,72.000đ,Sách
488,Đèn bàn Xiaomi MIJIA màu walnut,152,239.000đ,Nội thất
489,Găng tay boxing Hayabusa màu đen/đỏ,272,1.613.000đ,Thể thao
490,Bánh kẹo Pocky 1kg,156,106.000đ,Thực phẩm
491,Sofa IKEA KIVIK màu walnut,291,26.652.000đ,Nội thất
492,Thảm trải sàn Carpet One màu trắng sữa,16,808.000đ,Nội thất
493,Gạo Jasmine lốc 4 hộp,359,107.000đ,Thực phẩm
494,Áo thun Jules màu navy,242,535.000đ,Thời trang
495,Áo thun Jules màu trắng,320,709.000đ,Thời trang
496,Xe đạp Specialized Rockhopper màu đen/đỏ,444,6.883.000đ,Thể thao
497,Tiểu thuyết Đắc Nhân Tâm Tập 1,452,138.000đ,Sách
498,Bàn phím cơ Razer BlackWidow 16X,383,3.086.000đ,Điện tử
499,Vợt cầu lông Kawasaki màu xanh/trắng,447,4.508.000đ,Thể thao
500,Giường ngủ Kim Tiền màu đen mờ,117,5.646.000đ,Nội thất
501,Máy ảnh Canon EOS Series 16,333,56.416.000đ,Điện tử
502,Đèn bàn IKEA FORSÅ màu oak,459,843.000đ,Nội thất
503,Bàn làm việc Hòa Phát màu trắng sữa,379,14.023.000đ,Nội thất
504,Găng tay boxing Everlast màu đen/vàng,1,636.000đ,Thể thao
505,Sách thiếu nhi Cô Bé Quàng Khăn Đỏ (Bìa Cứng),25,80.000đ,Sách
506,Bàn phím cơ Corsair K 200i,315,3.418.000đ,Điện tử
507,Sách nấu ăn Ẩm Thực 3 Miền Tập 3,81,199.000đ,Sách
508,Áo thun Uniqlo size XL,140,581.000đ,Thời trang
509,Thảm trải sàn Carpet One màu oak,294,3.287.000đ,Nội thất
510,Quần jean Wrangler size XL,34,829.000đ,Thời trang
511,Bàn làm việc Herman Miller bộ 2 cái,130,12.689.000đ,Nội thất
512,Tạ tay PowerBlock size 42,133,1.834.000đ,Thể thao
513,Bàn phím cơ Logitech MX Keys 32i,163,1.977.000đ,Điện tử
514,Sách nấu ăn Bếp Của Mẹ Tập 2,434,189.000đ,Sách
515,Máy ảnh Sony Alpha Pro 250,268,38.276.000đ,Điện tử
516,Sách kỹ năng Mindset (Bìa Cứng),459,163.000đ,Sách
517,Găng tay boxing Fairtex size 40,287,491.000đ,Thể thao
518,Tủ quần áo Hòa Phát bộ 4 cái,402,3.160.000đ,Nội thất
519,Máy ảnh Fujifilm X 32X,91,48.671.000đ,Điện tử
520,Chuột gaming Zowie EC 16i,56,2.436.000đ,Điện tử
521,Kính mắt Ray-Ban size M,123,2.063.000đ,Thời trang
522,Sách thiếu nhi Shin Cậu Bé Bút Chì (Bìa Cứng),110,102.000đ,Sách
523,Sách nấu ăn Bếp Của Mẹ Tập 3,155,165.000đ,Sách
524,Chuột gaming Zowie EC Pro 8,485,1.984.000đ,Điện tử
525,Dây nhảy Nike màu đen/đỏ,162,53.000đ,Thể thao
526,Bánh kẹo Oreo 1 lít,491,156.000đ,Thực phẩm
527,Sách nấu ăn Món Ngon Mỗi Ngày Tập 1,277,186.000đ,Sách
528,Sữa TH True Milk 200g,356,219.000đ,Thực phẩm
529,Sách kinh tế Cha Giàu Cha Nghèo (Bìa Cứng),418,114.000đ,Sách
530,Găng tay boxing Hayabusa size 42,90,1.128.000đ,Thể thao
531,Bàn làm việc Herman Miller màu oak,204,13.529.000đ,Nội thất
532,Váy Ivy Moda size S,277,1.131.000đ,Thời trang
533,Tai nghe Samsung Galaxy Buds Ultra 500,397,4.629.000đ,Điện tử
534,Quần jean G-Star Raw size S,260,772.000đ,Thời trang
535,Sách nấu ăn Ẩm Thực 3 Miền Tập 2,230,215.000đ,Sách
536,Ghế văn phòng Secretlab bộ 4 cái,340,19.098.000đ,Nội thất
537,Sữa TH True Milk 1kg,142,462.000đ,Thực phẩm
538,Thảm trải sàn IKEA ÅDUM bộ 4 cái,22,3.897.000đ,Nội thất
539,Xe đạp Asama size 38,266,21.678.000đ,Thể thao
540,Chuột gaming SteelSeries Rival Series 200,98,679.000đ,Điện tử
541,Màn hình Dell UltraSharp Plus 100,117,16.237.000đ,Điện tử
542,Cà phê Highlands Coffee 250ml,335,323.000đ,Thực phẩm
543,Kệ sách Nội thất Duy Phát màu trắng sữa,293,1.614.000đ,Nội thất
544,Cà phê G7 lốc 4 hộp,96,466.000đ,Thực phẩm
545,Áo khoác The North Face màu trắng,124,1.796.000đ,Thời trang
546,Tạ tay PowerBlock size 38,351,1.532.000đ,Thể thao
547,Sữa Vinamilk 1kg,80,278.000đ,Thực phẩm
548,Vợt cầu lông Kawasaki size 38,56,3.861.000đ,Thể thao
549,Sách nấu ăn Món Ngon Mỗi Ngày Tập 2,492,231.000đ,Sách
550,Vợt tennis Babolat Pure Drive size 42,185,998.000đ,Thể thao
551,Sách nấu ăn Ẩm Thực 3 Miền - Ấn Bản Đặc Biệt,111,65.000đ,Sách
552,Sách thiếu nhi Shin Cậu Bé Bút Chì (Bìa Cứng),367,120.000đ,Sách
553,Bàn phím cơ Logitech MX Keys 100i,194,1.224.000đ,Điện tử
554,Tạ tay PowerBlock màu xanh/trắng,50,1.284.000đ,Thể thao
555,Giày cao gót Steve Madden màu đen,100,2.169.000đ,Thời trang
556,Vợt cầu lông Li-Ning Turbo màu đen/vàng,112,3.661.000đ,Thể thao
557,Bánh kẹo Pocky túi 2kg,434,51.000đ,Thực phẩm
558,Máy tính bảng Xiaomi Pad Pro 32,222,19.554.000đ,Điện tử
559,Đồng hồ thời trang MVMT màu trắng,462,5.729.000đ,Thời trang
560,Bóng đá Molten màu đen/đỏ,464,444.000đ,Thể thao
561,Mũ Adidas size M,142,82.000đ,Thời trang
562,Vợt tennis Yonex EZONE màu đen/vàng,132,2.754.000đ,Thể thao
563,Snack Doritos 250ml,223,50.000đ,Thực phẩm
564,Giày sneaker Nike Air Max size S,412,2.614.000đ,Thời trang
565,Sofa JYSK màu trắng sữa,59,11.989.000đ,Nội thất
566,Sofa Nội thất Xanh bộ 2 cái,251,17.238.000đ,Nội thất
567,Snack Oishi thùng 24 lon,186,17.000đ,Thực phẩm
568,Áo thể thao Nike Dri-FIT màu đen/đỏ,107,424.000đ,Thể thao
569,Giường ngủ Kim Tiền bộ 4 cái,396,8.284.000đ,Nội thất
570,Mũ Adidas size XL,24,160.000đ,Thời trang
571,Dây nhảy Nike size 40,60,290.000đ,Thể thao
572,Laptop MacBook Air 8X,327,54.123.000đ,Điện tử
573,Laptop Lenovo Thinkpad 250i,287,48.238.000đ,Điện tử
574,Sữa TH True Milk 1 lít,258,247.000đ,Thực phẩm
575,Loa Bluetooth Marshall Emberton Plus 100,186,4.954.000đ,Điện tử
576,Máy tính bảng Samsung Galaxy Tab 8i,324,24.071.000đ,Điện tử
577,Giày cao gót Aldo màu navy,92,2.213.000đ,Thời trang
578,Vợt cầu lông Victor Thruster màu đen/đỏ,425,4.019.000đ,Thể thao
579,Dầu ăn Neptune 500ml,472,146.000đ,Thực phẩm
580,Dầu ăn Simply 1 lít,83,97.000đ,Thực phẩm
581,Sách tâm lý Nghệ Thuật Tinh Tế Tập 2,220,179.000đ,Sách
582,Sách tâm lý Tâm Lý Học Đám Đông (Bìa Cứng),57,123.000đ,Sách
583,Rèm cửa JYSK bộ 2 cái,432,1.551.000đ,Nội thất
584,Sách giáo khoa Vật Lý 11 (Tái Bản),89,95.000đ,Sách
585,Thảm trải sàn Hòa Bình màu trắng sữa,313,1.184.000đ,Nội thất
586,Máy ảnh Canon EOS Plus 500,465,27.989.000đ,Điện tử
587,Tạ tay Xiaomi size 42,390,2.419.000đ,Thể thao
588,Trà Dilmah 500ml,329,170.000đ,Thực phẩm
589,Loa Bluetooth JBL Charge Plus 32,292,4.471.000đ,Điện tử
590,Sách thiếu nhi Doraemon Tập 1,456,136.000đ,Sách
591,Thảm trải sàn IKEA ÅDUM màu oak,262,3.945.000đ,Nội thất
592,Từ điển Oxford Advanced Tập 1,262,467.000đ,Sách
593,Quần jean MOA size M,383,615.000đ,Thời trang
594,Đồng hồ thời trang Fossil size S,437,5.882.000đ,Thời trang
595,Điện thoại Xiaomi Redmi 500i,447,10.530.000đ,Điện tử
596,Giày cao gót Aldo size L,173,2.052.000đ,Thời trang
597,Sách nấu ăn Ẩm Thực 3 Miền (Tái Bản),411,223.000đ,Sách
598,Sách tâm lý Nghệ Thuật Tinh Tế (Bìa Cứng),312,183.000đ,Sách
599,Sách nấu ăn Ẩm Thực 3 Miền Tập 2,461,87.000đ,Sách
600,Kính mắt Gentle Monster màu trắng,132,1.029.000đ,Thời trang
