OrderID,CustomerID,OrderDate,TotalAmount,OrderYear,OrderMonth,OrderQuarter,OrderWeekday
1,73,2024-06-20,167297960.0,2024,6,2,Thursday
2,474,2024-05-15,144955454.0,2024,5,2,Wednesday
3,329,2023-10-12,117747886.0,2023,10,4,Thursday
4,332,2023-03-17,64949620.0,2023,3,1,Friday
5,127,2024-03-21,8594214.0,2024,3,1,Thursday
6,39,2024-03-26,116121508.0,2024,3,1,Tuesday
7,431,2024-08-05,4033872.0,2024,8,3,Monday
8,418,2023-12-22,108307036.0,2023,12,4,Friday
9,3,2023-08-14,191415790.0,2023,8,3,Monday
10,399,2023-01-11,65866856.0,2023,1,1,Wednesday
11,153,2024-07-09,15753210.0,2024,7,3,Tuesday
12,76,2023-03-31,24769240.0,2023,3,1,Friday
13,423,2024-02-18,77243689.0,2024,2,1,Sunday
14,483,2024-07-07,118482665.0,2024,7,3,Sunday
15,15,2023-07-30,157739881.0,2023,7,3,Sunday
16,31,2024-04-24,0.0,2024,4,2,Wednesday
17,98,2023-12-02,20848657.0,2023,12,4,Saturday
18,403,2023-01-16,0.0,2023,1,1,Monday
19,365,2024-03-14,114488501.0,2024,3,1,Thursday
20,52,2023-08-23,110196554.0,2023,8,3,Wednesday
21,191,2024-01-13,80951474.0,2024,1,1,Saturday
22,361,2023-02-25,86010779.0,2023,2,1,Saturday
23,289,2023-09-25,32442330.0,2023,9,3,Monday
24,384,2024-04-24,2430936.0,2024,4,2,Wednesday
25,363,2024-10-13,36460130.0,2024,10,4,Sunday
26,233,2023-12-11,15681830.0,2023,12,4,Monday
27,347,2023-10-18,129873828.0,2023,10,4,Wednesday
28,416,2023-04-18,28785797.0,2023,4,2,Tuesday
29,166,2024-02-04,192157284.0,2024,2,1,Sunday
30,132,2023-05-27,162805200.0,2023,5,2,Saturday
31,183,2024-11-15,5401494.0,2024,11,4,Friday
32,8,2023-08-12,99151512.0,2023,8,3,Saturday
33,377,2024-01-16,1128135.0,2024,1,1,Tuesday
34,62,2024-02-04,0.0,2024,2,1,Sunday
35,135,2023-04-28,50542258.0,2023,4,2,Friday
36,339,2023-01-29,2281482.0,2023,1,1,Sunday
37,444,2024-05-07,400887.0,2024,5,2,Tuesday
38,166,2024-03-31,52040219.0,2024,3,1,Sunday
39,59,2024-05-13,12215840.0,2024,5,2,Monday
40,117,2023-07-13,133151076.0,2023,7,3,Thursday
41,295,2024-06-21,9036692.0,2024,6,2,Friday
42,437,2024-02-09,146496107.0,2024,2,1,Friday
43,38,2024-09-16,90148647.0,2024,9,3,Monday
44,378,2024-10-03,166444003.0,2024,10,4,Thursday
45,97,2023-08-23,83621091.0,2023,8,3,Wednesday
46,68,2024-05-05,95239482.0,2024,5,2,Sunday
47,493,2024-09-27,91270129.0,2024,9,3,Friday
48,352,2023-08-27,5205393.0,2023,8,3,Sunday
49,211,2023-07-17,136184849.0,2023,7,3,Monday
50,55,2024-09-01,2611050.0,2024,9,3,Sunday
51,179,2024-09-17,2154608.0,2024,9,3,Tuesday
52,86,2023-11-16,2646786.0,2023,11,4,Thursday
53,287,2023-10-31,109352.0,2023,10,4,Tuesday
54,224,2024-04-07,76811048.0,2024,4,2,Sunday
55,398,2024-07-15,80916856.0,2024,7,3,Monday
56,389,2024-06-01,19196192.0,2024,6,2,Saturday
57,105,2024-02-20,139019224.0,2024,2,1,Tuesday
58,360,2023-11-05,0.0,2023,11,4,Sunday
59,462,2023-05-25,57599168.0,2023,5,2,Thursday
60,358,2024-02-04,211222996.0,2024,2,1,Sunday
61,374,2023-05-24,0.0,2023,5,2,Wednesday
62,474,2024-06-17,37986632.0,2024,6,2,Monday
63,265,2023-11-24,80983962.0,2023,11,4,Friday
64,161,2023-07-10,47899548.0,2023,7,3,Monday
65,395,2024-12-27,492084.0,2024,12,4,Friday
66,17,2024-05-06,107784550.0,2024,5,2,Monday
67,421,2024-02-25,38847399.0,2024,2,1,Sunday
68,135,2023-07-26,4039935.0,2023,7,3,Wednesday
69,329,2024-12-01,43662171.0,2024,12,4,Sunday
70,136,2024-12-12,101128076.0,2024,12,4,Thursday
71,115,2024-10-25,137720302.0,2024,10,4,Friday
72,70,2024-12-31,93061929.0,2024,12,4,Tuesday
73,354,2023-10-28,30722912.0,2023,10,4,Saturday
74,119,2024-11-08,94181418.0,2024,11,4,Friday
75,247,2024-12-29,62991309.0,2024,12,4,Sunday
76,86,2024-05-14,209458598.0,2024,5,2,Tuesday
77,125,2024-08-06,13648709.0,2024,8,3,Tuesday
78,399,2023-02-22,52031854.0,2023,2,1,Wednesday
79,131,2023-11-30,13131868.0,2023,11,4,Thursday
80,424,2023-06-14,27500280.0,2023,6,2,Wednesday
81,302,2023-05-07,229349.0,2023,5,2,Sunday
82,129,2023-12-11,48230521.0,2023,12,4,Monday
83,79,2023-11-12,69633180.0,2023,11,4,Sunday
84,73,2024-05-06,161041072.0,2024,5,2,Monday
85,355,2024-01-09,92529364.0,2024,1,1,Tuesday
86,460,2023-07-25,124219716.0,2023,7,3,Tuesday
87,410,2023-11-13,3668822.0,2023,11,4,Monday
88,119,2023-02-14,17545728.0,2023,2,1,Tuesday
89,102,2023-02-24,10055255.0,2023,2,1,Friday
90,94,2023-03-05,57250887.0,2023,3,1,Sunday
91,487,2024-12-11,83673944.0,2024,12,4,Wednesday
92,399,2023-08-03,43964454.0,2023,8,3,Thursday
93,41,2023-06-13,181619963.0,2023,6,2,Tuesday
94,91,2024-07-13,189886135.0,2024,7,3,Saturday
95,133,2023-04-26,47053502.0,2023,4,2,Wednesday
96,92,2024-09-13,65945780.0,2024,9,3,Friday
97,384,2024-08-07,66757393.0,2024,8,3,Wednesday
98,10,2023-11-15,54290621.0,2023,11,4,Wednesday
99,164,2024-01-21,85280283.0,2024,1,1,Sunday
100,314,2023-11-06,36658718.0,2023,11,4,Monday
101,384,2024-08-03,76516185.0,2024,8,3,Saturday
102,360,2023-01-04,90660368.0,2023,1,1,Wednesday
103,482,2024-08-28,76052992.0,2024,8,3,Wednesday
104,306,2024-01-03,51925703.0,2024,1,1,Wednesday
105,293,2023-09-23,48171585.0,2023,9,3,Saturday
106,218,2023-11-30,43332847.0,2023,11,4,Thursday
107,146,2023-02-18,20516228.0,2023,2,1,Saturday
108,442,2023-01-06,39129920.0,2023,1,1,Friday
109,10,2024-03-14,61183062.0,2024,3,1,Thursday
110,45,2023-10-03,164927748.0,2023,10,4,Tuesday
111,407,2023-09-05,91871805.0,2023,9,3,Tuesday
112,403,2023-08-28,76344460.0,2023,8,3,Monday
113,167,2023-08-20,49461771.0,2023,8,3,Sunday
114,328,2024-02-17,129508921.0,2024,2,1,Saturday
115,166,2023-05-24,42989532.0,2023,5,2,Wednesday
116,240,2024-04-11,63601614.0,2024,4,2,Thursday
117,61,2024-04-27,0.0,2024,4,2,Saturday
118,380,2024-01-16,253762795.0,2024,1,1,Tuesday
119,432,2024-03-13,61471836.0,2024,3,1,Wednesday
120,203,2024-04-19,54003609.0,2024,4,2,Friday
121,354,2024-07-19,504688.0,2024,7,3,Friday
122,238,2024-04-18,6618524.0,2024,4,2,Thursday
123,436,2023-07-19,0.0,2023,7,3,Wednesday
124,473,2023-06-18,119464660.0,2023,6,2,Sunday
125,331,2023-09-30,121627387.0,2023,9,3,Saturday
126,105,2023-03-15,0.0,2023,3,1,Wednesday
127,106,2024-01-16,16423442.0,2024,1,1,Tuesday
128,318,2023-04-01,123951333.0,2023,4,2,Saturday
129,369,2023-09-28,94929837.0,2023,9,3,Thursday
130,268,2023-12-04,34380432.0,2023,12,4,Monday
131,364,2023-08-19,28884349.0,2023,8,3,Saturday
132,87,2024-11-06,0.0,2024,11,4,Wednesday
133,27,2023-05-27,45979344.0,2023,5,2,Saturday
134,36,2024-06-10,4233540.0,2024,6,2,Monday
135,308,2024-09-08,25139859.0,2024,9,3,Sunday
136,394,2024-05-17,54209468.0,2024,5,2,Friday
137,43,2023-11-07,0.0,2023,11,4,Tuesday
138,303,2023-07-17,27213816.0,2023,7,3,Monday
139,187,2024-11-06,91792080.0,2024,11,4,Wednesday
140,56,2023-09-21,62247352.0,2023,9,3,Thursday
141,361,2023-04-26,13313004.0,2023,4,2,Wednesday
142,397,2024-05-14,29710285.0,2024,5,2,Tuesday
143,267,2023-05-24,16017059.0,2023,5,2,Wednesday
144,434,2024-11-16,74193674.0,2024,11,4,Saturday
145,299,2024-12-23,104307316.0,2024,12,4,Monday
146,241,2024-12-11,201271493.0,2024,12,4,Wednesday
147,19,2023-07-03,6983747.0,2023,7,3,Monday
148,69,2024-04-23,120557760.0,2024,4,2,Tuesday
149,29,2023-08-29,74442944.0,2023,8,3,Tuesday
150,93,2024-12-10,1527412.0,2024,12,4,Tuesday
151,233,2024-03-26,24302894.0,2024,3,1,Tuesday
152,120,2024-10-26,177785107.0,2024,10,4,Saturday
153,82,2023-03-13,38620051.0,2023,3,1,Monday
154,361,2023-09-07,98549666.0,2023,9,3,Thursday
155,289,2023-11-10,38723997.0,2023,11,4,Friday
156,489,2024-01-11,81915637.0,2024,1,1,Thursday
157,13,2024-12-17,56974034.0,2024,12,4,Tuesday
158,47,2024-08-20,188243872.0,2024,8,3,Tuesday
159,431,2024-01-25,54556723.0,2024,1,1,Thursday
160,309,2024-05-17,38919991.0,2024,5,2,Friday
161,351,2024-07-20,0.0,2024,7,3,Saturday
162,203,2023-05-11,24333049.0,2023,5,2,Thursday
163,27,2024-07-07,1177449.0,2024,7,3,Sunday
164,433,2023-07-30,0.0,2023,7,3,Sunday
165,355,2023-10-31,19500356.0,2023,10,4,Tuesday
166,86,2023-06-23,19599710.0,2023,6,2,Friday
167,177,2024-05-07,124307993.0,2024,5,2,Tuesday
168,16,2024-10-04,107932783.0,2024,10,4,Friday
169,324,2023-04-26,0.0,2023,4,2,Wednesday
170,427,2024-05-09,103281297.0,2024,5,2,Thursday
171,425,2023-03-06,162449787.0,2023,3,1,Monday
172,340,2024-09-14,35948648.0,2024,9,3,Saturday
173,381,2023-07-29,54906665.0,2023,7,3,Saturday
174,447,2023-04-23,102168835.0,2023,4,2,Sunday
175,447,2024-08-22,250747573.0,2024,8,3,Thursday
176,165,2024-08-23,75913721.0,2024,8,3,Friday
177,498,2024-05-05,61750180.0,2024,5,2,Sunday
178,496,2023-08-03,201945218.0,2023,8,3,Thursday
179,12,2023-11-02,36325790.0,2023,11,4,Thursday
180,265,2024-01-26,56813780.0,2024,1,1,Friday
181,12,2024-04-21,12825337.0,2024,4,2,Sunday
182,82,2023-07-14,86109473.0,2023,7,3,Friday
183,421,2024-12-18,174139824.0,2024,12,4,Wednesday
184,208,2024-02-03,11153012.0,2024,2,1,Saturday
185,477,2024-05-31,45074146.0,2024,5,2,Friday
186,124,2023-03-20,87266388.0,2023,3,1,Monday
187,146,2024-07-01,35554990.0,2024,7,3,Monday
188,220,2024-10-15,68259959.0,2024,10,4,Tuesday
189,59,2024-05-07,32620620.0,2024,5,2,Tuesday
190,443,2024-07-12,53771145.0,2024,7,3,Friday
191,314,2024-06-03,80741759.0,2024,6,2,Monday
192,307,2023-05-08,103794932.0,2023,5,2,Monday
193,499,2024-11-19,17143152.0,2024,11,4,Tuesday
194,409,2024-08-30,103772722.0,2024,8,3,Friday
195,487,2024-08-05,4062064.0,2024,8,3,Monday
196,472,2023-12-25,0.0,2023,12,4,Monday
197,348,2024-06-08,51380745.0,2024,6,2,Saturday
198,231,2024-08-16,63765781.0,2024,8,3,Friday
199,260,2023-03-12,55014822.0,2023,3,1,Sunday
200,106,2024-09-12,109514052.0,2024,9,3,Thursday
201,178,2024-11-06,133009946.0,2024,11,4,Wednesday
202,246,2023-10-07,148907788.0,2023,10,4,Saturday
203,258,2024-03-10,137493994.0,2024,3,1,Sunday
204,159,2023-09-17,140306745.0,2023,9,3,Sunday
205,277,2024-01-08,310848419.0,2024,1,1,Monday
206,421,2024-08-05,25137268.0,2024,8,3,Monday
207,331,2024-04-29,0.0,2024,4,2,Monday
208,79,2023-01-11,21337340.0,2023,1,1,Wednesday
209,404,2024-03-25,96568.0,2024,3,1,Monday
210,188,2023-10-31,24189640.0,2023,10,4,Tuesday
211,287,2024-04-26,83119498.0,2024,4,2,Friday
212,380,2023-06-14,48407977.0,2023,6,2,Wednesday
213,147,2023-08-22,0.0,2023,8,3,Tuesday
214,404,2023-08-30,43853508.0,2023,8,3,Wednesday
215,481,2023-08-31,3788530.0,2023,8,3,Thursday
216,377,2023-01-24,115055700.0,2023,1,1,Tuesday
217,285,2023-01-18,98460586.0,2023,1,1,Wednesday
218,229,2024-06-20,4164435.0,2024,6,2,Thursday
219,51,2024-12-12,0.0,2024,12,4,Thursday
220,49,2024-12-27,25975140.0,2024,12,4,Friday
221,136,2023-08-23,68968476.0,2023,8,3,Wednesday
222,172,2023-03-29,244410103.0,2023,3,1,Wednesday
223,204,2023-01-20,54986622.0,2023,1,1,Friday
224,264,2023-12-01,60859006.0,2023,12,4,Friday
225,138,2023-02-21,3552051.0,2023,2,1,Tuesday
226,114,2023-12-14,53046155.0,2023,12,4,Thursday
227,236,2024-01-16,10332787.0,2024,1,1,Tuesday
228,475,2024-01-19,18256112.0,2024,1,1,Friday
229,323,2023-01-12,43637296.0,2023,1,1,Thursday
230,40,2023-12-02,84719084.0,2023,12,4,Saturday
231,443,2023-12-01,1823202.0,2023,12,4,Friday
232,29,2023-03-21,134694048.0,2023,3,1,Tuesday
233,391,2023-11-23,19420755.0,2023,11,4,Thursday
234,152,2024-05-05,5057592.0,2024,5,2,Sunday
235,346,2023-02-23,147195665.0,2023,2,1,Thursday
236,434,2024-02-05,125888826.0,2024,2,1,Monday
237,307,2023-09-19,207211564.0,2023,9,3,Tuesday
238,44,2023-12-04,63032333.0,2023,12,4,Monday
239,404,2024-10-21,207006807.0,2024,10,4,Monday
240,247,2024-08-12,195524418.0,2024,8,3,Monday
241,113,2024-04-08,11242882.0,2024,4,2,Monday
242,35,2024-08-01,33025507.0,2024,8,3,Thursday
243,434,2023-03-05,201581543.0,2023,3,1,Sunday
244,458,2023-07-24,28395440.0,2023,7,3,Monday
245,419,2023-04-12,100606638.0,2023,4,2,Wednesday
246,330,2024-01-01,0.0,2024,1,1,Monday
247,302,2024-06-30,155569814.0,2024,6,2,Sunday
248,489,2024-08-09,3725575.0,2024,8,3,Friday
249,181,2023-10-30,182655674.0,2023,10,4,Monday
250,169,2024-01-03,10888371.0,2024,1,1,Wednesday
251,253,2023-10-06,46934265.0,2023,10,4,Friday
252,485,2024-04-17,0.0,2024,4,2,Wednesday
253,68,2023-04-19,0.0,2023,4,2,Wednesday
254,97,2024-03-29,116710139.0,2024,3,1,Friday
255,425,2023-03-14,104592009.0,2023,3,1,Tuesday
256,82,2024-03-05,19584176.0,2024,3,1,Tuesday
257,197,2023-11-19,18490296.0,2023,11,4,Sunday
258,145,2023-03-19,72487910.0,2023,3,1,Sunday
259,43,2024-03-03,74727771.0,2024,3,1,Sunday
260,419,2023-10-17,96971126.0,2023,10,4,Tuesday
261,232,2024-07-16,89052761.0,2024,7,3,Tuesday
262,27,2024-07-24,22980769.0,2024,7,3,Wednesday
263,450,2023-12-17,81189207.0,2023,12,4,Sunday
264,296,2023-04-27,67629877.0,2023,4,2,Thursday
265,350,2023-05-18,19467053.0,2023,5,2,Thursday
266,10,2024-09-16,44493270.0,2024,9,3,Monday
267,121,2023-10-21,80239119.0,2023,10,4,Saturday
268,438,2024-09-21,57202586.0,2024,9,3,Saturday
269,327,2023-10-08,8537520.0,2023,10,4,Sunday
270,301,2024-01-23,102667608.0,2024,1,1,Tuesday
271,348,2024-06-10,49139247.0,2024,6,2,Monday
272,199,2024-10-15,0.0,2024,10,4,Tuesday
273,422,2024-05-29,95004348.0,2024,5,2,Wednesday
274,125,2023-03-08,89803812.0,2023,3,1,Wednesday
275,388,2023-09-02,68715570.0,2023,9,3,Saturday
276,340,2023-05-06,57363210.0,2023,5,2,Saturday
277,95,2023-04-03,161051141.0,2023,4,2,Monday
278,491,2024-12-01,0.0,2024,12,4,Sunday
279,230,2023-06-15,74789476.0,2023,6,2,Thursday
280,49,2024-02-07,21511872.0,2024,2,1,Wednesday
281,486,2023-08-14,201521232.0,2023,8,3,Monday
282,286,2023-04-15,35501140.0,2023,4,2,Saturday
283,362,2024-06-02,38290284.0,2024,6,2,Sunday
284,12,2023-10-28,75583544.0,2023,10,4,Saturday
285,209,2024-01-15,23085713.0,2024,1,1,Monday
286,55,2024-04-15,19943330.0,2024,4,2,Monday
287,12,2023-04-05,55667615.0,2023,4,2,Wednesday
288,342,2023-01-21,6692100.0,2023,1,1,Saturday
289,476,2023-06-11,47188580.0,2023,6,2,Sunday
290,273,2023-03-02,47199453.0,2023,3,1,Thursday
291,204,2024-09-25,83643679.0,2024,9,3,Wednesday
292,266,2024-07-31,101134159.0,2024,7,3,Wednesday
293,49,2023-12-11,73225656.0,2023,12,4,Monday
294,190,2024-04-29,58803092.0,2024,4,2,Monday
295,10,2023-10-14,83442300.0,2023,10,4,Saturday
296,45,2024-12-13,79252624.0,2024,12,4,Friday
297,390,2023-04-23,67178500.0,2023,4,2,Sunday
298,59,2024-08-09,176870348.0,2024,8,3,Friday
299,120,2023-09-20,142334588.0,2023,9,3,Wednesday
300,363,2023-06-16,91702730.0,2023,6,2,Friday
301,499,2023-08-30,75923845.0,2023,8,3,Wednesday
302,9,2024-08-07,106284415.0,2024,8,3,Wednesday
303,447,2024-09-22,87388301.0,2024,9,3,Sunday
304,129,2024-03-25,47858529.0,2024,3,1,Monday
305,177,2023-05-21,57805789.0,2023,5,2,Sunday
306,357,2024-03-01,15968748.0,2024,3,1,Friday
307,172,2023-02-04,0.0,2023,2,1,Saturday
308,372,2023-11-09,74170570.0,2023,11,4,Thursday
309,62,2024-09-25,142222133.0,2024,9,3,Wednesday
310,490,2024-02-17,127221617.0,2024,2,1,Saturday
311,95,2024-09-17,0.0,2024,9,3,Tuesday
312,25,2024-06-08,22334170.0,2024,6,2,Saturday
313,38,2023-11-04,0.0,2023,11,4,Saturday
314,391,2023-03-26,61526508.0,2023,3,1,Sunday
315,305,2023-07-13,18835630.0,2023,7,3,Thursday
316,126,2023-01-26,101587108.0,2023,1,1,Thursday
317,408,2023-08-13,235693187.0,2023,8,3,Sunday
318,461,2024-09-14,70356013.0,2024,9,3,Saturday
319,202,2023-06-07,31538464.0,2023,6,2,Wednesday
320,415,2024-04-24,26025622.0,2024,4,2,Wednesday
321,413,2023-10-27,82436341.0,2023,10,4,Friday
322,146,2024-07-25,109000600.0,2024,7,3,Thursday
323,18,2023-08-28,154142108.0,2023,8,3,Monday
324,380,2024-08-28,0.0,2024,8,3,Wednesday
325,223,2024-03-23,0.0,2024,3,1,Saturday
326,435,2024-03-15,38152823.0,2024,3,1,Friday
327,105,2024-08-17,147945980.0,2024,8,3,Saturday
328,57,2024-02-27,79285319.0,2024,2,1,Tuesday
329,453,2024-04-22,44671998.0,2024,4,2,Monday
330,330,2024-08-15,12310011.0,2024,8,3,Thursday
331,320,2023-10-11,49284183.0,2023,10,4,Wednesday
332,211,2024-10-16,27887581.0,2024,10,4,Wednesday
333,275,2023-12-25,29797659.0,2023,12,4,Monday
334,127,2023-10-02,136790162.0,2023,10,4,Monday
335,58,2024-06-05,2607692.0,2024,6,2,Wednesday
336,460,2024-09-29,51065840.0,2024,9,3,Sunday
337,125,2024-10-10,14841155.0,2024,10,4,Thursday
338,132,2023-08-22,110956959.0,2023,8,3,Tuesday
339,151,2024-11-20,68969722.0,2024,11,4,Wednesday
340,403,2023-02-01,141158912.0,2023,2,1,Wednesday
341,143,2023-04-29,0.0,2023,4,2,Saturday
342,242,2024-12-10,104363297.0,2024,12,4,Tuesday
343,298,2024-04-17,43609572.0,2024,4,2,Wednesday
344,174,2024-12-04,40100448.0,2024,12,4,Wednesday
345,387,2024-03-01,142765696.0,2024,3,1,Friday
346,302,2024-06-11,53709196.0,2024,6,2,Tuesday
347,168,2024-03-31,12244815.0,2024,3,1,Sunday
348,204,2023-08-30,98230448.0,2023,8,3,Wednesday
349,458,2024-11-22,48473106.0,2024,11,4,Friday
350,304,2024-05-14,161748461.0,2024,5,2,Tuesday
351,206,2023-03-16,66256050.0,2023,3,1,Thursday
352,444,2024-05-15,120925090.0,2024,5,2,Wednesday
353,431,2023-07-12,44830686.0,2023,7,3,Wednesday
354,130,2023-08-04,131293045.0,2023,8,3,Friday
355,310,2023-05-17,17730678.0,2023,5,2,Wednesday
356,245,2024-10-26,35381810.0,2024,10,4,Saturday
357,290,2024-12-29,125467942.0,2024,12,4,Sunday
358,218,2024-10-30,37814607.0,2024,10,4,Wednesday
359,214,2023-06-20,68790568.0,2023,6,2,Tuesday
360,28,2023-10-26,137709720.0,2023,10,4,Thursday
361,248,2024-12-06,112267824.0,2024,12,4,Friday
362,290,2024-12-16,56756576.0,2024,12,4,Monday
363,95,2024-05-18,124570915.0,2024,5,2,Saturday
364,141,2023-03-15,43693384.0,2023,3,1,Wednesday
365,148,2024-12-27,72160753.0,2024,12,4,Friday
366,134,2023-09-12,109394977.0,2023,9,3,Tuesday
367,311,2023-05-25,27855872.0,2023,5,2,Thursday
368,275,2023-07-30,129184122.0,2023,7,3,Sunday
369,297,2024-03-12,17656947.0,2024,3,1,Tuesday
370,493,2024-05-24,132745814.0,2024,5,2,Friday
371,261,2023-02-15,38012790.0,2023,2,1,Wednesday
372,12,2024-05-03,0.0,2024,5,2,Friday
373,223,2023-09-11,7692256.0,2023,9,3,Monday
374,271,2024-06-27,66891612.0,2024,6,2,Thursday
375,178,2023-02-26,162262800.0,2023,2,1,Sunday
376,479,2024-05-06,48112603.0,2024,5,2,Monday
377,113,2023-05-29,13393611.0,2023,5,2,Monday
378,1,2024-04-16,115039296.0,2024,4,2,Tuesday
379,128,2023-06-09,52789528.0,2023,6,2,Friday
380,153,2023-06-14,52613910.0,2023,6,2,Wednesday
381,238,2024-02-04,2234043.0,2024,2,1,Sunday
382,92,2023-10-17,50270004.0,2023,10,4,Tuesday
383,407,2023-04-28,110614600.0,2023,4,2,Friday
384,140,2024-11-17,60150836.0,2024,11,4,Sunday
385,211,2023-06-02,7594056.0,2023,6,2,Friday
386,21,2023-07-27,19535362.0,2023,7,3,Thursday
387,340,2024-10-21,58253806.0,2024,10,4,Monday
388,413,2024-10-27,47343194.0,2024,10,4,Sunday
389,75,2023-11-24,184758084.0,2023,11,4,Friday
390,356,2024-07-14,176094735.0,2024,7,3,Sunday
391,277,2023-09-04,34627110.0,2023,9,3,Monday
392,279,2024-10-16,35173395.0,2024,10,4,Wednesday
393,493,2024-08-09,40780874.0,2024,8,3,Friday
394,403,2023-07-20,70763620.0,2023,7,3,Thursday
395,407,2024-11-17,60395705.0,2024,11,4,Sunday
396,372,2024-03-31,61574921.0,2024,3,1,Sunday
397,311,2024-06-30,141752198.0,2024,6,2,Sunday
398,320,2023-11-08,42147402.0,2023,11,4,Wednesday
399,22,2024-10-25,38162810.0,2024,10,4,Friday
400,22,2024-10-24,28367480.0,2024,10,4,Thursday
401,69,2024-07-28,71538301.0,2024,7,3,Sunday
402,30,2024-06-05,96241468.0,2024,6,2,Wednesday
403,406,2023-06-06,1554987.0,2023,6,2,Tuesday
404,146,2023-12-20,9917760.0,2023,12,4,Wednesday
405,190,2023-01-03,101329206.0,2023,1,1,Tuesday
406,44,2024-09-30,103545170.0,2024,9,3,Monday
407,145,2024-08-30,104617934.0,2024,8,3,Friday
408,172,2023-09-16,88946012.0,2023,9,3,Saturday
409,483,2024-02-19,13652071.0,2024,2,1,Monday
410,73,2023-06-04,84768010.0,2023,6,2,Sunday
411,126,2024-07-17,72567371.0,2024,7,3,Wednesday
412,441,2023-12-11,5079696.0,2023,12,4,Monday
413,227,2024-11-12,30741900.0,2024,11,4,Tuesday
414,486,2023-10-29,75948409.0,2023,10,4,Sunday
415,93,2023-12-19,18830138.0,2023,12,4,Tuesday
416,91,2024-06-14,77961031.0,2024,6,2,Friday
417,438,2023-07-02,52902779.0,2023,7,3,Sunday
418,137,2024-04-03,0.0,2024,4,2,Wednesday
419,46,2023-12-25,73773788.0,2023,12,4,Monday
420,351,2023-03-12,63459048.0,2023,3,1,Sunday
421,37,2024-02-01,40615764.0,2024,2,1,Thursday
422,458,2023-09-10,110892196.0,2023,9,3,Sunday
423,25,2024-05-28,9398679.0,2024,5,2,Tuesday
424,401,2023-01-13,63228613.0,2023,1,1,Friday
425,330,2024-11-21,118122440.0,2024,11,4,Thursday
426,401,2024-07-14,71041020.0,2024,7,3,Sunday
427,235,2024-10-12,39571634.0,2024,10,4,Saturday
428,201,2023-11-27,37013020.0,2023,11,4,Monday
429,320,2024-12-13,133994098.0,2024,12,4,Friday
430,362,2024-04-18,149734153.0,2024,4,2,Thursday
431,79,2023-01-07,23129095.0,2023,1,1,Saturday
432,14,2023-07-17,49980786.0,2023,7,3,Monday
433,486,2023-07-20,100458344.0,2023,7,3,Thursday
434,258,2024-07-17,0.0,2024,7,3,Wednesday
435,235,2024-08-09,87408487.0,2024,8,3,Friday
436,342,2023-10-18,28531452.0,2023,10,4,Wednesday
437,150,2024-01-06,7637060.0,2024,1,1,Saturday
438,263,2024-09-28,95915198.0,2024,9,3,Saturday
439,167,2023-02-17,94099207.0,2023,2,1,Friday
440,469,2024-11-12,42779052.0,2024,11,4,Tuesday
441,253,2024-08-13,73548759.0,2024,8,3,Tuesday
442,116,2023-05-12,35164938.0,2023,5,2,Friday
443,487,2024-05-26,111345143.0,2024,5,2,Sunday
444,124,2023-04-18,10309716.0,2023,4,2,Tuesday
445,306,2024-10-21,140416306.0,2024,10,4,Monday
446,256,2023-11-28,0.0,2023,11,4,Tuesday
447,76,2024-09-07,84846122.0,2024,9,3,Saturday
448,116,2023-11-07,32473440.0,2023,11,4,Tuesday
449,436,2023-04-14,144454726.0,2023,4,2,Friday
450,62,2024-06-03,35192292.0,2024,6,2,Monday
451,495,2024-06-24,2154608.0,2024,6,2,Monday
452,75,2024-03-22,82151318.0,2024,3,1,Friday
453,74,2023-05-05,46448187.0,2023,5,2,Friday
454,322,2023-05-13,70799836.0,2023,5,2,Saturday
455,221,2023-08-29,159724274.0,2023,8,3,Tuesday
456,143,2024-08-15,3839457.0,2024,8,3,Thursday
457,352,2024-12-15,51248854.0,2024,12,4,Sunday
458,439,2023-10-24,191762111.0,2023,10,4,Tuesday
459,213,2024-11-07,81904933.0,2024,11,4,Thursday
460,187,2023-05-23,108096420.0,2023,5,2,Tuesday
461,154,2024-10-15,69021108.0,2024,10,4,Tuesday
462,90,2023-12-27,19312470.0,2023,12,4,Wednesday
463,444,2023-08-08,85395528.0,2023,8,3,Tuesday
464,246,2023-12-12,955345.0,2023,12,4,Tuesday
465,213,2024-04-10,0.0,2024,4,2,Wednesday
466,472,2024-09-06,110650317.0,2024,9,3,Friday
467,365,2023-12-04,116681417.0,2023,12,4,Monday
468,57,2024-08-29,40172560.0,2024,8,3,Thursday
469,197,2023-03-06,72869202.0,2023,3,1,Monday
470,58,2024-01-10,124371011.0,2024,1,1,Wednesday
471,342,2024-01-24,64379659.0,2024,1,1,Wednesday
472,114,2023-05-10,61070766.0,2023,5,2,Wednesday
473,407,2024-12-28,48571717.0,2024,12,4,Saturday
474,401,2023-08-06,5866668.0,2023,8,3,Sunday
475,418,2023-08-09,69375346.0,2023,8,3,Wednesday
476,369,2023-08-25,51455940.0,2023,8,3,Friday
477,85,2023-01-02,178297970.0,2023,1,1,Monday
478,414,2023-07-17,16351252.0,2023,7,3,Monday
479,223,2023-12-16,6992960.0,2023,12,4,Saturday
480,443,2024-05-05,0.0,2024,5,2,Sunday
481,271,2024-02-19,131550296.0,2024,2,1,Monday
482,497,2024-04-13,88514876.0,2024,4,2,Saturday
483,319,2024-01-27,16750320.0,2024,1,1,Saturday
484,311,2024-01-04,65826778.0,2024,1,1,Thursday
485,310,2024-01-29,0.0,2024,1,1,Monday
486,56,2023-08-18,41422838.0,2023,8,3,Friday
487,346,2024-03-25,116201914.0,2024,3,1,Monday
488,479,2023-06-02,37991230.0,2023,6,2,Friday
489,244,2023-05-11,35216928.0,2023,5,2,Thursday
490,68,2023-01-05,126002960.0,2023,1,1,Thursday
491,14,2023-04-24,74325088.0,2023,4,2,Monday
492,29,2024-02-29,0.0,2024,2,1,Thursday
493,395,2024-09-20,124143302.0,2024,9,3,Friday
494,360,2023-11-11,132567233.0,2023,11,4,Saturday
495,465,2023-05-26,15695064.0,2023,5,2,Friday
496,111,2023-03-15,87334962.0,2023,3,1,Wednesday
497,136,2023-08-04,80333359.0,2023,8,3,Friday
498,27,2023-10-15,108685018.0,2023,10,4,Sunday
499,303,2023-02-12,98003300.0,2023,2,1,Sunday
500,161,2024-11-03,49864855.0,2024,11,4,Sunday
501,43,2024-06-15,148640287.0,2024,6,2,Saturday
502,104,2023-10-23,37072840.0,2023,10,4,Monday
503,83,2024-02-03,0.0,2024,2,1,Saturday
504,263,2023-12-27,0.0,2023,12,4,Wednesday
505,234,2023-03-21,41979296.0,2023,3,1,Tuesday
506,296,2024-11-01,19825510.0,2024,11,4,Friday
507,466,2024-06-01,0.0,2024,6,2,Saturday
508,412,2023-12-07,27579014.0,2023,12,4,Thursday
509,288,2024-03-27,35067540.0,2024,3,1,Wednesday
510,316,2023-11-19,101924626.0,2023,11,4,Sunday
511,30,2023-10-22,81720030.0,2023,10,4,Sunday
512,339,2023-08-23,50003985.0,2023,8,3,Wednesday
513,196,2023-09-22,42915549.0,2023,9,3,Friday
514,41,2024-08-21,54829183.0,2024,8,3,Wednesday
515,83,2024-11-05,3632579.0,2024,11,4,Tuesday
516,113,2024-09-11,71931325.0,2024,9,3,Wednesday
517,258,2024-11-15,17816747.0,2024,11,4,Friday
518,134,2023-10-23,16637761.0,2023,10,4,Monday
519,371,2024-02-21,63424462.0,2024,2,1,Wednesday
520,414,2024-11-02,93450007.0,2024,11,4,Saturday
521,260,2023-04-21,118041197.0,2023,4,2,Friday
522,4,2023-02-19,37484772.0,2023,2,1,Sunday
523,213,2024-12-27,52828818.0,2024,12,4,Friday
524,441,2024-12-30,26644080.0,2024,12,4,Monday
525,246,2023-06-11,0.0,2023,6,2,Sunday
526,62,2024-11-12,101549100.0,2024,11,4,Tuesday
527,320,2023-12-24,60381997.0,2023,12,4,Sunday
528,69,2024-07-03,86656329.0,2024,7,3,Wednesday
529,261,2024-01-08,18762951.0,2024,1,1,Monday
530,499,2023-02-14,31824426.0,2023,2,1,Tuesday
531,378,2023-05-20,122859152.0,2023,5,2,Saturday
532,417,2024-03-22,69597674.0,2024,3,1,Friday
533,413,2024-02-02,33425361.0,2024,2,1,Friday
534,421,2023-10-14,27737023.0,2023,10,4,Saturday
535,213,2023-01-21,0.0,2023,1,1,Saturday
536,250,2024-08-06,27453210.0,2024,8,3,Tuesday
537,491,2024-03-08,5420928.0,2024,3,1,Friday
538,196,2023-04-05,85689311.0,2023,4,2,Wednesday
539,472,2023-01-19,77282449.0,2023,1,1,Thursday
540,76,2023-12-05,135714169.0,2023,12,4,Tuesday
541,279,2024-04-12,17145324.0,2024,4,2,Friday
542,308,2024-04-11,48746514.0,2024,4,2,Thursday
543,349,2024-02-08,120722989.0,2024,2,1,Thursday
544,105,2024-08-26,77198568.0,2024,8,3,Monday
545,106,2024-06-02,42665706.0,2024,6,2,Sunday
546,121,2024-06-02,0.0,2024,6,2,Sunday
547,246,2024-08-10,118528798.0,2024,8,3,Saturday
548,15,2023-06-16,33697999.0,2023,6,2,Friday
549,344,2024-06-14,30472545.0,2024,6,2,Friday
550,404,2023-04-12,152825042.0,2023,4,2,Wednesday
551,125,2023-11-15,9653907.0,2023,11,4,Wednesday
552,294,2024-03-11,88900621.0,2024,3,1,Monday
553,183,2024-01-21,79233863.0,2024,1,1,Sunday
554,221,2023-04-28,3669068.0,2023,4,2,Friday
555,156,2024-02-18,128563357.0,2024,2,1,Sunday
556,497,2024-09-05,0.0,2024,9,3,Thursday
557,226,2024-03-12,70435056.0,2024,3,1,Tuesday
558,111,2024-12-28,34736004.0,2024,12,4,Saturday
559,168,2024-03-18,40196474.0,2024,3,1,Monday
560,283,2024-12-24,43106616.0,2024,12,4,Tuesday
561,302,2023-04-27,134760017.0,2023,4,2,Thursday
562,370,2023-11-01,12129315.0,2023,11,4,Wednesday
563,54,2024-05-24,1135590.0,2024,5,2,Friday
564,266,2024-05-30,831133.0,2024,5,2,Thursday
565,304,2024-06-09,24593502.0,2024,6,2,Sunday
566,381,2023-03-26,34478094.0,2023,3,1,Sunday
567,125,2024-06-15,0.0,2024,6,2,Saturday
568,19,2024-09-09,23218942.0,2024,9,3,Monday
569,162,2024-09-04,0.0,2024,9,3,Wednesday
570,387,2024-05-31,124587702.0,2024,5,2,Friday
571,374,2023-10-09,68839109.0,2023,10,4,Monday
572,147,2023-01-13,122650815.0,2023,1,1,Friday
573,293,2024-02-18,47467342.0,2024,2,1,Sunday
574,110,2023-09-10,0.0,2023,9,3,Sunday
575,196,2024-08-05,140877937.0,2024,8,3,Monday
576,381,2024-10-24,41140755.0,2024,10,4,Thursday
577,276,2024-12-24,64682560.0,2024,12,4,Tuesday
578,339,2024-06-11,37027745.0,2024,6,2,Tuesday
579,356,2024-07-13,101120175.0,2024,7,3,Saturday
580,152,2023-07-02,98766854.0,2023,7,3,Sunday
581,44,2023-03-19,11862928.0,2023,3,1,Sunday
582,112,2023-10-19,0.0,2023,10,4,Thursday
583,325,2024-01-25,96318794.0,2024,1,1,Thursday
584,476,2024-12-24,57910420.0,2024,12,4,Tuesday
585,386,2024-01-30,20077560.0,2024,1,1,Tuesday
586,366,2024-11-15,31556949.0,2024,11,4,Friday
587,269,2023-07-31,93511740.0,2023,7,3,Monday
588,439,2024-07-16,8913877.0,2024,7,3,Tuesday
589,362,2023-02-06,0.0,2023,2,1,Monday
590,381,2024-02-01,49741167.0,2024,2,1,Thursday
591,140,2023-05-13,71763119.0,2023,5,2,Saturday
592,184,2024-10-10,40675605.0,2024,10,4,Thursday
593,381,2023-04-29,24142.0,2023,4,2,Saturday
594,323,2024-01-20,201090442.0,2024,1,1,Saturday
595,72,2024-09-05,16307880.0,2024,9,3,Thursday
596,117,2023-04-09,80517412.0,2023,4,2,Sunday
597,473,2023-08-18,22995564.0,2023,8,3,Friday
598,426,2023-04-19,25364053.0,2023,4,2,Wednesday
599,376,2023-12-19,99822355.0,2023,12,4,Tuesday
600,249,2024-11-13,62501808.0,2024,11,4,Wednesday
601,65,2023-05-10,105873468.0,2023,5,2,Wednesday
602,32,2024-04-08,98699030.0,2024,4,2,Monday
603,230,2023-04-24,9389616.0,2023,4,2,Monday
604,55,2024-02-16,30949343.0,2024,2,1,Friday
605,12,2023-05-07,32595308.0,2023,5,2,Sunday
606,164,2023-06-04,39616274.0,2023,6,2,Sunday
607,119,2024-09-01,2007756.0,2024,9,3,Sunday
608,227,2024-12-22,140216438.0,2024,12,4,Sunday
609,459,2023-01-07,71418259.0,2023,1,1,Saturday
610,228,2023-01-03,90855308.0,2023,1,1,Tuesday
611,28,2024-03-23,100026250.0,2024,3,1,Saturday
612,451,2023-03-07,78072680.0,2023,3,1,Tuesday
613,342,2024-11-02,32972568.0,2024,11,4,Saturday
614,5,2023-09-22,41251201.0,2023,9,3,Friday
615,294,2024-03-14,53590380.0,2024,3,1,Thursday
616,329,2023-01-05,10202295.0,2023,1,1,Thursday
617,116,2023-07-19,18746305.0,2023,7,3,Wednesday
618,183,2023-07-12,21537263.0,2023,7,3,Wednesday
619,424,2024-10-18,37203655.0,2024,10,4,Friday
620,386,2023-09-03,58927656.0,2023,9,3,Sunday
621,81,2024-03-18,13238708.0,2024,3,1,Monday
622,375,2023-03-02,76124278.0,2023,3,1,Thursday
623,157,2024-02-13,10131556.0,2024,2,1,Tuesday
624,51,2024-03-22,86190140.0,2024,3,1,Friday
625,267,2023-08-20,46654340.0,2023,8,3,Sunday
626,337,2023-04-26,114846539.0,2023,4,2,Wednesday
627,176,2023-01-16,168478314.0,2023,1,1,Monday
628,194,2023-02-24,56271630.0,2023,2,1,Friday
629,53,2023-11-02,60605461.0,2023,11,4,Thursday
630,415,2024-01-29,11249384.0,2024,1,1,Monday
631,44,2023-01-29,29992842.0,2023,1,1,Sunday
632,178,2024-07-30,103943704.0,2024,7,3,Tuesday
633,33,2023-09-15,49152667.0,2023,9,3,Friday
634,275,2024-12-12,0.0,2024,12,4,Thursday
635,136,2023-10-01,0.0,2023,10,4,Sunday
636,114,2024-06-18,89806430.0,2024,6,2,Tuesday
637,359,2024-01-05,31952893.0,2024,1,1,Friday
638,113,2024-10-07,7958952.0,2024,10,4,Monday
639,91,2023-12-16,42375851.0,2023,12,4,Saturday
640,474,2024-08-12,71097680.0,2024,8,3,Monday
641,57,2024-11-16,184533030.0,2024,11,4,Saturday
642,220,2023-08-25,123163361.0,2023,8,3,Friday
643,441,2024-06-28,114101161.0,2024,6,2,Friday
644,373,2023-06-02,30906300.0,2023,6,2,Friday
645,279,2023-12-21,36530718.0,2023,12,4,Thursday
646,484,2024-05-18,69907287.0,2024,5,2,Saturday
647,220,2024-06-29,14155404.0,2024,6,2,Saturday
648,262,2023-08-12,9653907.0,2023,8,3,Saturday
649,363,2024-06-25,56522110.0,2024,6,2,Tuesday
650,386,2024-07-31,140624728.0,2024,7,3,Wednesday
651,389,2023-08-10,7828011.0,2023,8,3,Thursday
652,418,2023-11-01,127092315.0,2023,11,4,Wednesday
653,447,2024-03-12,138656207.0,2024,3,1,Tuesday
654,343,2024-09-14,156145448.0,2024,9,3,Saturday
655,225,2024-04-17,4119431.0,2024,4,2,Wednesday
656,387,2024-07-21,14880760.0,2024,7,3,Sunday
657,398,2024-08-02,59495337.0,2024,8,3,Friday
658,123,2024-07-19,8445251.0,2024,7,3,Friday
659,203,2024-05-14,0.0,2024,5,2,Tuesday
660,21,2023-02-26,16652125.0,2023,2,1,Sunday
661,340,2024-05-02,67674296.0,2024,5,2,Thursday
662,291,2023-11-03,33212652.0,2023,11,4,Friday
663,274,2023-06-04,5057150.0,2023,6,2,Sunday
664,139,2024-11-08,71092895.0,2024,11,4,Friday
665,287,2024-05-04,51940665.0,2024,5,2,Saturday
666,272,2024-02-29,68620073.0,2024,2,1,Thursday
667,263,2023-12-20,156887085.0,2023,12,4,Wednesday
668,251,2024-10-09,40251656.0,2024,10,4,Wednesday
669,46,2023-01-22,59232674.0,2023,1,1,Sunday
670,428,2024-02-06,0.0,2024,2,1,Tuesday
671,475,2023-12-25,89300846.0,2023,12,4,Monday
672,388,2024-02-01,110595268.0,2024,2,1,Thursday
673,35,2023-01-23,36185106.0,2023,1,1,Monday
674,492,2023-04-29,149456985.0,2023,4,2,Saturday
675,164,2024-11-24,111047106.0,2024,11,4,Sunday
676,291,2023-07-26,0.0,2023,7,3,Wednesday
677,383,2023-02-21,101311178.0,2023,2,1,Tuesday
678,310,2023-11-09,13634624.0,2023,11,4,Thursday
679,450,2024-01-30,46729695.0,2024,1,1,Tuesday
680,355,2023-09-21,0.0,2023,9,3,Thursday
681,190,2023-08-31,68958530.0,2023,8,3,Thursday
682,441,2024-07-08,273999778.0,2024,7,3,Monday
683,373,2023-09-15,11572286.0,2023,9,3,Friday
684,197,2023-01-26,48867328.0,2023,1,1,Thursday
685,1,2024-07-29,38714772.0,2024,7,3,Monday
686,412,2024-02-24,17747616.0,2024,2,1,Saturday
687,249,2024-02-19,47813025.0,2024,2,1,Monday
688,311,2023-12-13,78800274.0,2023,12,4,Wednesday
689,127,2023-03-08,61797055.0,2023,3,1,Wednesday
690,397,2024-02-20,82920154.0,2024,2,1,Tuesday
691,279,2023-06-05,92333608.0,2023,6,2,Monday
692,242,2024-04-25,111527216.0,2024,4,2,Thursday
693,76,2023-08-14,116371907.0,2023,8,3,Monday
694,493,2024-01-02,0.0,2024,1,1,Tuesday
695,374,2024-09-10,67761880.0,2024,9,3,Tuesday
696,401,2023-10-22,8378334.0,2023,10,4,Sunday
697,311,2024-12-03,63744881.0,2024,12,4,Tuesday
698,393,2024-01-23,35134560.0,2024,1,1,Tuesday
699,222,2024-02-09,38531402.0,2024,2,1,Friday
700,461,2024-12-29,29729157.0,2024,12,4,Sunday
701,188,2023-05-03,82401319.0,2023,5,2,Wednesday
702,45,2023-12-23,126717763.0,2023,12,4,Saturday
703,376,2024-07-14,33033760.0,2024,7,3,Sunday
704,88,2023-11-16,5232980.0,2023,11,4,Thursday
705,88,2024-03-08,8410144.0,2024,3,1,Friday
706,267,2024-02-04,74416960.0,2024,2,1,Sunday
707,440,2023-01-28,23675321.0,2023,1,1,Saturday
708,216,2024-01-28,46566446.0,2024,1,1,Sunday
709,382,2024-03-28,70340177.0,2024,3,1,Thursday
710,296,2023-11-07,134517411.0,2023,11,4,Tuesday
711,391,2023-11-17,97433223.0,2023,11,4,Friday
712,185,2024-03-01,0.0,2024,3,1,Friday
713,40,2024-10-15,57812734.0,2024,10,4,Tuesday
714,209,2024-04-27,152586286.0,2024,4,2,Saturday
715,146,2023-07-07,0.0,2023,7,3,Friday
716,294,2023-02-04,21449269.0,2023,2,1,Saturday
717,85,2023-01-17,92072407.0,2023,1,1,Tuesday
718,465,2024-04-04,92522237.0,2024,4,2,Thursday
719,492,2024-12-01,0.0,2024,12,4,Sunday
720,101,2024-04-24,0.0,2024,4,2,Wednesday
721,303,2024-04-15,0.0,2024,4,2,Monday
722,208,2024-12-08,45493092.0,2024,12,4,Sunday
723,468,2024-04-26,160101983.0,2024,4,2,Friday
724,285,2023-01-08,187045711.0,2023,1,1,Sunday
725,435,2024-06-18,47195139.0,2024,6,2,Tuesday
726,112,2024-11-09,107984694.0,2024,11,4,Saturday
727,243,2023-10-04,64742070.0,2023,10,4,Wednesday
728,383,2024-10-16,44486065.0,2024,10,4,Wednesday
729,389,2023-04-12,80037060.0,2023,4,2,Wednesday
730,154,2023-07-14,114082041.0,2023,7,3,Friday
731,164,2023-11-24,19269665.0,2023,11,4,Friday
732,312,2024-10-04,61241199.0,2024,10,4,Friday
733,47,2024-12-13,116111157.0,2024,12,4,Friday
734,488,2023-10-19,7222215.0,2023,10,4,Thursday
735,39,2023-02-03,27496205.0,2023,2,1,Friday
736,322,2023-12-15,81126688.0,2023,12,4,Friday
737,87,2023-10-13,24279380.0,2023,10,4,Friday
738,465,2023-12-31,162129983.0,2023,12,4,Sunday
739,131,2024-07-05,10486638.0,2024,7,3,Friday
740,463,2023-10-13,96429133.0,2023,10,4,Friday
741,430,2023-12-17,65366345.0,2023,12,4,Sunday
742,18,2023-08-14,0.0,2023,8,3,Monday
743,334,2023-10-04,73849296.0,2023,10,4,Wednesday
744,86,2024-06-26,10982072.0,2024,6,2,Wednesday
745,479,2024-06-15,7896398.0,2024,6,2,Saturday
746,84,2023-03-06,49712896.0,2023,3,1,Monday
747,324,2023-01-02,90149136.0,2023,1,1,Monday
748,6,2023-06-25,38160597.0,2023,6,2,Sunday
749,405,2024-09-15,75117883.0,2024,9,3,Sunday
750,245,2023-04-06,76992304.0,2023,4,2,Thursday
751,298,2024-05-03,37715188.0,2024,5,2,Friday
752,244,2024-02-21,38265228.0,2024,2,1,Wednesday
753,112,2023-12-07,7796252.0,2023,12,4,Thursday
754,461,2023-08-13,110745818.0,2023,8,3,Sunday
755,104,2024-12-28,0.0,2024,12,4,Saturday
756,165,2024-01-03,46344738.0,2024,1,1,Wednesday
757,114,2024-12-30,70830917.0,2024,12,4,Monday
758,489,2024-02-23,13728130.0,2024,2,1,Friday
759,401,2024-05-21,46854037.0,2024,5,2,Tuesday
760,44,2024-12-02,65744697.0,2024,12,4,Monday
761,418,2023-09-01,20789566.0,2023,9,3,Friday
762,29,2024-11-27,2205655.0,2024,11,4,Wednesday
763,366,2023-05-15,71304995.0,2023,5,2,Monday
764,257,2023-07-30,20002878.0,2023,7,3,Sunday
765,173,2024-09-10,37300575.0,2024,9,3,Tuesday
766,274,2024-04-17,92970556.0,2024,4,2,Wednesday
767,338,2024-07-18,96737496.0,2024,7,3,Thursday
768,398,2024-05-08,70022190.0,2024,5,2,Wednesday
769,470,2023-12-07,112777305.0,2023,12,4,Thursday
770,329,2023-09-27,38240944.0,2023,9,3,Wednesday
771,81,2024-05-30,14478978.0,2024,5,2,Thursday
772,193,2024-01-16,0.0,2024,1,1,Tuesday
773,336,2024-05-07,2591320.0,2024,5,2,Tuesday
774,331,2024-08-06,188807686.0,2024,8,3,Tuesday
775,304,2023-02-12,65781073.0,2023,2,1,Sunday
776,495,2023-05-25,30082381.0,2023,5,2,Thursday
777,20,2023-07-20,48322128.0,2023,7,3,Thursday
778,449,2024-01-30,55124318.0,2024,1,1,Tuesday
779,270,2024-05-05,71119270.0,2024,5,2,Sunday
780,474,2024-10-09,3346654.0,2024,10,4,Wednesday
781,186,2024-12-17,28351719.0,2024,12,4,Tuesday
782,4,2024-12-10,686687.0,2024,12,4,Tuesday
783,320,2024-05-30,113372332.0,2024,5,2,Thursday
784,416,2023-06-15,155677699.0,2023,6,2,Thursday
785,381,2024-06-15,156158384.0,2024,6,2,Saturday
786,277,2023-05-05,70142405.0,2023,5,2,Friday
787,179,2023-11-29,41581352.0,2023,11,4,Wednesday
788,486,2023-02-25,19574002.0,2023,2,1,Saturday
789,144,2024-04-16,71564378.0,2024,4,2,Tuesday
790,415,2024-05-09,107073704.0,2024,5,2,Thursday
791,277,2023-02-07,85807053.0,2023,2,1,Tuesday
792,186,2024-11-19,205907400.0,2024,11,4,Tuesday
793,341,2024-12-04,20801583.0,2024,12,4,Wednesday
794,31,2024-12-26,78725174.0,2024,12,4,Thursday
795,200,2023-02-16,43718837.0,2023,2,1,Thursday
796,495,2023-01-04,70957476.0,2023,1,1,Wednesday
797,220,2024-12-28,61791920.0,2024,12,4,Saturday
798,185,2023-04-03,147298015.0,2023,4,2,Monday
799,246,2023-06-07,36393797.0,2023,6,2,Wednesday
800,354,2024-08-05,31782451.0,2024,8,3,Monday
801,192,2023-05-20,74954280.0,2023,5,2,Saturday
802,284,2023-10-26,54176306.0,2023,10,4,Thursday
803,330,2024-06-19,85223816.0,2024,6,2,Wednesday
804,114,2024-06-14,1266477.0,2024,6,2,Friday
805,58,2024-08-31,13109362.0,2024,8,3,Saturday
806,371,2024-08-31,94553118.0,2024,8,3,Saturday
807,313,2024-05-21,92201875.0,2024,5,2,Tuesday
808,375,2024-11-26,57973870.0,2024,11,4,Tuesday
809,255,2024-05-10,49891890.0,2024,5,2,Friday
810,390,2023-05-29,208238204.0,2023,5,2,Monday
811,339,2023-04-22,42593175.0,2023,4,2,Saturday
812,310,2024-08-25,213366546.0,2024,8,3,Sunday
813,133,2023-10-07,11775219.0,2023,10,4,Saturday
814,475,2023-08-01,0.0,2023,8,3,Tuesday
815,356,2023-06-07,80489529.0,2023,6,2,Wednesday
816,389,2023-07-10,320199341.0,2023,7,3,Monday
817,57,2024-03-10,20200680.0,2024,3,1,Sunday
818,111,2023-09-13,131298104.0,2023,9,3,Wednesday
819,333,2024-09-06,107613237.0,2024,9,3,Friday
820,161,2024-08-28,30273215.0,2024,8,3,Wednesday
821,437,2024-07-19,110226365.0,2024,7,3,Friday
822,125,2023-12-07,141617130.0,2023,12,4,Thursday
823,285,2024-02-13,22353206.0,2024,2,1,Tuesday
824,142,2024-07-19,69079850.0,2024,7,3,Friday
825,218,2024-05-02,101008654.0,2024,5,2,Thursday
826,415,2024-10-04,111812848.0,2024,10,4,Friday
827,464,2024-11-21,42467126.0,2024,11,4,Thursday
828,133,2024-01-03,0.0,2024,1,1,Wednesday
829,269,2023-10-14,20438856.0,2023,10,4,Saturday
830,429,2024-06-20,26528440.0,2024,6,2,Thursday
831,362,2023-08-01,107350979.0,2023,8,3,Tuesday
832,94,2023-02-01,74144782.0,2023,2,1,Wednesday
833,88,2023-01-12,21576369.0,2023,1,1,Thursday
834,32,2023-07-26,99154124.0,2023,7,3,Wednesday
835,310,2024-05-28,95832168.0,2024,5,2,Tuesday
836,173,2023-04-03,139351658.0,2023,4,2,Monday
837,400,2024-08-05,115713708.0,2024,8,3,Monday
838,242,2023-03-19,53906352.0,2023,3,1,Sunday
839,446,2023-01-21,40919870.0,2023,1,1,Saturday
840,481,2023-02-28,67296311.0,2023,2,1,Tuesday
841,458,2024-08-15,82057754.0,2024,8,3,Thursday
842,493,2024-02-21,80801335.0,2024,2,1,Wednesday
843,273,2024-08-03,35989618.0,2024,8,3,Saturday
844,279,2024-07-10,129540557.0,2024,7,3,Wednesday
845,308,2024-05-13,114906156.0,2024,5,2,Monday
846,10,2024-09-13,25227629.0,2024,9,3,Friday
847,93,2024-01-17,32604381.0,2024,1,1,Wednesday
848,30,2023-10-18,235657813.0,2023,10,4,Wednesday
849,273,2024-12-24,58471890.0,2024,12,4,Tuesday
850,274,2024-07-04,3226494.0,2024,7,3,Thursday
851,376,2024-06-08,152583865.0,2024,6,2,Saturday
852,481,2024-02-01,51369927.0,2024,2,1,Thursday
853,305,2024-09-21,16747218.0,2024,9,3,Saturday
854,499,2024-06-22,12351180.0,2024,6,2,Saturday
855,326,2024-11-10,113024097.0,2024,11,4,Sunday
856,380,2024-12-09,0.0,2024,12,4,Monday
857,418,2024-06-17,33163777.0,2024,6,2,Monday
858,31,2024-02-08,20503576.0,2024,2,1,Thursday
859,321,2024-04-12,39566668.0,2024,4,2,Friday
860,490,2023-11-09,16999170.0,2023,11,4,Thursday
861,326,2024-09-03,20508237.0,2024,9,3,Tuesday
862,432,2023-06-17,56074843.0,2023,6,2,Saturday
863,3,2023-11-13,62290578.0,2023,11,4,Monday
864,263,2023-06-28,4219859.0,2023,6,2,Wednesday
865,178,2023-01-08,48247365.0,2023,1,1,Sunday
866,407,2024-10-17,19558717.0,2024,10,4,Thursday
867,233,2024-07-17,93889868.0,2024,7,3,Wednesday
868,465,2023-06-23,192052785.0,2023,6,2,Friday
869,332,2024-05-15,137613448.0,2024,5,2,Wednesday
870,283,2023-02-24,58820568.0,2023,2,1,Friday
871,80,2023-03-13,20019624.0,2023,3,1,Monday
872,347,2023-09-26,24435058.0,2023,9,3,Tuesday
873,362,2023-05-22,74179747.0,2023,5,2,Monday
874,400,2024-03-08,261333215.0,2024,3,1,Friday
875,441,2024-09-16,48600746.0,2024,9,3,Monday
876,465,2024-02-22,0.0,2024,2,1,Thursday
877,198,2024-12-25,34802316.0,2024,12,4,Wednesday
878,6,2023-03-25,61592887.0,2023,3,1,Saturday
879,339,2024-04-03,38159308.0,2024,4,2,Wednesday
880,232,2024-07-28,27967307.0,2024,7,3,Sunday
881,153,2024-10-14,74711166.0,2024,10,4,Monday
882,485,2024-04-08,142153605.0,2024,4,2,Monday
883,211,2023-05-09,68686658.0,2023,5,2,Tuesday
884,145,2023-12-22,62005864.0,2023,12,4,Friday
885,121,2023-01-17,8325136.0,2023,1,1,Tuesday
886,130,2024-04-09,79823474.0,2024,4,2,Tuesday
887,390,2023-05-19,26724604.0,2023,5,2,Friday
888,462,2024-01-02,69751288.0,2024,1,1,Tuesday
889,382,2023-01-11,121869611.0,2023,1,1,Wednesday
890,77,2024-03-12,34327235.0,2024,3,1,Tuesday
891,163,2024-10-27,48607056.0,2024,10,4,Sunday
892,2,2023-12-30,19157910.0,2023,12,4,Saturday
893,415,2024-04-15,0.0,2024,4,2,Monday
894,243,2024-10-09,9949204.0,2024,10,4,Wednesday
895,385,2024-03-11,34346529.0,2024,3,1,Monday
896,245,2023-06-28,44005721.0,2023,6,2,Wednesday
897,54,2023-02-26,30932656.0,2023,2,1,Sunday
898,356,2023-11-10,26095601.0,2023,11,4,Friday
899,430,2024-04-09,0.0,2024,4,2,Tuesday
900,3,2023-11-02,46834637.0,2023,11,4,Thursday
901,390,2023-06-30,140191182.0,2023,6,2,Friday
902,472,2023-03-04,62456237.0,2023,3,1,Saturday
903,402,2023-05-22,108663821.0,2023,5,2,Monday
904,188,2023-08-16,70329016.0,2023,8,3,Wednesday
905,374,2023-06-22,87535866.0,2023,6,2,Thursday
906,69,2023-11-21,26542240.0,2023,11,4,Tuesday
907,241,2024-01-12,67238245.0,2024,1,1,Friday
908,218,2023-04-20,132588291.0,2023,4,2,Thursday
909,152,2023-01-02,3657876.0,2023,1,1,Monday
910,360,2023-03-04,106941048.0,2023,3,1,Saturday
911,311,2024-04-26,51069755.0,2024,4,2,Friday
912,30,2023-02-11,54264503.0,2023,2,1,Saturday
913,208,2024-02-16,85400333.0,2024,2,1,Friday
914,142,2024-03-16,37168686.0,2024,3,1,Saturday
915,422,2024-08-25,67880974.0,2024,8,3,Sunday
916,487,2023-11-25,0.0,2023,11,4,Saturday
917,193,2023-09-02,140779261.0,2023,9,3,Saturday
918,72,2023-08-09,72592256.0,2023,8,3,Wednesday
919,251,2024-09-02,35249642.0,2024,9,3,Monday
920,131,2024-07-28,39047435.0,2024,7,3,Sunday
921,204,2024-07-13,108389765.0,2024,7,3,Saturday
922,114,2023-02-15,33195299.0,2023,2,1,Wednesday
923,489,2023-08-02,18194441.0,2023,8,3,Wednesday
924,47,2023-05-12,70689186.0,2023,5,2,Friday
925,187,2023-01-30,55477084.0,2023,1,1,Monday
926,275,2024-08-14,93612615.0,2024,8,3,Wednesday
927,282,2023-04-14,48119640.0,2023,4,2,Friday
928,73,2024-06-26,133386064.0,2024,6,2,Wednesday
929,275,2024-11-14,129261338.0,2024,11,4,Thursday
930,328,2024-01-11,42216500.0,2024,1,1,Thursday
931,92,2024-04-23,63912371.0,2024,4,2,Tuesday
932,295,2024-02-05,23167739.0,2024,2,1,Monday
933,173,2024-07-24,43429728.0,2024,7,3,Wednesday
934,102,2023-08-13,4174839.0,2023,8,3,Sunday
935,277,2023-05-07,18115555.0,2023,5,2,Sunday
936,468,2024-08-11,88375748.0,2024,8,3,Sunday
937,237,2023-02-13,118916490.0,2023,2,1,Monday
938,423,2024-11-24,76784768.0,2024,11,4,Sunday
939,62,2024-08-17,20904916.0,2024,8,3,Saturday
940,325,2023-01-10,15020810.0,2023,1,1,Tuesday
941,282,2023-07-22,0.0,2023,7,3,Saturday
942,137,2024-07-25,43225783.0,2024,7,3,Thursday
943,389,2023-08-02,0.0,2023,8,3,Wednesday
944,228,2023-07-05,7820360.0,2023,7,3,Wednesday
945,12,2024-08-20,19397904.0,2024,8,3,Tuesday
946,340,2023-02-07,10415526.0,2023,2,1,Tuesday
947,232,2024-12-13,79303805.0,2024,12,4,Friday
948,415,2024-10-09,0.0,2024,10,4,Wednesday
949,194,2024-08-24,4174839.0,2024,8,3,Saturday
950,400,2024-04-07,165815025.0,2024,4,2,Sunday
951,255,2024-04-02,43587551.0,2024,4,2,Tuesday
952,317,2024-08-15,279972264.0,2024,8,3,Thursday
953,94,2023-11-19,22771570.0,2023,11,4,Sunday
954,329,2023-04-09,132941394.0,2023,4,2,Sunday
955,326,2024-05-23,147360572.0,2024,5,2,Thursday
956,271,2024-08-26,0.0,2024,8,3,Monday
957,166,2024-08-06,13444860.0,2024,8,3,Tuesday
958,111,2024-12-06,170388295.0,2024,12,4,Friday
959,465,2023-03-10,48965901.0,2023,3,1,Friday
960,457,2024-03-25,61874225.0,2024,3,1,Monday
961,224,2023-07-08,14332946.0,2023,7,3,Saturday
962,384,2024-10-29,40087125.0,2024,10,4,Tuesday
963,1,2023-03-07,101314636.0,2023,3,1,Tuesday
964,69,2024-09-08,189623286.0,2024,9,3,Sunday
965,456,2024-01-12,116383823.0,2024,1,1,Friday
966,61,2024-03-16,40843258.0,2024,3,1,Saturday
967,163,2024-02-25,34791315.0,2024,2,1,Sunday
968,10,2024-11-29,1681828.0,2024,11,4,Friday
969,236,2024-02-09,112453202.0,2024,2,1,Friday
970,275,2023-08-07,57107170.0,2023,8,3,Monday
971,366,2024-04-06,69960575.0,2024,4,2,Saturday
972,121,2023-05-11,44792786.0,2023,5,2,Thursday
973,293,2024-05-24,97357920.0,2024,5,2,Friday
974,318,2024-09-29,0.0,2024,9,3,Sunday
975,149,2024-05-01,58032889.0,2024,5,2,Wednesday
976,135,2024-09-26,108186719.0,2024,9,3,Thursday
977,480,2023-07-14,74451720.0,2023,7,3,Friday
978,139,2023-01-23,15656022.0,2023,1,1,Monday
979,324,2023-05-25,8675655.0,2023,5,2,Thursday
980,351,2024-07-06,207230991.0,2024,7,3,Saturday
981,159,2024-12-17,26733314.0,2024,12,4,Tuesday
982,197,2023-04-16,131294095.0,2023,4,2,Sunday
983,474,2024-12-22,78914346.0,2024,12,4,Sunday
984,96,2023-02-28,114647192.0,2023,2,1,Tuesday
985,272,2023-05-06,102804210.0,2023,5,2,Saturday
986,403,2024-08-12,74182231.0,2024,8,3,Monday
987,335,2024-03-01,65582672.0,2024,3,1,Friday
988,385,2024-11-08,23532242.0,2024,11,4,Friday
989,341,2024-09-29,82784032.0,2024,9,3,Sunday
990,53,2023-06-10,74362491.0,2023,6,2,Saturday
991,383,2023-12-17,0.0,2023,12,4,Sunday
992,224,2024-08-15,108453112.0,2024,8,3,Thursday
993,48,2024-08-13,0.0,2024,8,3,Tuesday
994,97,2024-06-24,52719266.0,2024,6,2,Monday
995,481,2024-05-10,162396035.0,2024,5,2,Friday
996,158,2023-04-11,72912270.0,2023,4,2,Tuesday
997,9,2024-03-16,22622393.0,2024,3,1,Saturday
998,368,2023-11-12,24041205.0,2023,11,4,Sunday
999,495,2023-11-05,36667769.0,2023,11,4,Sunday
1000,314,2023-10-16,72649383.0,2023,10,4,Monday
1001,298,2024-04-30,128308862.0,2024,4,2,Tuesday
1002,485,2024-12-30,8167988.0,2024,12,4,Monday
1003,410,2024-07-23,23007470.0,2024,7,3,Tuesday
1004,57,2023-11-24,25897344.0,2023,11,4,Friday
1005,45,2023-09-11,62833657.0,2023,9,3,Monday
1006,86,2024-02-18,13074066.0,2024,2,1,Sunday
1007,357,2024-03-11,33787792.0,2024,3,1,Monday
1008,131,2023-06-10,15069965.0,2023,6,2,Saturday
1009,332,2024-04-15,28446559.0,2024,4,2,Monday
1010,358,2024-08-26,101267496.0,2024,8,3,Monday
1011,430,2023-12-20,128360791.0,2023,12,4,Wednesday
1012,487,2023-04-12,0.0,2023,4,2,Wednesday
1013,151,2023-12-09,70131295.0,2023,12,4,Saturday
1014,10,2024-11-21,122620789.0,2024,11,4,Thursday
1015,31,2023-01-01,151314208.0,2023,1,1,Sunday
1016,458,2023-01-20,26229398.0,2023,1,1,Friday
1017,114,2024-04-23,121645973.0,2024,4,2,Tuesday
1018,8,2023-05-29,3836814.0,2023,5,2,Monday
1019,420,2023-01-15,68869319.0,2023,1,1,Sunday
1020,206,2023-05-22,0.0,2023,5,2,Monday
1021,27,2023-08-26,12720255.0,2023,8,3,Saturday
1022,320,2024-07-10,30205640.0,2024,7,3,Wednesday
1023,120,2024-09-27,67290877.0,2024,9,3,Friday
1024,288,2023-01-22,50135349.0,2023,1,1,Sunday
1025,303,2023-03-19,45688997.0,2023,3,1,Sunday
1026,298,2023-05-09,6484555.0,2023,5,2,Tuesday
1027,305,2023-12-10,0.0,2023,12,4,Sunday
1028,119,2024-06-16,30768924.0,2024,6,2,Sunday
1029,310,2023-10-27,21190697.0,2023,10,4,Friday
1030,101,2024-05-31,117276315.0,2024,5,2,Friday
1031,320,2024-08-09,74443346.0,2024,8,3,Friday
1032,446,2023-03-23,98141150.0,2023,3,1,Thursday
1033,458,2023-12-15,3623111.0,2023,12,4,Friday
1034,253,2024-11-11,5401215.0,2024,11,4,Monday
1035,72,2024-10-07,24641688.0,2024,10,4,Monday
1036,61,2024-10-14,151673999.0,2024,10,4,Monday
1037,349,2024-04-24,166868963.0,2024,4,2,Wednesday
1038,276,2024-08-29,0.0,2024,8,3,Thursday
1039,127,2023-05-26,45211486.0,2023,5,2,Friday
1040,331,2024-04-22,108510293.0,2024,4,2,Monday
1041,415,2024-06-24,95511646.0,2024,6,2,Monday
1042,240,2024-11-25,217039652.0,2024,11,4,Monday
1043,232,2024-09-25,37542833.0,2024,9,3,Wednesday
1044,433,2024-02-18,57092100.0,2024,2,1,Sunday
1045,278,2024-10-21,0.0,2024,10,4,Monday
1046,315,2024-10-19,43120891.0,2024,10,4,Saturday
1047,278,2023-06-29,4537016.0,2023,6,2,Thursday
1048,193,2024-06-15,137152740.0,2024,6,2,Saturday
1049,228,2023-05-03,113181901.0,2023,5,2,Wednesday
1050,222,2023-02-19,29522613.0,2023,2,1,Sunday
1051,414,2024-10-15,27558345.0,2024,10,4,Tuesday
1052,472,2024-02-13,26186436.0,2024,2,1,Tuesday
1053,192,2024-06-08,197801248.0,2024,6,2,Saturday
1054,218,2024-06-03,0.0,2024,6,2,Monday
1055,359,2023-07-23,33947969.0,2023,7,3,Sunday
1056,263,2024-11-25,43795416.0,2024,11,4,Monday
1057,111,2023-01-14,30167979.0,2023,1,1,Saturday
1058,69,2023-12-21,38172230.0,2023,12,4,Thursday
1059,16,2023-05-26,30681295.0,2023,5,2,Friday
1060,263,2023-09-09,55820735.0,2023,9,3,Saturday
1061,91,2023-06-02,94957722.0,2023,6,2,Friday
1062,332,2023-03-23,69129348.0,2023,3,1,Thursday
1063,165,2024-03-06,57182705.0,2024,3,1,Wednesday
1064,351,2023-08-28,30173885.0,2023,8,3,Monday
1065,476,2024-09-06,18526770.0,2024,9,3,Friday
1066,350,2024-03-11,142321373.0,2024,3,1,Monday
1067,481,2024-01-14,117931346.0,2024,1,1,Sunday
1068,270,2024-11-24,91511964.0,2024,11,4,Sunday
1069,347,2024-03-05,83176818.0,2024,3,1,Tuesday
1070,450,2024-05-03,0.0,2024,5,2,Friday
1071,169,2023-01-12,141900307.0,2023,1,1,Thursday
1072,133,2023-08-26,38655660.0,2023,8,3,Saturday
1073,215,2024-10-15,124565008.0,2024,10,4,Tuesday
1074,121,2023-06-12,17480930.0,2023,6,2,Monday
1075,206,2024-09-01,77295728.0,2024,9,3,Sunday
1076,282,2024-02-22,22341609.0,2024,2,1,Thursday
1077,249,2023-10-11,88313337.0,2023,10,4,Wednesday
1078,177,2024-02-20,14557407.0,2024,2,1,Tuesday
1079,165,2023-04-01,32627056.0,2023,4,2,Saturday
1080,209,2024-06-24,21227558.0,2024,6,2,Monday
1081,188,2023-09-04,99479409.0,2023,9,3,Monday
1082,45,2024-03-20,63210815.0,2024,3,1,Wednesday
1083,353,2023-11-03,35653644.0,2023,11,4,Friday
1084,315,2023-09-28,59385364.0,2023,9,3,Thursday
1085,291,2024-08-20,0.0,2024,8,3,Tuesday
1086,373,2024-01-18,40460736.0,2024,1,1,Thursday
1087,379,2024-08-26,45818946.0,2024,8,3,Monday
1088,129,2024-05-12,45979012.0,2024,5,2,Sunday
1089,208,2023-12-28,110820263.0,2023,12,4,Thursday
1090,162,2023-04-26,91942406.0,2023,4,2,Wednesday
1091,3,2023-03-27,55351166.0,2023,3,1,Monday
1092,12,2023-08-01,40863288.0,2023,8,3,Tuesday
1093,481,2024-04-04,0.0,2024,4,2,Thursday
1094,343,2024-04-15,33496155.0,2024,4,2,Monday
1095,385,2024-02-19,132918414.0,2024,2,1,Monday
1096,73,2023-11-29,10414180.0,2023,11,4,Wednesday
1097,359,2024-11-17,26209050.0,2024,11,4,Sunday
1098,213,2023-06-22,13432828.0,2023,6,2,Thursday
1099,447,2023-09-22,244627334.0,2023,9,3,Friday
1100,423,2024-10-01,0.0,2024,10,4,Tuesday
1101,243,2024-02-13,0.0,2024,2,1,Tuesday
1102,237,2023-12-27,101760785.0,2023,12,4,Wednesday
1103,341,2024-05-03,84055964.0,2024,5,2,Friday
1104,14,2024-05-12,11586682.0,2024,5,2,Sunday
1105,370,2023-01-31,55116199.0,2023,1,1,Tuesday
1106,187,2024-08-28,3925073.0,2024,8,3,Wednesday
1107,465,2024-05-06,139316058.0,2024,5,2,Monday
1108,105,2023-05-28,87360808.0,2023,5,2,Sunday
1109,291,2023-07-04,121723682.0,2023,7,3,Tuesday
1110,142,2024-05-03,5001424.0,2024,5,2,Friday
1111,157,2023-01-06,14403065.0,2023,1,1,Friday
1112,56,2023-10-17,35133600.0,2023,10,4,Tuesday
1113,387,2023-08-07,90269938.0,2023,8,3,Monday
1114,203,2023-07-14,43366460.0,2023,7,3,Friday
1115,108,2024-05-21,33712931.0,2024,5,2,Tuesday
1116,48,2023-02-15,0.0,2023,2,1,Wednesday
1117,246,2024-10-11,99494391.0,2024,10,4,Friday
1118,316,2023-07-30,47069174.0,2023,7,3,Sunday
1119,69,2023-11-23,0.0,2023,11,4,Thursday
1120,240,2024-01-13,82158537.0,2024,1,1,Saturday
1121,193,2024-08-30,96146757.0,2024,8,3,Friday
1122,54,2024-11-26,43575349.0,2024,11,4,Tuesday
1123,448,2024-02-08,0.0,2024,2,1,Thursday
1124,67,2023-04-17,47010247.0,2023,4,2,Monday
1125,433,2024-10-15,60350814.0,2024,10,4,Tuesday
1126,490,2023-12-08,57034306.0,2023,12,4,Friday
1127,298,2024-02-29,162209143.0,2024,2,1,Thursday
1128,369,2023-07-18,70508989.0,2023,7,3,Tuesday
1129,177,2024-08-22,27902877.0,2024,8,3,Thursday
1130,442,2024-02-20,16148964.0,2024,2,1,Tuesday
1131,447,2024-05-08,0.0,2024,5,2,Wednesday
1132,445,2023-05-08,0.0,2023,5,2,Monday
1133,366,2024-09-30,90211861.0,2024,9,3,Monday
1134,223,2023-03-14,87181918.0,2023,3,1,Tuesday
1135,325,2023-06-01,199169824.0,2023,6,2,Thursday
1136,306,2023-02-26,85381659.0,2023,2,1,Sunday
1137,307,2023-09-20,48178354.0,2023,9,3,Wednesday
1138,49,2023-09-09,66723817.0,2023,9,3,Saturday
1139,103,2023-07-22,63326189.0,2023,7,3,Saturday
1140,207,2024-11-13,71543613.0,2024,11,4,Wednesday
1141,481,2023-10-08,9129398.0,2023,10,4,Sunday
1142,269,2024-01-11,115842988.0,2024,1,1,Thursday
1143,311,2023-10-05,212537166.0,2023,10,4,Thursday
1144,47,2023-11-12,73759984.0,2023,11,4,Sunday
1145,440,2023-10-30,68725399.0,2023,10,4,Monday
1146,379,2023-05-24,82745709.0,2023,5,2,Wednesday
1147,300,2024-09-24,179628876.0,2024,9,3,Tuesday
1148,131,2024-01-27,65268264.0,2024,1,1,Saturday
1149,200,2023-02-26,8695841.0,2023,2,1,Sunday
1150,188,2023-05-14,23228907.0,2023,5,2,Sunday
1151,205,2024-11-30,19600660.0,2024,11,4,Saturday
1152,23,2024-03-17,82108006.0,2024,3,1,Sunday
1153,416,2024-01-25,43225527.0,2024,1,1,Thursday
1154,363,2023-04-08,27781739.0,2023,4,2,Saturday
1155,366,2024-04-17,45471008.0,2024,4,2,Wednesday
1156,368,2023-01-22,129756330.0,2023,1,1,Sunday
1157,222,2024-11-02,25361777.0,2024,11,4,Saturday
1158,442,2023-01-14,68537460.0,2023,1,1,Saturday
1159,13,2024-05-24,50530345.0,2024,5,2,Friday
1160,487,2024-02-04,0.0,2024,2,1,Sunday
1161,431,2024-09-20,14325180.0,2024,9,3,Friday
1162,84,2023-04-10,33742190.0,2023,4,2,Monday
1163,241,2023-04-03,65698830.0,2023,4,2,Monday
1164,498,2024-08-22,0.0,2024,8,3,Thursday
1165,146,2023-07-08,69247167.0,2023,7,3,Saturday
1166,130,2024-03-16,132170445.0,2024,3,1,Saturday
1167,213,2024-07-15,27818373.0,2024,7,3,Monday
1168,426,2023-02-12,126078529.0,2023,2,1,Sunday
1169,440,2024-02-22,100955116.0,2024,2,1,Thursday
1170,240,2024-02-26,28117809.0,2024,2,1,Monday
1171,369,2023-04-28,90348029.0,2023,4,2,Friday
1172,260,2023-12-09,97795650.0,2023,12,4,Saturday
1173,445,2024-05-13,49920107.0,2024,5,2,Monday
1174,187,2024-08-16,101964156.0,2024,8,3,Friday
1175,218,2024-01-12,40898690.0,2024,1,1,Friday
1176,17,2024-07-17,52039290.0,2024,7,3,Wednesday
1177,422,2024-08-26,130596859.0,2024,8,3,Monday
1178,142,2024-10-10,22246635.0,2024,10,4,Thursday
1179,331,2023-02-01,4622574.0,2023,2,1,Wednesday
1180,300,2023-09-10,13015104.0,2023,9,3,Sunday
1181,498,2023-01-18,62328798.0,2023,1,1,Wednesday
1182,20,2023-09-14,61305312.0,2023,9,3,Thursday
1183,5,2023-10-14,33904134.0,2023,10,4,Saturday
1184,159,2023-12-08,29761520.0,2023,12,4,Friday
1185,420,2024-12-18,30647408.0,2024,12,4,Wednesday
1186,60,2023-02-14,0.0,2023,2,1,Tuesday
1187,16,2023-09-24,183677814.0,2023,9,3,Sunday
1188,29,2024-01-02,137983060.0,2024,1,1,Tuesday
1189,87,2024-08-05,162532317.0,2024,8,3,Monday
1190,137,2023-06-17,42377472.0,2023,6,2,Saturday
1191,308,2024-12-06,126086376.0,2024,12,4,Friday
1192,174,2023-04-10,0.0,2023,4,2,Monday
1193,252,2023-02-19,86484724.0,2023,2,1,Sunday
1194,221,2024-12-22,94369864.0,2024,12,4,Sunday
1195,258,2024-06-12,32554497.0,2024,6,2,Wednesday
1196,480,2024-06-13,190144981.0,2024,6,2,Thursday
1197,251,2024-07-01,113498513.0,2024,7,3,Monday
1198,241,2024-12-30,106649274.0,2024,12,4,Monday
1199,322,2023-02-28,2284911.0,2023,2,1,Tuesday
1200,228,2024-01-30,49908894.0,2024,1,1,Tuesday
1201,265,2024-02-16,99404922.0,2024,2,1,Friday
1202,494,2024-03-19,0.0,2024,3,1,Tuesday
1203,403,2023-09-08,91851911.0,2023,9,3,Friday
1204,144,2023-08-15,15282599.0,2023,8,3,Tuesday
1205,444,2023-01-07,94449208.0,2023,1,1,Saturday
1206,182,2023-02-12,116516014.0,2023,2,1,Sunday
1207,69,2024-10-02,141353269.0,2024,10,4,Wednesday
1208,79,2023-07-14,114403156.0,2023,7,3,Friday
1209,34,2024-09-14,153107719.0,2024,9,3,Saturday
1210,447,2024-09-14,53149494.0,2024,9,3,Saturday
1211,482,2024-07-25,41571356.0,2024,7,3,Thursday
1212,290,2024-10-14,28792912.0,2024,10,4,Monday
1213,348,2023-12-25,96948718.0,2023,12,4,Monday
1214,56,2023-05-10,76008351.0,2023,5,2,Wednesday
1215,408,2023-11-19,28183493.0,2023,11,4,Sunday
1216,219,2023-12-28,88021062.0,2023,12,4,Thursday
1217,131,2023-10-05,15974608.0,2023,10,4,Thursday
1218,493,2024-05-07,96757647.0,2024,5,2,Tuesday
1219,349,2024-06-28,82259504.0,2024,6,2,Friday
1220,368,2023-05-01,0.0,2023,5,2,Monday
1221,208,2023-06-10,31626951.0,2023,6,2,Saturday
1222,167,2024-08-02,163229964.0,2024,8,3,Friday
1223,242,2023-06-18,171454538.0,2023,6,2,Sunday
1224,183,2024-05-18,0.0,2024,5,2,Saturday
1225,87,2023-04-23,119134600.0,2023,4,2,Sunday
1226,374,2024-07-04,32393431.0,2024,7,3,Thursday
1227,357,2024-04-07,137291531.0,2024,4,2,Sunday
1228,201,2024-01-11,8336916.0,2024,1,1,Thursday
1229,11,2024-02-24,8889468.0,2024,2,1,Saturday
1230,433,2024-05-29,44134910.0,2024,5,2,Wednesday
1231,170,2023-01-25,34736004.0,2023,1,1,Wednesday
1232,352,2023-09-26,0.0,2023,9,3,Tuesday
1233,41,2023-08-07,0.0,2023,8,3,Monday
1234,191,2024-09-05,101085137.0,2024,9,3,Thursday
1235,179,2024-12-24,66866719.0,2024,12,4,Tuesday
1236,478,2024-07-12,254753001.0,2024,7,3,Friday
1237,225,2024-10-08,27466362.0,2024,10,4,Tuesday
1238,475,2023-10-04,92865885.0,2023,10,4,Wednesday
1239,248,2023-10-03,104520345.0,2023,10,4,Tuesday
1240,497,2023-02-24,58138145.0,2023,2,1,Friday
1241,464,2024-09-23,3480792.0,2024,9,3,Monday
1242,109,2023-04-13,47958149.0,2023,4,2,Thursday
1243,235,2024-11-30,88095864.0,2024,11,4,Saturday
1244,349,2023-07-26,128827934.0,2023,7,3,Wednesday
1245,204,2024-08-20,59015708.0,2024,8,3,Tuesday
1246,28,2024-03-25,97558957.0,2024,3,1,Monday
1247,458,2023-11-12,74990418.0,2023,11,4,Sunday
1248,270,2023-07-10,77525156.0,2023,7,3,Monday
1249,440,2024-01-18,68741873.0,2024,1,1,Thursday
1250,267,2023-08-17,11956834.0,2023,8,3,Thursday
1251,404,2023-09-05,182273396.0,2023,9,3,Tuesday
1252,448,2024-10-06,26495916.0,2024,10,4,Sunday
1253,344,2024-09-25,1422920.0,2024,9,3,Wednesday
1254,416,2024-01-04,5950960.0,2024,1,1,Thursday
1255,171,2024-07-16,61656894.0,2024,7,3,Tuesday
1256,229,2023-01-05,0.0,2023,1,1,Thursday
1257,347,2024-03-23,88839198.0,2024,3,1,Saturday
1258,376,2023-01-26,51494946.0,2023,1,1,Thursday
1259,125,2023-11-28,142696981.0,2023,11,4,Tuesday
1260,85,2024-03-09,36897158.0,2024,3,1,Saturday
1261,256,2023-08-15,55149523.0,2023,8,3,Tuesday
1262,446,2023-03-22,80800668.0,2023,3,1,Wednesday
1263,175,2023-01-08,67417250.0,2023,1,1,Sunday
1264,181,2023-08-18,18615960.0,2023,8,3,Friday
1265,143,2023-07-01,111896856.0,2023,7,3,Saturday
1266,247,2023-04-14,0.0,2023,4,2,Friday
1267,412,2024-01-03,0.0,2024,1,1,Wednesday
1268,298,2024-03-11,108812791.0,2024,3,1,Monday
1269,497,2023-03-07,9311133.0,2023,3,1,Tuesday
1270,421,2024-09-18,36483022.0,2024,9,3,Wednesday
1271,434,2023-10-29,41239296.0,2023,10,4,Sunday
1272,77,2024-12-26,90236968.0,2024,12,4,Thursday
1273,402,2023-11-12,46440638.0,2023,11,4,Sunday
1274,297,2024-01-30,166335698.0,2024,1,1,Tuesday
1275,267,2024-10-27,72589992.0,2024,10,4,Sunday
1276,198,2024-06-19,32716136.0,2024,6,2,Wednesday
1277,345,2023-12-26,4344642.0,2023,12,4,Tuesday
1278,426,2023-04-22,63776790.0,2023,4,2,Saturday
1279,54,2023-10-27,59619402.0,2023,10,4,Friday
1280,127,2024-06-14,857924.0,2024,6,2,Friday
1281,306,2023-06-17,187986732.0,2023,6,2,Saturday
1282,43,2024-12-28,208580959.0,2024,12,4,Saturday
1283,215,2024-07-11,94692228.0,2024,7,3,Thursday
1284,307,2023-05-11,7823076.0,2023,5,2,Thursday
1285,8,2024-10-10,69261033.0,2024,10,4,Thursday
1286,343,2024-09-21,54180670.0,2024,9,3,Saturday
1287,248,2023-11-23,0.0,2023,11,4,Thursday
1288,469,2023-03-02,2811900.0,2023,3,1,Thursday
1289,147,2023-12-08,78992328.0,2023,12,4,Friday
1290,318,2023-01-21,193186495.0,2023,1,1,Saturday
1291,443,2024-03-19,8878175.0,2024,3,1,Tuesday
1292,381,2024-02-20,22317000.0,2024,2,1,Tuesday
1293,217,2024-10-17,164506169.0,2024,10,4,Thursday
1294,362,2024-06-09,96252791.0,2024,6,2,Sunday
1295,280,2024-01-01,131335652.0,2024,1,1,Monday
1296,89,2024-06-19,8938389.0,2024,6,2,Wednesday
1297,176,2023-07-07,88710361.0,2023,7,3,Friday
1298,489,2023-05-12,98674061.0,2023,5,2,Friday
1299,49,2023-11-08,43616848.0,2023,11,4,Wednesday
1300,60,2024-02-08,1804080.0,2024,2,1,Thursday
1301,223,2024-10-22,80052801.0,2024,10,4,Tuesday
1302,349,2024-07-18,31504934.0,2024,7,3,Thursday
1303,430,2024-03-21,38214020.0,2024,3,1,Thursday
1304,262,2024-06-26,42357088.0,2024,6,2,Wednesday
1305,354,2023-02-13,29213500.0,2023,2,1,Monday
1306,481,2024-02-18,195612839.0,2024,2,1,Sunday
1307,170,2023-05-03,44300924.0,2023,5,2,Wednesday
1308,110,2024-07-07,49113000.0,2024,7,3,Sunday
1309,294,2024-05-08,131355924.0,2024,5,2,Wednesday
1310,110,2024-12-13,0.0,2024,12,4,Friday
1311,467,2024-07-18,0.0,2024,7,3,Thursday
1312,492,2024-08-15,71458770.0,2024,8,3,Thursday
1313,175,2023-11-19,92306377.0,2023,11,4,Sunday
1314,251,2023-12-31,80054694.0,2023,12,4,Sunday
1315,48,2024-11-13,27116194.0,2024,11,4,Wednesday
1316,352,2023-06-07,9848901.0,2023,6,2,Wednesday
1317,369,2024-07-18,137714168.0,2024,7,3,Thursday
1318,207,2023-02-23,43546740.0,2023,2,1,Thursday
1319,315,2023-08-27,66156402.0,2023,8,3,Sunday
1320,11,2023-04-27,119662643.0,2023,4,2,Thursday
1321,317,2024-09-12,51570648.0,2024,9,3,Thursday
1322,347,2024-08-21,3608160.0,2024,8,3,Wednesday
1323,33,2024-08-24,79683072.0,2024,8,3,Saturday
1324,89,2023-03-20,105400291.0,2023,3,1,Monday
1325,179,2024-06-12,108596798.0,2024,6,2,Wednesday
1326,366,2023-03-18,234838214.0,2023,3,1,Saturday
1327,159,2023-04-14,66436657.0,2023,4,2,Friday
1328,418,2023-05-15,72283633.0,2023,5,2,Monday
1329,83,2023-07-01,5439837.0,2023,7,3,Saturday
1330,365,2023-04-04,43917000.0,2023,4,2,Tuesday
1331,189,2023-09-05,21431967.0,2023,9,3,Tuesday
1332,292,2023-06-18,15068504.0,2023,6,2,Sunday
1333,174,2023-06-10,65023481.0,2023,6,2,Saturday
1334,149,2023-09-19,33625837.0,2023,9,3,Tuesday
1335,439,2023-06-03,41826741.0,2023,6,2,Saturday
1336,186,2024-05-16,10253850.0,2024,5,2,Thursday
1337,53,2023-05-01,124767398.0,2023,5,2,Monday
1338,372,2024-01-20,84732860.0,2024,1,1,Saturday
1339,149,2024-03-12,58523493.0,2024,3,1,Tuesday
1340,398,2024-05-04,18555368.0,2024,5,2,Saturday
1341,42,2024-12-16,3672033.0,2024,12,4,Monday
1342,53,2024-06-04,92675876.0,2024,6,2,Tuesday
1343,46,2023-07-04,76333877.0,2023,7,3,Tuesday
1344,239,2023-03-08,105916326.0,2023,3,1,Wednesday
1345,218,2024-01-13,116701007.0,2024,1,1,Saturday
1346,278,2023-02-19,87009767.0,2023,2,1,Sunday
1347,172,2023-06-26,69388530.0,2023,6,2,Monday
1348,339,2023-08-19,11863717.0,2023,8,3,Saturday
1349,126,2024-06-15,104618496.0,2024,6,2,Saturday
1350,498,2023-02-11,0.0,2023,2,1,Saturday
1351,239,2024-10-25,29964256.0,2024,10,4,Friday
1352,419,2023-11-23,122585819.0,2023,11,4,Thursday
1353,290,2023-01-30,4286913.0,2023,1,1,Monday
1354,250,2024-11-30,64970434.0,2024,11,4,Saturday
1355,470,2024-06-11,0.0,2024,6,2,Tuesday
1356,454,2024-07-20,72651580.0,2024,7,3,Saturday
1357,421,2024-01-21,85327527.0,2024,1,1,Sunday
1358,177,2023-07-29,113391038.0,2023,7,3,Saturday
1359,111,2023-11-29,112533466.0,2023,11,4,Wednesday
1360,228,2024-07-21,16849296.0,2024,7,3,Sunday
1361,246,2024-08-23,40200702.0,2024,8,3,Friday
1362,158,2024-01-23,129504826.0,2024,1,1,Tuesday
1363,270,2024-04-28,68824750.0,2024,4,2,Sunday
1364,13,2023-01-01,79100269.0,2023,1,1,Sunday
1365,264,2024-03-30,143122436.0,2024,3,1,Saturday
1366,108,2024-11-02,141263663.0,2024,11,4,Saturday
1367,172,2023-03-20,108262099.0,2023,3,1,Monday
1368,424,2023-09-18,138855295.0,2023,9,3,Monday
1369,156,2024-10-20,14229522.0,2024,10,4,Sunday
1370,135,2024-12-18,87926262.0,2024,12,4,Wednesday
1371,354,2023-12-23,0.0,2023,12,4,Saturday
1372,472,2023-06-24,77475970.0,2023,6,2,Saturday
1373,420,2023-04-26,179023098.0,2023,4,2,Wednesday
1374,130,2023-03-08,307741608.0,2023,3,1,Wednesday
1375,378,2024-09-05,65543024.0,2024,9,3,Thursday
1376,141,2024-08-30,62997254.0,2024,8,3,Friday
1377,334,2023-09-20,18177107.0,2023,9,3,Wednesday
1378,487,2024-11-04,32076360.0,2024,11,4,Monday
1379,232,2024-04-19,37691046.0,2024,4,2,Friday
1380,386,2024-06-21,10312711.0,2024,6,2,Friday
1381,189,2023-12-22,53978419.0,2023,12,4,Friday
1382,121,2023-12-10,132360488.0,2023,12,4,Sunday
1383,61,2023-11-11,31536254.0,2023,11,4,Saturday
1384,391,2023-12-09,98579920.0,2023,12,4,Saturday
1385,89,2023-10-28,92624886.0,2023,10,4,Saturday
1386,52,2023-11-04,65679890.0,2023,11,4,Saturday
1387,456,2024-06-08,30984972.0,2024,6,2,Saturday
1388,406,2023-02-09,102212237.0,2023,2,1,Thursday
1389,193,2023-09-18,27600003.0,2023,9,3,Monday
1390,118,2023-02-19,2179011.0,2023,2,1,Sunday
1391,169,2023-09-07,122664869.0,2023,9,3,Thursday
1392,212,2023-12-09,0.0,2023,12,4,Saturday
1393,49,2023-04-16,23059131.0,2023,4,2,Sunday
1394,94,2024-08-04,122385496.0,2024,8,3,Sunday
1395,305,2023-01-28,36347681.0,2023,1,1,Saturday
1396,88,2024-03-31,110694171.0,2024,3,1,Sunday
1397,343,2023-06-05,110876003.0,2023,6,2,Monday
1398,422,2024-03-13,119493613.0,2024,3,1,Wednesday
1399,340,2023-07-31,31967100.0,2023,7,3,Monday
1400,402,2023-01-12,17136154.0,2023,1,1,Thursday
1401,253,2023-04-17,0.0,2023,4,2,Monday
1402,265,2024-03-05,26918864.0,2024,3,1,Tuesday
1403,441,2024-01-30,157843811.0,2024,1,1,Tuesday
1404,271,2023-11-25,77656740.0,2023,11,4,Saturday
1405,481,2024-08-30,64226145.0,2024,8,3,Friday
1406,139,2023-03-05,249300813.0,2023,3,1,Sunday
1407,251,2023-06-09,173652843.0,2023,6,2,Friday
1408,443,2024-06-04,53906352.0,2024,6,2,Tuesday
1409,292,2023-07-06,20755733.0,2023,7,3,Thursday
1410,103,2023-04-28,0.0,2023,4,2,Friday
1411,253,2024-06-18,62684908.0,2024,6,2,Tuesday
1412,7,2023-06-10,26823529.0,2023,6,2,Saturday
1413,385,2024-08-28,39843229.0,2024,8,3,Wednesday
1414,302,2023-01-19,77656177.0,2023,1,1,Thursday
1415,38,2023-02-07,84019338.0,2023,2,1,Tuesday
1416,483,2023-08-06,0.0,2023,8,3,Sunday
1417,65,2023-07-15,63419500.0,2023,7,3,Saturday
1418,302,2024-08-28,105917691.0,2024,8,3,Wednesday
1419,321,2024-01-08,65083160.0,2024,1,1,Monday
1420,414,2023-08-17,92273653.0,2023,8,3,Thursday
1421,311,2023-08-09,78855902.0,2023,8,3,Wednesday
1422,208,2023-04-07,107515693.0,2023,4,2,Friday
1423,292,2024-09-05,84044008.0,2024,9,3,Thursday
1424,407,2024-06-04,153483180.0,2024,6,2,Tuesday
1425,91,2023-10-31,31840534.0,2023,10,4,Tuesday
1426,310,2023-01-10,43941899.0,2023,1,1,Tuesday
1427,22,2024-11-13,156426992.0,2024,11,4,Wednesday
1428,211,2023-08-21,62158875.0,2023,8,3,Monday
1429,327,2023-08-22,72220339.0,2023,8,3,Tuesday
1430,147,2024-01-15,190340475.0,2024,1,1,Monday
1431,295,2024-04-02,212920172.0,2024,4,2,Tuesday
1432,202,2024-08-05,116224199.0,2024,8,3,Monday
1433,364,2024-03-11,64612941.0,2024,3,1,Monday
1434,490,2023-09-23,167785286.0,2023,9,3,Saturday
1435,16,2024-10-09,37592266.0,2024,10,4,Wednesday
1436,193,2024-03-09,3552528.0,2024,3,1,Saturday
1437,82,2023-07-24,10087530.0,2023,7,3,Monday
1438,232,2024-10-20,20713206.0,2024,10,4,Sunday
1439,499,2024-05-01,5786061.0,2024,5,2,Wednesday
1440,484,2024-07-30,88088808.0,2024,7,3,Tuesday
1441,79,2024-06-14,52863733.0,2024,6,2,Friday
1442,386,2024-04-05,18103782.0,2024,4,2,Friday
1443,108,2023-06-08,34096770.0,2023,6,2,Thursday
1444,244,2023-09-30,79318200.0,2023,9,3,Saturday
1445,412,2023-08-12,0.0,2023,8,3,Saturday
1446,217,2023-04-29,6842964.0,2023,4,2,Saturday
1447,138,2024-12-04,183389794.0,2024,12,4,Wednesday
1448,3,2024-07-25,12071.0,2024,7,3,Thursday
1449,136,2024-03-13,2187624.0,2024,3,1,Wednesday
1450,286,2024-11-19,229582422.0,2024,11,4,Tuesday
1451,180,2024-03-10,12419027.0,2024,3,1,Sunday
1452,418,2023-03-28,134441058.0,2023,3,1,Tuesday
1453,351,2023-12-10,0.0,2023,12,4,Sunday
1454,381,2023-05-07,136624097.0,2023,5,2,Sunday
1455,393,2024-02-14,71423480.0,2024,2,1,Wednesday
1456,414,2024-01-07,34966728.0,2024,1,1,Sunday
1457,131,2023-03-25,0.0,2023,3,1,Saturday
1458,268,2024-01-30,33749016.0,2024,1,1,Tuesday
1459,202,2023-05-27,93304558.0,2023,5,2,Saturday
1460,306,2024-10-10,158014704.0,2024,10,4,Thursday
1461,391,2023-07-06,23118014.0,2023,7,3,Thursday
1462,87,2024-07-04,10325408.0,2024,7,3,Thursday
1463,67,2024-01-06,34619615.0,2024,1,1,Saturday
1464,17,2023-05-24,3932883.0,2023,5,2,Wednesday
1465,285,2024-07-06,0.0,2024,7,3,Saturday
1466,206,2023-10-27,0.0,2023,10,4,Friday
1467,234,2023-03-03,9613618.0,2023,3,1,Friday
1468,474,2024-11-13,63515626.0,2024,11,4,Wednesday
1469,177,2024-08-28,37688220.0,2024,8,3,Wednesday
1470,232,2024-03-09,87063714.0,2024,3,1,Saturday
1471,266,2023-07-07,21258880.0,2023,7,3,Friday
1472,461,2024-01-28,50478920.0,2024,1,1,Sunday
1473,21,2023-08-19,110364439.0,2023,8,3,Saturday
1474,96,2024-04-05,0.0,2024,4,2,Friday
1475,390,2023-03-15,0.0,2023,3,1,Wednesday
1476,64,2024-06-18,48877537.0,2024,6,2,Tuesday
1477,285,2024-02-22,88320648.0,2024,2,1,Thursday
1478,95,2024-09-05,162819887.0,2024,9,3,Thursday
1479,4,2024-10-12,57631735.0,2024,10,4,Saturday
1480,122,2024-05-21,109752816.0,2024,5,2,Tuesday
1481,141,2024-01-13,80228880.0,2024,1,1,Saturday
1482,131,2024-01-19,217605762.0,2024,1,1,Friday
1483,373,2023-04-28,74321933.0,2023,4,2,Friday
1484,21,2023-07-15,45684290.0,2023,7,3,Saturday
1485,13,2024-10-30,11080597.0,2024,10,4,Wednesday
1486,356,2024-07-08,0.0,2024,7,3,Monday
1487,139,2023-08-14,3848982.0,2023,8,3,Monday
1488,299,2024-01-20,85404412.0,2024,1,1,Saturday
1489,262,2024-02-18,39140242.0,2024,2,1,Sunday
1490,478,2024-03-03,0.0,2024,3,1,Sunday
1491,281,2024-01-23,5719884.0,2024,1,1,Tuesday
1492,332,2024-06-03,75787121.0,2024,6,2,Monday
1493,95,2023-10-11,64308068.0,2023,10,4,Wednesday
1494,20,2023-10-21,0.0,2023,10,4,Saturday
1495,406,2024-10-07,72527004.0,2024,10,4,Monday
1496,21,2024-11-30,38485941.0,2024,11,4,Saturday
1497,127,2024-01-28,22302543.0,2024,1,1,Sunday
1498,184,2023-12-16,61241199.0,2023,12,4,Saturday
1499,398,2023-10-10,84856931.0,2023,10,4,Tuesday
1500,323,2024-02-01,135751383.0,2024,2,1,Thursday
1501,457,2023-09-02,21856315.0,2023,9,3,Saturday
1502,133,2024-01-29,4297107.0,2024,1,1,Monday
1503,172,2023-04-24,44503503.0,2023,4,2,Monday
1504,171,2024-09-26,37597272.0,2024,9,3,Thursday
1505,239,2024-07-03,215438854.0,2024,7,3,Wednesday
1506,446,2023-12-29,66782668.0,2023,12,4,Friday
1507,160,2023-05-09,139868666.0,2023,5,2,Tuesday
1508,485,2023-02-02,135985336.0,2023,2,1,Thursday
1509,469,2023-11-20,57667770.0,2023,11,4,Monday
1510,415,2024-01-15,93707756.0,2024,1,1,Monday
1511,158,2023-12-19,40491042.0,2023,12,4,Tuesday
1512,30,2023-11-30,22906032.0,2023,11,4,Thursday
1513,86,2024-01-12,31373485.0,2024,1,1,Friday
1514,83,2024-06-22,0.0,2024,6,2,Saturday
1515,64,2023-01-06,0.0,2023,1,1,Friday
1516,129,2024-12-21,23020884.0,2024,12,4,Saturday
1517,470,2023-03-04,1353762.0,2023,3,1,Saturday
1518,487,2023-11-25,41825607.0,2023,11,4,Saturday
1519,348,2024-09-11,0.0,2024,9,3,Wednesday
1520,292,2023-01-17,20610470.0,2023,1,1,Tuesday
1521,232,2023-01-08,0.0,2023,1,1,Sunday
1522,114,2024-03-10,103098451.0,2024,3,1,Sunday
1523,383,2023-06-26,22515986.0,2023,6,2,Monday
1524,480,2023-03-19,18474264.0,2023,3,1,Sunday
1525,333,2023-08-13,36321564.0,2023,8,3,Sunday
1526,381,2023-08-19,76275908.0,2023,8,3,Saturday
1527,447,2024-09-21,61580880.0,2024,9,3,Saturday
1528,443,2024-09-22,164902537.0,2024,9,3,Sunday
1529,340,2023-11-15,28972083.0,2023,11,4,Wednesday
1530,300,2023-11-30,28608913.0,2023,11,4,Thursday
1531,351,2023-04-05,105343725.0,2023,4,2,Wednesday
1532,163,2023-10-18,68966684.0,2023,10,4,Wednesday
1533,393,2023-05-08,111742145.0,2023,5,2,Monday
1534,344,2023-07-24,148366925.0,2023,7,3,Monday
1535,386,2024-06-10,0.0,2024,6,2,Monday
1536,64,2023-05-22,0.0,2023,5,2,Monday
1537,98,2023-12-07,15520222.0,2023,12,4,Thursday
1538,272,2023-02-25,71380420.0,2023,2,1,Saturday
1539,282,2024-12-07,72603006.0,2024,12,4,Saturday
1540,24,2023-05-02,80510853.0,2023,5,2,Tuesday
1541,298,2023-05-23,45606192.0,2023,5,2,Tuesday
1542,398,2024-10-20,20419970.0,2024,10,4,Sunday
1543,347,2023-08-27,34888032.0,2023,8,3,Sunday
1544,401,2024-03-04,11259482.0,2024,3,1,Monday
1545,384,2024-05-01,18639715.0,2024,5,2,Wednesday
1546,371,2023-09-03,61455086.0,2023,9,3,Sunday
1547,341,2023-03-24,7400812.0,2023,3,1,Friday
1548,50,2023-02-15,0.0,2023,2,1,Wednesday
1549,185,2024-03-01,62680137.0,2024,3,1,Friday
1550,232,2023-04-29,0.0,2023,4,2,Saturday
1551,269,2024-01-22,141005630.0,2024,1,1,Monday
1552,242,2024-05-16,108317334.0,2024,5,2,Thursday
1553,4,2023-05-21,373654381.0,2023,5,2,Sunday
1554,138,2024-01-20,0.0,2024,1,1,Saturday
1555,217,2024-01-27,22207774.0,2024,1,1,Saturday
1556,330,2024-04-13,65215998.0,2024,4,2,Saturday
1557,136,2023-07-13,136331033.0,2023,7,3,Thursday
1558,189,2023-02-13,50907252.0,2023,2,1,Monday
1559,334,2024-08-04,17268997.0,2024,8,3,Sunday
1560,448,2024-03-28,98410900.0,2024,3,1,Thursday
1561,243,2023-01-13,70250502.0,2023,1,1,Friday
1562,110,2024-10-17,61948774.0,2024,10,4,Thursday
1563,490,2023-11-04,854320.0,2023,11,4,Saturday
1564,353,2024-12-16,41658740.0,2024,12,4,Monday
1565,249,2024-03-01,71023001.0,2024,3,1,Friday
1566,137,2024-11-05,0.0,2024,11,4,Tuesday
1567,271,2024-02-03,23949774.0,2024,2,1,Saturday
1568,450,2024-07-10,36231110.0,2024,7,3,Wednesday
1569,365,2023-01-20,17069872.0,2023,1,1,Friday
1570,379,2024-02-20,6940524.0,2024,2,1,Tuesday
1571,431,2023-04-02,54244569.0,2023,4,2,Sunday
1572,130,2024-02-21,130920368.0,2024,2,1,Wednesday
1573,462,2023-03-07,136845425.0,2023,3,1,Tuesday
1574,72,2024-10-29,0.0,2024,10,4,Tuesday
1575,138,2024-06-29,13748652.0,2024,6,2,Saturday
1576,422,2023-10-15,20874651.0,2023,10,4,Sunday
1577,289,2024-10-08,272962960.0,2024,10,4,Tuesday
1578,242,2023-04-12,37418737.0,2023,4,2,Wednesday
1579,281,2023-01-09,51003500.0,2023,1,1,Monday
1580,141,2024-04-08,200411825.0,2024,4,2,Monday
1581,261,2024-07-26,39926986.0,2024,7,3,Friday
1582,427,2024-09-15,23091412.0,2024,9,3,Sunday
1583,16,2023-03-28,0.0,2023,3,1,Tuesday
1584,29,2024-08-14,36146768.0,2024,8,3,Wednesday
1585,115,2024-09-07,166601469.0,2024,9,3,Saturday
1586,156,2023-07-18,64412014.0,2023,7,3,Tuesday
1587,18,2024-03-01,139613144.0,2024,3,1,Friday
1588,479,2024-04-27,82794229.0,2024,4,2,Saturday
1589,54,2024-06-11,40739485.0,2024,6,2,Tuesday
1590,480,2023-07-24,143213161.0,2023,7,3,Monday
1591,172,2023-12-11,143443124.0,2023,12,4,Monday
1592,64,2023-08-03,155296950.0,2023,8,3,Thursday
1593,250,2024-06-28,89613024.0,2024,6,2,Friday
1594,485,2023-07-31,86584375.0,2023,7,3,Monday
1595,153,2023-08-25,68868152.0,2023,8,3,Friday
1596,299,2023-01-06,19997240.0,2023,1,1,Friday
1597,205,2023-01-27,51782490.0,2023,1,1,Friday
1598,400,2023-03-07,163227694.0,2023,3,1,Tuesday
1599,463,2023-05-01,65945136.0,2023,5,2,Monday
1600,231,2024-04-04,134136433.0,2024,4,2,Thursday
1601,18,2024-07-31,43989858.0,2024,7,3,Wednesday
1602,188,2024-08-16,33156504.0,2024,8,3,Friday
1603,285,2023-10-17,59647880.0,2023,10,4,Tuesday
1604,499,2024-11-02,141283738.0,2024,11,4,Saturday
1605,432,2023-06-11,78863458.0,2023,6,2,Sunday
1606,196,2024-08-29,42838916.0,2024,8,3,Thursday
1607,169,2024-02-02,83649265.0,2024,2,1,Friday
1608,348,2024-03-16,147197466.0,2024,3,1,Saturday
1609,25,2023-04-08,65705312.0,2023,4,2,Saturday
1610,200,2024-06-13,146328199.0,2024,6,2,Thursday
1611,303,2024-01-27,288156560.0,2024,1,1,Saturday
1612,128,2024-09-07,21285836.0,2024,9,3,Saturday
1613,25,2023-01-09,109641901.0,2023,1,1,Monday
1614,210,2024-06-19,55349116.0,2024,6,2,Wednesday
1615,448,2024-02-27,85925322.0,2024,2,1,Tuesday
1616,209,2024-06-22,29872276.0,2024,6,2,Saturday
1617,77,2024-03-13,37910478.0,2024,3,1,Wednesday
1618,336,2023-05-16,175339190.0,2023,5,2,Tuesday
1619,36,2023-12-21,35039872.0,2023,12,4,Thursday
1620,54,2024-12-18,75572896.0,2024,12,4,Wednesday
1621,251,2024-03-28,16904246.0,2024,3,1,Thursday
1622,421,2024-04-20,97172515.0,2024,4,2,Saturday
1623,159,2023-06-13,170275280.0,2023,6,2,Tuesday
1624,336,2023-04-10,18752632.0,2023,4,2,Monday
1625,418,2023-05-14,145167871.0,2023,5,2,Sunday
1626,13,2024-03-29,97402352.0,2024,3,1,Friday
1627,99,2024-07-20,60219195.0,2024,7,3,Saturday
1628,21,2024-09-11,93379372.0,2024,9,3,Wednesday
1629,24,2023-05-04,254415329.0,2023,5,2,Thursday
1630,54,2024-05-21,42267212.0,2024,5,2,Tuesday
1631,379,2023-04-05,23925300.0,2023,4,2,Wednesday
1632,318,2024-01-31,0.0,2024,1,1,Wednesday
1633,439,2023-07-12,4219859.0,2023,7,3,Wednesday
1634,269,2024-05-27,0.0,2024,5,2,Monday
1635,401,2023-09-02,173732139.0,2023,9,3,Saturday
1636,89,2024-10-15,34575823.0,2024,10,4,Tuesday
1637,171,2024-02-14,57238392.0,2024,2,1,Wednesday
1638,216,2024-12-25,0.0,2024,12,4,Wednesday
1639,5,2024-11-09,44671998.0,2024,11,4,Saturday
1640,245,2023-03-11,97857589.0,2023,3,1,Saturday
1641,401,2023-02-18,28326462.0,2023,2,1,Saturday
1642,20,2024-03-08,0.0,2024,3,1,Friday
1643,62,2024-11-11,88199778.0,2024,11,4,Monday
1644,37,2023-03-15,31604590.0,2023,3,1,Wednesday
1645,1,2023-11-25,134032311.0,2023,11,4,Saturday
1646,410,2024-12-16,83957934.0,2024,12,4,Monday
1647,320,2024-05-11,35562816.0,2024,5,2,Saturday
1648,97,2023-12-04,5096790.0,2023,12,4,Monday
1649,480,2024-09-23,31740364.0,2024,9,3,Monday
1650,143,2024-06-12,7519112.0,2024,6,2,Wednesday
1651,233,2023-11-10,20038565.0,2023,11,4,Friday
1652,189,2024-04-07,19569456.0,2024,4,2,Sunday
1653,168,2023-11-24,121651227.0,2023,11,4,Friday
1654,295,2024-05-09,51724606.0,2024,5,2,Thursday
1655,184,2023-11-11,144079259.0,2023,11,4,Saturday
1656,227,2023-05-06,29442129.0,2023,5,2,Saturday
1657,105,2023-01-06,112609727.0,2023,1,1,Friday
1658,138,2023-08-16,92261386.0,2023,8,3,Wednesday
1659,3,2024-02-15,52840601.0,2024,2,1,Thursday
1660,129,2024-07-11,129085772.0,2024,7,3,Thursday
1661,59,2023-05-26,94333780.0,2023,5,2,Friday
1662,78,2024-05-20,24767267.0,2024,5,2,Monday
1663,85,2023-02-26,13247484.0,2023,2,1,Sunday
1664,308,2024-02-11,103253593.0,2024,2,1,Sunday
1665,202,2024-09-18,0.0,2024,9,3,Wednesday
1666,482,2023-09-15,45491035.0,2023,9,3,Friday
1667,218,2023-07-22,41680740.0,2023,7,3,Saturday
1668,109,2023-05-08,142758565.0,2023,5,2,Monday
1669,423,2023-01-27,59822465.0,2023,1,1,Friday
1670,306,2023-02-14,0.0,2023,2,1,Tuesday
1671,424,2024-02-26,59293770.0,2024,2,1,Monday
1672,231,2024-11-05,92375409.0,2024,11,4,Tuesday
1673,23,2024-11-29,55790678.0,2024,11,4,Friday
1674,224,2023-07-18,49733523.0,2023,7,3,Tuesday
1675,385,2024-12-20,158675301.0,2024,12,4,Friday
1676,243,2024-10-23,32693211.0,2024,10,4,Wednesday
1677,121,2024-11-07,0.0,2024,11,4,Thursday
1678,401,2023-03-19,21876170.0,2023,3,1,Sunday
1679,41,2024-08-18,306070156.0,2024,8,3,Sunday
1680,465,2023-06-10,12994809.0,2023,6,2,Saturday
1681,377,2024-01-12,0.0,2024,1,1,Friday
1682,58,2024-07-21,57533669.0,2024,7,3,Sunday
1683,154,2023-08-30,0.0,2023,8,3,Wednesday
1684,273,2023-05-05,20774897.0,2023,5,2,Friday
1685,64,2024-06-05,72952752.0,2024,6,2,Wednesday
1686,77,2023-02-22,193819425.0,2023,2,1,Wednesday
1687,82,2024-01-31,40721365.0,2024,1,1,Wednesday
1688,9,2023-01-02,121091148.0,2023,1,1,Monday
1689,395,2023-01-06,8797800.0,2023,1,1,Friday
1690,202,2023-09-13,10203866.0,2023,9,3,Wednesday
1691,60,2023-08-21,0.0,2023,8,3,Monday
1692,305,2024-05-15,94840144.0,2024,5,2,Wednesday
1693,88,2024-06-09,19725966.0,2024,6,2,Sunday
1694,104,2023-05-06,30254231.0,2023,5,2,Saturday
1695,449,2024-07-31,117200314.0,2024,7,3,Wednesday
1696,275,2024-09-05,0.0,2024,9,3,Thursday
1697,266,2024-07-18,232620749.0,2024,7,3,Thursday
1698,422,2024-05-14,20028122.0,2024,5,2,Tuesday
1699,56,2023-04-11,12105045.0,2023,4,2,Tuesday
1700,490,2024-10-02,112897287.0,2024,10,4,Wednesday
1701,297,2023-03-02,109543754.0,2023,3,1,Thursday
1702,44,2024-02-07,70169164.0,2024,2,1,Wednesday
1703,441,2024-09-28,167363923.0,2024,9,3,Saturday
1704,323,2024-08-21,0.0,2024,8,3,Wednesday
1705,434,2023-10-11,74644637.0,2023,10,4,Wednesday
1706,2,2023-09-30,47639180.0,2023,9,3,Saturday
1707,446,2024-06-06,166027086.0,2024,6,2,Thursday
1708,328,2023-02-16,0.0,2023,2,1,Thursday
1709,339,2023-06-28,55721039.0,2023,6,2,Wednesday
1710,216,2024-10-03,36650431.0,2024,10,4,Thursday
1711,47,2023-05-15,166480264.0,2023,5,2,Monday
1712,360,2024-12-08,121723742.0,2024,12,4,Sunday
1713,42,2023-07-16,21769818.0,2023,7,3,Sunday
1714,99,2024-01-19,8870536.0,2024,1,1,Friday
1715,200,2023-11-21,53425612.0,2023,11,4,Tuesday
1716,293,2024-12-14,46347324.0,2024,12,4,Saturday
1717,471,2024-12-23,0.0,2024,12,4,Monday
1718,399,2023-03-05,7901203.0,2023,3,1,Sunday
1719,157,2024-01-18,80176181.0,2024,1,1,Thursday
1720,26,2024-11-05,62646657.0,2024,11,4,Tuesday
1721,54,2024-07-21,76178855.0,2024,7,3,Sunday
1722,352,2023-01-10,6649064.0,2023,1,1,Tuesday
1723,449,2024-03-02,99348777.0,2024,3,1,Saturday
1724,459,2024-05-03,56180620.0,2024,5,2,Friday
1725,126,2024-10-15,27453385.0,2024,10,4,Tuesday
1726,45,2024-06-28,41106551.0,2024,6,2,Friday
1727,142,2024-10-31,65365979.0,2024,10,4,Thursday
1728,183,2023-06-10,23730012.0,2023,6,2,Saturday
1729,482,2024-12-19,77254334.0,2024,12,4,Thursday
1730,269,2024-04-15,85853100.0,2024,4,2,Monday
1731,134,2024-12-02,29209322.0,2024,12,4,Monday
1732,160,2024-10-10,6623728.0,2024,10,4,Thursday
1733,356,2023-11-03,26051228.0,2023,11,4,Friday
1734,126,2024-11-10,49932859.0,2024,11,4,Sunday
1735,114,2024-01-19,11285304.0,2024,1,1,Friday
1736,62,2023-05-27,35900194.0,2023,5,2,Saturday
1737,120,2023-08-21,0.0,2023,8,3,Monday
1738,462,2023-07-10,33262590.0,2023,7,3,Monday
1739,339,2024-05-18,97016367.0,2024,5,2,Saturday
1740,393,2023-10-01,18706477.0,2023,10,4,Sunday
1741,215,2024-12-29,41081069.0,2024,12,4,Sunday
1742,500,2024-04-09,129510876.0,2024,4,2,Tuesday
1743,431,2024-07-18,42907920.0,2024,7,3,Thursday
1744,82,2023-02-02,70365536.0,2023,2,1,Thursday
1745,364,2024-09-22,10295088.0,2024,9,3,Sunday
1746,190,2023-05-23,207165063.0,2023,5,2,Tuesday
1747,81,2023-07-04,54109927.0,2023,7,3,Tuesday
1748,88,2024-04-07,48730595.0,2024,4,2,Sunday
1749,452,2024-01-16,114857244.0,2024,1,1,Tuesday
1750,104,2023-04-09,59272236.0,2023,4,2,Sunday
1751,234,2024-08-21,63179926.0,2024,8,3,Wednesday
1752,198,2024-08-02,9572571.0,2024,8,3,Friday
1753,414,2024-07-19,18835630.0,2024,7,3,Friday
1754,462,2023-10-22,93557082.0,2023,10,4,Sunday
1755,269,2023-06-10,70204989.0,2023,6,2,Saturday
1756,133,2024-04-21,82611947.0,2024,4,2,Sunday
1757,447,2024-06-04,124256182.0,2024,6,2,Tuesday
1758,29,2023-11-10,180843449.0,2023,11,4,Friday
1759,385,2023-02-10,666805.0,2023,2,1,Friday
1760,278,2023-08-27,32965096.0,2023,8,3,Sunday
1761,72,2023-01-13,0.0,2023,1,1,Friday
1762,463,2024-07-19,211262734.0,2024,7,3,Friday
1763,238,2024-08-22,83365732.0,2024,8,3,Thursday
1764,19,2023-07-19,0.0,2023,7,3,Wednesday
1765,82,2023-10-18,0.0,2023,10,4,Wednesday
1766,246,2024-12-09,111063648.0,2024,12,4,Monday
1767,409,2023-06-12,70387414.0,2023,6,2,Monday
1768,159,2023-09-02,33343595.0,2023,9,3,Saturday
1769,473,2023-05-09,163879124.0,2023,5,2,Tuesday
1770,233,2023-07-29,75727501.0,2023,7,3,Saturday
1771,3,2023-02-27,5644731.0,2023,2,1,Monday
1772,351,2023-05-29,44766650.0,2023,5,2,Monday
1773,102,2024-07-31,47015467.0,2024,7,3,Wednesday
1774,388,2024-12-02,136594008.0,2024,12,4,Monday
1775,43,2023-05-01,158035495.0,2023,5,2,Monday
1776,55,2023-08-17,15926392.0,2023,8,3,Thursday
1777,433,2024-04-01,20851383.0,2024,4,2,Monday
1778,446,2024-03-14,79455678.0,2024,3,1,Thursday
1779,328,2023-05-27,81641162.0,2023,5,2,Saturday
1780,306,2023-07-16,139063122.0,2023,7,3,Sunday
1781,282,2023-01-04,31545491.0,2023,1,1,Wednesday
1782,435,2023-04-29,54914974.0,2023,4,2,Saturday
1783,338,2023-06-23,29294382.0,2023,6,2,Friday
1784,463,2024-07-22,85594015.0,2024,7,3,Monday
1785,466,2024-03-15,45436942.0,2024,3,1,Friday
1786,489,2024-11-17,29327196.0,2024,11,4,Sunday
1787,255,2024-11-10,0.0,2024,11,4,Sunday
1788,84,2024-04-07,9894892.0,2024,4,2,Sunday
1789,236,2023-11-30,77002060.0,2023,11,4,Thursday
1790,148,2023-07-19,25283851.0,2023,7,3,Wednesday
1791,390,2024-07-16,248562838.0,2024,7,3,Tuesday
1792,243,2023-09-29,80270138.0,2023,9,3,Friday
1793,490,2024-02-09,16786026.0,2024,2,1,Friday
1794,438,2024-07-18,0.0,2024,7,3,Thursday
1795,469,2024-07-12,21146178.0,2024,7,3,Friday
1796,393,2023-04-26,28086212.0,2023,4,2,Wednesday
1797,318,2023-12-20,52705601.0,2023,12,4,Wednesday
1798,324,2024-06-02,129633439.0,2024,6,2,Sunday
1799,115,2023-06-19,94504824.0,2023,6,2,Monday
1800,429,2024-04-19,21366687.0,2024,4,2,Friday
1801,18,2024-01-01,10263906.0,2024,1,1,Monday
1802,44,2023-08-23,103683156.0,2023,8,3,Wednesday
1803,235,2023-10-11,6724748.0,2023,10,4,Wednesday
1804,206,2024-01-24,157715030.0,2024,1,1,Wednesday
1805,390,2023-03-21,131768089.0,2023,3,1,Tuesday
1806,262,2023-02-26,74521447.0,2023,2,1,Sunday
1807,390,2023-04-10,0.0,2023,4,2,Monday
1808,334,2023-06-28,90487159.0,2023,6,2,Wednesday
1809,92,2023-12-10,136645039.0,2023,12,4,Sunday
1810,197,2023-10-26,87045605.0,2023,10,4,Thursday
1811,54,2024-07-12,0.0,2024,7,3,Friday
1812,166,2023-08-28,102037223.0,2023,8,3,Monday
1813,499,2024-09-25,20060592.0,2024,9,3,Wednesday
1814,75,2023-12-12,73224727.0,2023,12,4,Tuesday
1815,223,2023-02-06,98247745.0,2023,2,1,Monday
1816,46,2024-02-13,208975491.0,2024,2,1,Tuesday
1817,127,2023-02-04,8962124.0,2023,2,1,Saturday
1818,170,2023-10-06,53931329.0,2023,10,4,Friday
1819,492,2024-06-18,94528689.0,2024,6,2,Tuesday
1820,152,2024-03-31,19917248.0,2024,3,1,Sunday
1821,346,2023-12-03,34096770.0,2023,12,4,Sunday
1822,86,2023-02-15,22853440.0,2023,2,1,Wednesday
1823,298,2023-03-08,0.0,2023,3,1,Wednesday
1824,99,2023-09-25,94615836.0,2023,9,3,Monday
1825,251,2024-06-25,39871283.0,2024,6,2,Tuesday
1826,444,2024-01-23,145623813.0,2024,1,1,Tuesday
1827,30,2024-11-29,82029349.0,2024,11,4,Friday
1828,436,2024-07-21,117568624.0,2024,7,3,Sunday
1829,5,2023-08-04,2468301.0,2023,8,3,Friday
1830,34,2024-10-14,55304508.0,2024,10,4,Monday
1831,48,2024-11-19,14197725.0,2024,11,4,Tuesday
1832,308,2024-03-11,98619802.0,2024,3,1,Monday
1833,251,2024-06-17,104594348.0,2024,6,2,Monday
1834,230,2023-05-19,63027976.0,2023,5,2,Friday
1835,70,2023-09-09,148834422.0,2023,9,3,Saturday
1836,128,2023-05-08,68820829.0,2023,5,2,Monday
1837,170,2023-07-30,114484781.0,2023,7,3,Sunday
1838,307,2023-07-31,99738812.0,2023,7,3,Monday
1839,197,2024-08-28,157950702.0,2024,8,3,Wednesday
1840,91,2024-04-19,56810720.0,2024,4,2,Friday
1841,283,2024-02-01,36187859.0,2024,2,1,Thursday
1842,402,2024-02-13,82853790.0,2024,2,1,Tuesday
1843,352,2023-12-14,139349080.0,2023,12,4,Thursday
1844,480,2024-02-23,52009752.0,2024,2,1,Friday
1845,407,2024-08-24,170036274.0,2024,8,3,Saturday
1846,43,2023-10-25,45587864.0,2023,10,4,Wednesday
1847,245,2024-11-11,31253228.0,2024,11,4,Monday
1848,386,2023-12-24,53533780.0,2023,12,4,Sunday
1849,31,2024-08-22,67083597.0,2024,8,3,Thursday
1850,224,2023-10-29,159980245.0,2023,10,4,Sunday
1851,82,2024-02-15,0.0,2024,2,1,Thursday
1852,395,2024-11-28,20356888.0,2024,11,4,Thursday
1853,482,2024-02-24,90806204.0,2024,2,1,Saturday
1854,72,2023-05-20,12392727.0,2023,5,2,Saturday
1855,143,2023-06-11,108065609.0,2023,6,2,Sunday
1856,499,2024-08-22,24322960.0,2024,8,3,Thursday
1857,368,2024-02-13,53586145.0,2024,2,1,Tuesday
1858,288,2024-10-11,164339380.0,2024,10,4,Friday
1859,103,2023-03-28,6533404.0,2023,3,1,Tuesday
1860,29,2023-03-30,10950400.0,2023,3,1,Thursday
1861,492,2024-04-06,75823790.0,2024,4,2,Saturday
1862,133,2023-04-13,15347256.0,2023,4,2,Thursday
1863,244,2024-11-15,78398999.0,2024,11,4,Friday
1864,203,2023-09-08,14625267.0,2023,9,3,Friday
1865,340,2024-09-03,77519791.0,2024,9,3,Tuesday
1866,129,2023-06-04,12586350.0,2023,6,2,Sunday
1867,406,2024-11-12,40087125.0,2024,11,4,Tuesday
1868,404,2024-10-12,4915264.0,2024,10,4,Saturday
1869,252,2023-06-04,29329898.0,2023,6,2,Sunday
1870,470,2023-05-10,102010496.0,2023,5,2,Wednesday
1871,365,2023-07-19,11657849.0,2023,7,3,Wednesday
1872,357,2023-12-01,55271996.0,2023,12,4,Friday
1873,156,2024-11-28,45243938.0,2024,11,4,Thursday
1874,404,2023-08-03,0.0,2023,8,3,Thursday
1875,62,2023-01-15,114595106.0,2023,1,1,Sunday
1876,140,2024-11-10,51481131.0,2024,11,4,Sunday
1877,182,2024-09-03,7983458.0,2024,9,3,Tuesday
1878,17,2023-02-26,71504705.0,2023,2,1,Sunday
1879,249,2023-05-24,23949774.0,2023,5,2,Wednesday
1880,200,2023-12-05,93851142.0,2023,12,4,Tuesday
1881,359,2024-06-26,76412913.0,2024,6,2,Wednesday
1882,138,2023-10-02,72833413.0,2023,10,4,Monday
1883,499,2024-12-05,22433052.0,2024,12,4,Thursday
1884,264,2023-04-30,73163116.0,2023,4,2,Sunday
1885,346,2024-06-05,19500356.0,2024,6,2,Wednesday
1886,234,2023-03-23,43158650.0,2023,3,1,Thursday
1887,318,2023-09-16,85597679.0,2023,9,3,Saturday
1888,247,2024-07-23,80846207.0,2024,7,3,Tuesday
1889,206,2023-01-26,117124404.0,2023,1,1,Thursday
1890,282,2023-04-10,24901019.0,2023,4,2,Monday
1891,276,2024-10-09,124110072.0,2024,10,4,Wednesday
1892,366,2023-04-22,14161961.0,2023,4,2,Saturday
1893,453,2024-08-03,188397365.0,2024,8,3,Saturday
1894,224,2023-06-25,19861658.0,2023,6,2,Sunday
1895,448,2023-07-01,27789684.0,2023,7,3,Saturday
1896,391,2023-06-14,114999900.0,2023,6,2,Wednesday
1897,350,2023-04-02,171568641.0,2023,4,2,Sunday
1898,271,2024-01-12,69743953.0,2024,1,1,Friday
1899,481,2024-05-01,57587890.0,2024,5,2,Wednesday
1900,137,2024-09-20,0.0,2024,9,3,Friday
1901,26,2024-04-24,91175700.0,2024,4,2,Wednesday
1902,389,2023-12-06,45183460.0,2023,12,4,Wednesday
1903,248,2024-10-18,44762736.0,2024,10,4,Friday
1904,70,2024-03-19,119833966.0,2024,3,1,Tuesday
1905,251,2024-03-10,0.0,2024,3,1,Sunday
1906,292,2024-04-16,90715914.0,2024,4,2,Tuesday
1907,34,2024-10-02,20246036.0,2024,10,4,Wednesday
1908,344,2024-08-06,0.0,2024,8,3,Tuesday
1909,365,2024-03-19,122248816.0,2024,3,1,Tuesday
1910,355,2024-02-27,98258393.0,2024,2,1,Tuesday
1911,306,2023-03-11,192508022.0,2023,3,1,Saturday
1912,86,2023-10-13,154928981.0,2023,10,4,Friday
1913,397,2023-03-15,0.0,2023,3,1,Wednesday
1914,292,2023-02-16,58428984.0,2023,2,1,Thursday
1915,230,2024-06-06,65312078.0,2024,6,2,Thursday
1916,409,2024-02-15,15350880.0,2024,2,1,Thursday
1917,190,2023-03-07,67702416.0,2023,3,1,Tuesday
1918,106,2023-10-12,1093520.0,2023,10,4,Thursday
1919,448,2024-01-09,28088126.0,2024,1,1,Tuesday
1920,312,2024-01-18,100210389.0,2024,1,1,Thursday
1921,395,2023-11-26,15820008.0,2023,11,4,Sunday
1922,14,2024-07-11,131219281.0,2024,7,3,Thursday
1923,91,2024-01-13,33225998.0,2024,1,1,Saturday
1924,133,2024-05-01,14858540.0,2024,5,2,Wednesday
1925,495,2023-02-27,21688894.0,2023,2,1,Monday
1926,73,2024-02-13,145368417.0,2024,2,1,Tuesday
1927,489,2024-06-13,182045876.0,2024,6,2,Thursday
1928,104,2023-01-26,65589859.0,2023,1,1,Thursday
1929,257,2024-10-03,108463999.0,2024,10,4,Thursday
1930,91,2024-03-13,29971566.0,2024,3,1,Wednesday
1931,320,2023-11-18,60914617.0,2023,11,4,Saturday
1932,493,2023-01-19,5915583.0,2023,1,1,Thursday
1933,365,2024-04-08,39628035.0,2024,4,2,Monday
1934,73,2024-05-29,94640554.0,2024,5,2,Wednesday
1935,263,2023-09-17,0.0,2023,9,3,Sunday
1936,54,2024-08-07,182954318.0,2024,8,3,Wednesday
1937,306,2023-06-01,84304839.0,2023,6,2,Thursday
1938,48,2024-06-17,56052454.0,2024,6,2,Monday
1939,434,2023-08-07,58748728.0,2023,8,3,Monday
1940,354,2023-07-28,12082256.0,2023,7,3,Friday
1941,225,2023-10-03,28838053.0,2023,10,4,Tuesday
1942,284,2024-02-16,94865856.0,2024,2,1,Friday
1943,348,2024-05-17,84589758.0,2024,5,2,Friday
1944,78,2024-10-05,23157592.0,2024,10,4,Saturday
1945,249,2023-09-29,67757420.0,2023,9,3,Friday
1946,124,2024-09-25,143541535.0,2024,9,3,Wednesday
1947,360,2023-07-27,23324805.0,2023,7,3,Thursday
1948,78,2023-12-07,26664503.0,2023,12,4,Thursday
1949,480,2023-12-06,0.0,2023,12,4,Wednesday
1950,200,2023-10-03,70779596.0,2023,10,4,Tuesday
1951,54,2024-04-06,107183089.0,2024,4,2,Saturday
1952,75,2023-05-06,27884490.0,2023,5,2,Saturday
1953,229,2023-10-03,85932860.0,2023,10,4,Tuesday
1954,173,2024-09-20,97944220.0,2024,9,3,Friday
1955,134,2024-05-02,0.0,2024,5,2,Thursday
1956,202,2023-06-30,126630063.0,2023,6,2,Friday
1957,40,2024-10-04,24112480.0,2024,10,4,Friday
1958,182,2024-05-02,77132188.0,2024,5,2,Thursday
1959,486,2023-11-01,0.0,2023,11,4,Wednesday
1960,335,2023-12-31,57492148.0,2023,12,4,Sunday
1961,448,2024-09-14,29504632.0,2024,9,3,Saturday
1962,137,2024-10-04,57903625.0,2024,10,4,Friday
1963,60,2023-12-04,113423408.0,2023,12,4,Monday
1964,320,2024-11-20,7553557.0,2024,11,4,Wednesday
1965,410,2023-11-19,12295550.0,2023,11,4,Sunday
1966,258,2024-08-18,20552298.0,2024,8,3,Sunday
1967,455,2023-09-25,80523035.0,2023,9,3,Monday
1968,45,2023-06-25,72546956.0,2023,6,2,Sunday
1969,221,2023-05-10,35289164.0,2023,5,2,Wednesday
1970,110,2024-06-10,102763592.0,2024,6,2,Monday
1971,364,2024-02-06,0.0,2024,2,1,Tuesday
1972,470,2023-12-31,198993673.0,2023,12,4,Sunday
1973,333,2023-05-19,116942016.0,2023,5,2,Friday
1974,104,2024-03-30,91407173.0,2024,3,1,Saturday
1975,460,2023-06-26,0.0,2023,6,2,Monday
1976,362,2024-09-20,22746546.0,2024,9,3,Friday
1977,94,2024-12-12,235990546.0,2024,12,4,Thursday
1978,484,2024-08-16,88133067.0,2024,8,3,Friday
1979,139,2024-05-17,66907680.0,2024,5,2,Friday
1980,98,2023-01-08,71992653.0,2023,1,1,Sunday
1981,341,2023-03-12,155605828.0,2023,3,1,Sunday
1982,42,2024-06-30,186779211.0,2024,6,2,Sunday
1983,40,2023-07-08,124973361.0,2023,7,3,Saturday
1984,402,2024-07-26,3817223.0,2024,7,3,Friday
1985,454,2023-10-19,17595692.0,2023,10,4,Thursday
1986,402,2023-12-29,66534382.0,2023,12,4,Friday
1987,115,2023-12-13,0.0,2023,12,4,Wednesday
1988,139,2023-04-19,84352998.0,2023,4,2,Wednesday
1989,29,2024-03-28,31315185.0,2024,3,1,Thursday
1990,38,2024-08-01,123490185.0,2024,8,3,Thursday
1991,65,2024-01-25,35652087.0,2024,1,1,Thursday
1992,305,2023-03-12,132987748.0,2023,3,1,Sunday
1993,453,2024-01-11,11402565.0,2024,1,1,Thursday
1994,197,2023-03-19,77227578.0,2023,3,1,Sunday
1995,295,2024-11-30,125888963.0,2024,11,4,Saturday
1996,484,2024-07-05,37354680.0,2024,7,3,Friday
1997,379,2024-04-12,121170406.0,2024,4,2,Friday
1998,493,2023-05-20,83680104.0,2023,5,2,Saturday
1999,422,2023-06-26,82164582.0,2023,6,2,Monday
2000,36,2024-03-29,77702904.0,2024,3,1,Friday
